-100.0000000000000000 -103.2878754678889379
-99.9799979997999770 -106.9276311552467575
-99.9599959995999541 -110.4544673745696599
-99.9399939993999453 -92.5199771265725559
-99.9199919991999224 -105.9236600502604944
-99.8999899989998994 -110.0118156013097916
-99.8799879987998764 -100.9388601282084892
-99.8599859985998535 -93.0228037144946285
-99.8399839983998447 -105.3604338176247950
-99.8199819981998218 -93.3467597257812685
-99.7999799979997988 -107.9939745913842586
-99.7799779977997758 -105.9948422533882280
-99.7599759975997529 -94.9081952886606928
-99.7399739973997441 -73.8914844131592048
-99.7199719971997212 -102.9089691384520506
-99.6999699969996982 -88.1202768404872216
-99.6799679967996752 -92.5444494402361784
-99.6599659965996665 -92.5092847129388502
-99.6399639963996435 -92.8457866105583207
-99.6199619961996206 -98.4419941362991011
-99.5999599959995976 -96.0580346156652780
-99.5799579957995746 -107.2850436048981067
-99.5599559955995659 -99.9616116528808618
-99.5399539953995429 -101.2566249779968928
-99.5199519951995200 -104.5822273411658898
-99.4999499949994970 -90.9934412312512819
-99.4799479947994740 -97.8625628134898307
-99.4599459945994653 -96.0510217174201415
-99.4399439943994423 -92.9908737784330413
-99.4199419941994194 -91.7611438507749000
-99.3999399939993964 -99.7664945709340856
-99.3799379937993734 -104.6440031775084094
-99.3599359935993647 -88.0569605443695593
-99.3399339933993417 -104.3823508386157215
-99.3199319931993188 -91.6776467744636960
-99.2999299929992958 -104.2079548172941657
-99.2799279927992870 -100.1120301578279168
-99.2599259925992641 -99.4013939809481570
-99.2399239923992411 -108.2231780939241474
-99.2199219921992182 -94.8791912525866792
-99.1999199919991952 -104.3243444135037379
-99.1799179917991864 -91.3803695912080514
-99.1599159915991635 -95.7973541486099265
-99.1399139913991405 -101.0969632638887816
-99.1199119911991176 -86.5581868362799298
-99.0999099909990946 -105.4599242172810705
-99.0799079907990858 -106.1462271682287906
-99.0599059905990629 -96.1833217040954622
-99.0399039903990399 -100.0350990376822296
-99.0199019901990170 -103.4048355245187452
-98.9998999899989940 -89.2739190953405455
-98.9798979897989852 -96.7165809336867568
-98.9598959895989623 -101.2025023738661957
-98.9398939893989393 -95.6583973899658560
-98.9198919891989163 -105.0037198594969396
-98.8998899889988934 -80.2433806852921805
-98.8798879887988846 -100.5593594079147692
-98.8598859885988617 -69.6685235226809993
-98.8398839883988387 -90.8708292807753253
-98.8198819881988157 -91.2534736770964798
-98.7998799879987928 -98.3555091035904780
-98.7798779877987840 -94.9711732991625439
-98.7598759875987611 -92.5083105794589358
-98.7398739873987381 -103.0404069253743558
-98.7198719871987151 -100.7934504107797125
-98.6998699869987064 -94.5922541225116902
-98.6798679867986834 -88.0924083042690285
-98.6598659865986605 -88.4953092687020444
-98.6398639863986375 -104.1896044546602553
-98.6198619861986145 -99.0896479303306421
-98.5998599859986058 -86.8223331040524613
-98.5798579857985828 -88.4198883914020257
-98.5598559855985599 -99.7467410858621690
-98.5398539853985369 -91.9985373335347560
-98.5198519851985139 -96.3027635530495587
-98.4998499849985052 -81.4892068082497047
-98.4798479847984822 -99.0253491226812343
-98.4598459845984593 -78.8283567520768145
-98.4398439843984363 -95.6219800419690387
-98.4198419841984133 -87.0848409556216438
-98.3998399839984046 -95.1685421261382771
-98.3798379837983816 -83.2024515287527464
-98.3598359835983587 -93.2929841267650062
-98.3398339833983357 -92.2123086464500830
-98.3198319831983270 -75.1780902244640572
-98.2998299829983040 -95.9246096322966508
-98.2798279827982810 -106.0679496985543011
-98.2598259825982581 -95.9338706553474907
-98.2398239823982351 -82.5864324252540172
-98.2198219821982264 -100.6262954028526906
-98.1998199819982034 -85.7237109719102648
-98.1798179817981804 -89.0765641880338137
-98.1598159815981575 -90.3275096560632136
-98.1398139813981345 -99.0154835422275568
-98.1198119811981257 -82.2546522960120683
-98.0998099809981028 -99.5690246175088589
-98.0798079807980798 -90.3125512767937551
-98.0598059805980569 -92.8637442431765407
-98.0398039803980339 -89.2801452835304730
-98.0198019801980251 -85.6297625160054849
-97.9997999799980022 -83.4195100194352221
-97.9797979797979792 -82.4435080938990126
-97.9597959795979563 -86.5458414644674718
-97.9397939793979333 -93.7139445651451268
-97.9197919791979245 -92.4132342330207024
-97.8997899789979016 -88.9831241609876855
-97.8797879787978786 -90.6731599448050929
-97.8597859785978557 -83.2019627609354870
-97.8397839783978327 -78.4853264617237443
-97.8197819781978239 -93.4877592270412237
-97.7997799779978010 -95.4265559892224502
-97.7797779777977780 -90.6457388899028729
-97.7597759775977551 -80.5391131877040323
-97.7397739773977463 -87.2977960579434580
-97.7197719771977233 -88.9063229438070692
-97.6997699769977004 -89.5402112625208844
-97.6797679767976774 -98.5246783045771650
-97.6597659765976545 -90.0541518431548553
-97.6397639763976457 -82.3210640544262304
-97.6197619761976227 -83.2532771289359346
-97.5997599759975998 -80.4812646128826401
-97.5797579757975768 -88.1962276320029588
-97.5597559755975539 -93.9888602041812504
-97.5397539753975451 -95.3539825093798612
-97.5197519751975221 -79.5661270200398718
-97.4997499749974992 -94.2540944731020573
-97.4797479747974762 -78.7434528182429290
-97.4597459745974533 -96.1578184310193080
-97.4397439743974445 -77.0081616113667451
-97.4197419741974215 -82.2877771710789858
-97.3997399739973986 -85.5647885902595817
-97.3797379737973756 -89.4287586952627578
-97.3597359735973669 -101.2054471055303111
-97.3397339733973439 -71.5379270033074022
-97.3197319731973209 -73.5437504958018877
-97.2997299729972980 -106.6379926769198363
-97.2797279727972750 -75.6089306756843342
-97.2597259725972663 -78.1806200399170734
-97.2397239723972433 -78.1272769970440351
-97.2197219721972203 -90.3559296582217542
-97.1997199719971974 -92.3110978989503650
-97.1797179717971744 -78.4110049626045083
-97.1597159715971657 -90.8486476300589345
-97.1397139713971427 -92.7267538756600658
-97.1197119711971197 -75.7733224287489406
-97.0997099709970968 -90.3821217612961760
-97.0797079707970738 -81.5252755345661484
-97.0597059705970651 -85.1178767241743799
-97.0397039703970421 -96.0325546070910718
-97.0197019701970191 -80.4128680849176902
-96.9996999699969962 -84.5027190094190814
-96.9796979697969732 -75.8455255819465464
-96.9596959695969645 -76.1470030702516993
-96.9396939693969415 -87.9874356740014605
-96.9196919691969185 -87.7669257276359644
-96.8996899689968956 -74.0988462655989224
-96.8796879687968726 -81.2452905686910185
-96.8596859685968639 -87.4279414453274057
-96.8396839683968409 -86.0469977019465091
-96.8196819681968179 -71.4397055708998181
-96.7996799679967950 -68.9781517459798721
-96.7796779677967862 -94.6015781157076816
-96.7596759675967633 -90.5072468311468299
-96.7396739673967403 -70.0623584622833846
-96.7196719671967173 -80.6753086966201636
-96.6996699669966944 -74.6782056714477562
-96.6796679667966856 -81.3409483801100635
-96.6596659665966627 -83.4707733553850062
-96.6396639663966397 -82.8767942955449257
-96.6196619661966167 -94.8314869370788927
-96.5996599659965938 -81.0703017259806842
-96.5796579657965850 -75.5371882902374381
-96.5596559655965621 -68.9187062924266201
-96.5396539653965391 -89.0763050323499925
-96.5196519651965161 -78.8698369567339199
-96.4996499649964932 -75.8972947902466757
-96.4796479647964844 -69.1853312100400473
-96.4596459645964615 -69.8325569751270905
-96.4396439643964385 -63.8138592990953413
-96.4196419641964155 -91.3777074443198387
-96.3996399639964068 -90.1612110143235270
-96.3796379637963838 -64.5359367621953197
-96.3596359635963609 -78.5126978757871399
-96.3396339633963379 -78.8253398369781024
-96.3196319631963149 -90.6735519723955292
-96.2996299629963062 -75.5505438287713957
-96.2796279627962832 -92.8625647215773995
-96.2596259625962603 -81.0098777859215033
-96.2396239623962373 -89.0140006770148773
-96.2196219621962143 -87.6987659597319578
-96.1996199619962056 -85.4590276174382097
-96.1796179617961826 -88.0432285090365099
-96.1596159615961597 -78.1197388481819814
-96.1396139613961367 -76.2397921042460496
-96.1196119611961137 -72.4492651979153237
-96.0996099609961050 -87.2298702953328302
-96.0796079607960820 -70.7435469020269494
-96.0596059605960590 -69.1541433594422017
-96.0396039603960361 -77.1395201129120238
-96.0196019601960131 -70.4275467350135500
-95.9995999599960044 -78.8415453206119707
-95.9795979597959814 -87.0717870659734956
-95.9595959595959584 -82.5935390902355380
-95.9395939593959355 -84.4006445251640116
-95.9195919591959125 -68.2481953305869240
-95.8995899589959038 -95.8407521795871276
-95.8795879587958808 -78.1232305822397848
-95.8595859585958578 -71.4928470505463309
-95.8395839583958349 -77.7867627548122158
-95.8195819581958119 -84.7814066689067545
-95.7995799579958032 -62.8637091847134215
-95.7795779577957802 -60.6604024463528262
-95.7595759575957572 -72.6724887018490051
-95.7395739573957343 -70.3499035522269196
-95.7195719571957255 -86.5392659255552843
-95.6995699569957026 -69.4992118072888445
-95.6795679567956796 -62.3431203970805683
-95.6595659565956566 -75.0522114830173308
-95.6395639563956337 -90.9790151888546887
-95.6195619561956249 -72.6417548992488236
-95.5995599559956020 -71.1735522388198518
-95.5795579557955790 -78.6389144251848791
-95.5595559555955560 -78.9135277501618191
-95.5395539553955331 -70.6593178390627230
-95.5195519551955243 -77.0312950674659902
-95.4995499549955014 -68.2812040681522632
-95.4795479547954784 -67.9566711424914303
-95.4595459545954554 -77.6569338156015192
-95.4395439543954467 -69.1745062236387582
-95.4195419541954237 -81.4967778646612828
-95.3995399539954008 -77.5291456228878388
-95.3795379537953778 -77.5827994759731183
-95.3595359535953548 -75.0308259084319644
-95.3395339533953461 -69.1736314136705772
-95.3195319531953231 -78.2010609183242309
-95.2995299529953002 -71.1018534805686073
-95.2795279527952772 -64.0159612045754329
-95.2595259525952542 -62.1151913631698918
-95.2395239523952455 -81.3600455098686979
-95.2195219521952225 -58.1922096261301647
-95.1995199519951996 -71.8360985851566483
-95.1795179517951766 -63.2717094038719523
-95.1595159515951536 -58.5731294281192874
-95.1395139513951449 -77.6680028509176310
-95.1195119511951219 -66.9004812332679961
-95.0995099509950990 -82.1028769101886127
-95.0795079507950760 -73.3104710811355744
-95.0595059505950530 -74.7498077586061385
-95.0395039503950443 -78.6171135179417462
-95.0195019501950213 -56.2575829387226847
-94.9994999499949984 -83.7421328886208016
-94.9794979497949754 -85.8742746667080183
-94.9594959495949524 -48.2256171747351203
-94.9394939493949437 -63.9653316112477839
-94.9194919491949207 -65.9393431099353649
-94.8994899489948978 -80.4993235595241288
-94.8794879487948748 -71.4820911247624053
-94.8594859485948518 -69.5448150734955277
-94.8394839483948431 -77.5172171335451452
-94.8194819481948201 -75.1878930490505155
-94.7994799479947972 -75.3893625796253275
-94.7794779477947742 -85.4218189722214021
-94.7594759475947654 -52.6821993329390210
-94.7394739473947425 -63.6756155797985173
-94.7194719471947195 -66.1137804309559129
-94.6994699469946966 -76.3223880297357198
-94.6794679467946736 -78.6502338624285358
-94.6594659465946648 -63.8088096010433787
-94.6394639463946419 -90.1235837816900158
-94.6194619461946189 -74.2707711095098944
-94.5994599459945960 -65.5653993515103934
-94.5794579457945730 -61.1304393782017570
-94.5594559455945642 -59.5885464467618320
-94.5394539453945413 -65.5817966870825586
-94.5194519451945183 -67.3213741625335587
-94.4994499449944954 -66.1006191515456720
-94.4794479447944866 -82.2308526948614400
-94.4594459445944636 -58.5702984005523035
-94.4394439443944407 -54.6075484359424763
-94.4194419441944177 -61.8773787281707257
-94.3994399439943948 -64.7407933984461437
-94.3794379437943860 -64.6760197632477087
-94.3594359435943630 -67.8368405728608792
-94.3394339433943401 -69.9893303889494973
-94.3194319431943171 -74.6630891294324215
-94.2994299429942942 -80.5648779147749394
-94.2794279427942854 -70.3452612701234727
-94.2594259425942624 -68.1816279489221557
-94.2394239423942395 -64.2618769854684331
-94.2194219421942165 -81.5445570842764198
-94.1994199419941936 -75.6019669642702752
-94.1794179417941848 -75.2600726273800831
-94.1594159415941618 -57.7936325282084624
-94.1394139413941389 -56.3129735014968560
-94.1194119411941159 -52.3630939648473586
-94.0994099409940929 -62.0409786168015387
-94.0794079407940842 -66.2926630113963427
-94.0594059405940612 -78.0938158511958562
-94.0394039403940383 -64.3336542716410662
-94.0194019401940153 -58.8791848866555370
-93.9993999399939923 -62.1967479128748835
-93.9793979397939836 -64.1869521125454270
-93.9593959395939606 -82.9146931270346954
-93.9393939393939377 -79.3144976604177714
-93.9193919391939147 -58.2090744370712585
-93.8993899389938917 -70.9499835217565504
-93.8793879387938830 -75.9170714120830326
-93.8593859385938600 -73.5001623574748209
-93.8393839383938371 -61.6094506365164492
-93.8193819381938141 -65.1342213078760466
-93.7993799379938054 -76.8356767024974232
-93.7793779377937824 -58.1563313896311769
-93.7593759375937594 -59.4485331088938693
-93.7393739373937365 -58.4067906974925393
-93.7193719371937135 -65.5747472529323829
-93.6993699369937048 -47.6872974029907510
-93.6793679367936818 -59.7547309727362119
-93.6593659365936588 -59.4481070145530737
-93.6393639363936359 -51.7018927819057552
-93.6193619361936129 -65.0189114549553722
-93.5993599359936042 -52.0373723313172150
-93.5793579357935812 -54.3191880361146460
-93.5593559355935582 -53.7204117363101332
-93.5393539353935353 -54.6225243739073534
-93.5193519351935265 -52.2705494583880181
-93.4993499349935036 -57.4922398760924693
-93.4793479347934806 -67.0686672241846793
-93.4593459345934576 -66.9016575204655481
-93.4393439343934347 -44.0716521533806116
-93.4193419341934259 -57.6714513814166594
-93.3993399339934030 -50.2305806012785041
-93.3793379337933800 -70.8103254393109580
-93.3593359335933570 -57.5790160110786218
-93.3393339333933341 -73.6884018611283551
-93.3193319331933253 -63.5397697133246879
-93.2993299329933024 -52.9372914884032539
-93.2793279327932794 -66.4025416750735360
-93.2593259325932564 -51.6223779310993791
-93.2393239323932335 -62.8187765959110394
-93.2193219321932247 -49.7469875711822880
-93.1993199319932017 -70.5971764455320709
-93.1793179317931788 -38.5704332400631245
-93.1593159315931558 -55.7630313210383832
-93.1393139313931329 -47.1558750089056602
-93.1193119311931241 -66.1129434890907248
-93.0993099309931011 -60.7327426199945037
-93.0793079307930782 -53.8452518436102139
-93.0593059305930552 -63.7536677566654504
-93.0393039303930323 -65.5821431122566594
-93.0193019301930235 -43.6497119625598557
-92.9992999299930005 -46.5385940191758749
-92.9792979297929776 -42.4456548287720352
-92.9592959295929546 -77.3431265656010538
-92.9392939293929317 -47.2891822628269409
-92.9192919291929229 -59.0261649550591017
-92.8992899289928999 -45.0535797346033462
-92.8792879287928770 -57.7444669884802479
-92.8592859285928540 -61.5561758611216234
-92.8392839283928453 -60.2212256289761925
-92.8192819281928223 -42.8413549054374556
-92.7992799279927993 -61.4931330754317855
-92.7792779277927764 -55.8770617253135526
-92.7592759275927534 -52.9221186186273087
-92.7392739273927447 -44.3977533461123812
-92.7192719271927217 -56.7371654190175079
-92.6992699269926987 -66.5757736895503598
-92.6792679267926758 -60.8058305915748889
-92.6592659265926528 -63.5444596115792990
-92.6392639263926441 -57.9509394655191912
-92.6192619261926211 -62.0957646920156492
-92.5992599259925981 -54.7017580975019371
-92.5792579257925752 -60.2431324637536960
-92.5592559255925664 -53.8733929458079714
-92.5392539253925435 -46.2162669915394133
-92.5192519251925205 -55.8899569345113392
-92.4992499249924975 -36.6982531732940345
-92.4792479247924746 -60.9979237990429795
-92.4592459245924658 -40.7321149987849296
-92.4392439243924429 -55.4887557130902351
-92.4192419241924199 -60.0415738184149603
-92.3992399239923969 -36.0178827852767824
-92.3792379237923740 -51.9614440077004502
-92.3592359235923652 -71.9219044720197331
-92.3392339233923423 -40.5532552514631419
-92.3192319231923193 -55.4687626952938828
-92.2992299229922963 -70.1421224613062293
-92.2792279227922734 -60.6427711608721083
-92.2592259225922646 -58.3960403106843984
-92.2392239223922417 -55.5612837920493376
-92.2192219221922187 -52.6079285278387871
-92.1992199219921957 -51.0616216882929379
-92.1792179217921728 -61.3437006807383938
-92.1592159215921640 -59.1549796141135715
-92.1392139213921411 -50.4647202223894311
-92.1192119211921181 -51.6583080683724702
-92.0992099209920951 -63.0681637312248142
-92.0792079207920722 -59.0042965056206228
-92.0592059205920634 -61.2314994231582546
-92.0392039203920405 -50.4767321646793761
-92.0192019201920175 -47.6428324814391999
-91.9991999199919945 -52.4015002215270016
-91.9791979197919716 -59.1033691494633402
-91.9591959195919628 -50.2940373385021147
-91.9391939193919399 -47.6299058976385083
-91.9191919191919169 -47.3396506902140288
-91.8991899189918939 -58.4018094598774837
-91.8791879187918710 -59.2668146692033346
-91.8591859185918622 -51.0026214706871954
-91.8391839183918393 -53.6977650119429697
-91.8191819181918163 -54.3799588833507883
-91.7991799179917933 -43.8846447325772928
-91.7791779177917846 -51.4162357875436271
-91.7591759175917616 -41.4650812429488340
-91.7391739173917387 -47.8832130160991127
-91.7191719171917157 -57.2745326420919270
-91.6991699169916927 -45.8933614487307082
-91.6791679167916840 -51.5829340421962996
-91.6591659165916610 -42.2583120890033967
-91.6391639163916381 -67.6524347702607969
-91.6191619161916151 -48.6752441312436943
-91.5991599159916063 -47.3618445761801183
-91.5791579157915834 -41.2798168702991362
-91.5591559155915604 -61.8884227045053734
-91.5391539153915375 -66.7718003401302695
-91.5191519151915145 -37.0886624409132466
-91.4991499149915057 -41.4379003668393011
-91.4791479147914828 -40.8097128469842971
-91.4591459145914598 -40.8038160982293618
-91.4391439143914369 -60.3086994648090382
-91.4191419141914139 -26.7981762923365956
-91.3991399139914051 -50.9917462904813945
-91.3791379137913822 -36.5985538980593716
-91.3591359135913592 -43.2870709806218699
-91.3391339133913363 -44.5093852583672387
-91.3191319131913133 -49.5236182089673207
-91.2991299129913045 -43.7305320601878265
-91.2791279127912816 -43.8002289781435010
-91.2591259125912586 -59.0612131845785342
-91.2391239123912356 -47.0046862079221484
-91.2191219121912127 -32.8136110604124625
-91.1991199119912039 -26.2909618541124921
-91.1791179117911810 -44.3706984256418338
-91.1591159115911580 -46.1894705610603538
-91.1391139113911350 -39.4158814884228548
-91.1191119111911121 -60.7119531089952815
-91.0991099109911033 -37.2705650319782507
-91.0791079107910804 -33.1729593538062986
-91.0591059105910574 -44.6240778372073237
-91.0391039103910344 -38.7446485206680435
-91.0191019101910115 -42.3994960567882089
-90.9990999099910027 -50.3634613249782106
-90.9790979097909798 -40.4203149634902061
-90.9590959095909568 -38.3600683263238125
-90.9390939093909338 -45.0282419835943983
-90.9190919091909109 -54.6508376683243426
-90.8990899089909021 -36.6530719772755091
-90.8790879087908792 -28.2228397501165560
-90.8590859085908562 -32.2915564597692821
-90.8390839083908332 -38.5842130953147944
-90.8190819081908245 -60.2508447258522679
-90.7990799079908015 -31.9351644748307955
-90.7790779077907786 -51.2567281668118682
-90.7590759075907556 -63.3419436580147064
-90.7390739073907326 -48.2963267740949931
-90.7190719071907239 -39.6543130528162990
-90.6990699069907009 -55.1150827926924336
-90.6790679067906780 -46.7914705155330211
-90.6590659065906550 -40.3871695190498983
-90.6390639063906463 -50.5016762981027156
-90.6190619061906233 -41.5460378497263889
-90.5990599059906003 -39.7292999226794308
-90.5790579057905774 -45.5845514352736600
-90.5590559055905544 -46.4644083201496159
-90.5390539053905457 -41.8091310972643981
-90.5190519051905227 -24.5755451185637384
-90.4990499049904997 -22.8810547848396588
-90.4790479047904768 -39.5294692185830314
-90.4590459045904538 -23.9970710463988617
-90.4390439043904451 -39.7540900833744217
-90.4190419041904221 -43.1030727685294011
-90.3990399039903991 -38.5367531273340802
-90.3790379037903762 -37.1079518114054707
-90.3590359035903532 -39.3868939555756583
-90.3390339033903444 -35.1340597023007462
-90.3190319031903215 -36.1416469634589745
-90.2990299029902985 -35.6069035518358206
-90.2790279027902756 -45.6448031432174730
-90.2590259025902526 -44.4124354895925180
-90.2390239023902438 -42.3045087997188816
-90.2190219021902209 -33.1638542894422415
-90.1990199019901979 -45.7609735887219315
-90.1790179017901750 -55.0433180437432554
-90.1590159015901520 -44.6745175999347737
-90.1390139013901432 -34.1260125262838514
-90.1190119011901203 -38.6287473484968515
-90.0990099009900973 -47.7873715545173781
-90.0790079007900744 -35.8346010887695243
-90.0590059005900514 -29.6771069115463391
-90.0390039003900426 -61.2971523820748558
-90.0190019001900197 -39.9894185021511106
-89.9989998999899967 -46.9453271227457307
-89.9789978997899738 -44.9980432683689955
-89.9589958995899508 -47.3343086173999907
-89.9389938993899420 -39.6925358789247866
-89.9189918991899191 -33.2539319347024716
-89.8989898989898961 -36.0323530002938739
-89.8789878987898732 -28.4536898067545785
-89.8589858985898644 -43.1200566441375912
-89.8389838983898414 -50.1831184254431548
-89.8189818981898185 -23.8381228406654131
-89.7989798979897955 -40.2267490852545606
-89.7789778977897726 -36.4978821690359609
-89.7589758975897638 -40.2371604576247321
-89.7389738973897408 -36.2830493372561733
-89.7189718971897179 -51.2163297143945044
-89.6989698969896949 -32.3604371962894817
-89.6789678967896862 -36.9345338314640586
-89.6589658965896632 -23.9487829366401073
-89.6389638963896402 -34.8895219838065103
-89.6189618961896173 -37.0346391579262786
-89.5989598959895943 -40.3783257815731460
-89.5789578957895856 -29.6022294850090475
-89.5589558955895626 -35.5652212380854991
-89.5389538953895396 -32.0319331809540628
-89.5189518951895167 -43.8365477134274215
-89.4989498949894937 -50.5615132841023680
-89.4789478947894850 -39.1648497570514706
-89.4589458945894620 -30.5573198210409842
-89.4389438943894390 -47.9830348453897670
-89.4189418941894161 -33.5783810008377017
-89.3989398939893931 -44.1178311028960692
-89.3789378937893844 -33.7489510192454318
-89.3589358935893614 -27.6636416493438695
-89.3389338933893384 -41.4183886330439677
-89.3189318931893155 -33.6800092310784862
-89.2989298929892925 -40.3157618343004742
-89.2789278927892838 -44.1270753867273768
-89.2589258925892608 -47.8616887917084597
-89.2389238923892378 -34.2784543497064931
-89.2189218921892149 -31.1916352500207203
-89.1989198919891919 -43.0446190515610780
-89.1789178917891832 -40.7208049822555083
-89.1589158915891602 -36.2800018024846764
-89.1389138913891372 -38.3346019919146315
-89.1189118911891143 -25.6130596999569029
-89.0989098909890913 -28.9568843509894691
-89.0789078907890826 -36.3293954589214252
-89.0589058905890596 -26.5147984370288583
-89.0389038903890366 -36.4203945106769851
-89.0189018901890137 -31.4325343072606209
-88.9988998899889907 -33.7875187312144902
-88.9788978897889820 -24.8147674329656027
-88.9588958895889590 -20.9430275110056741
-88.9388938893889360 -28.3143859595837455
-88.9188918891889131 -21.4887553617515081
-88.8988898889889043 -22.2765117832835386
-88.8788878887888814 -32.1319114439618261
-88.8588858885888584 -22.4627267191701279
-88.8388838883888354 -45.9812441619234775
-88.8188818881888125 -24.4210217556367368
-88.7988798879888037 -30.4727930718707967
-88.7788778877887808 -32.8445371692783681
-88.7588758875887578 -24.7333768460942096
-88.7388738873887348 -30.1811101073586912
-88.7188718871887261 -17.7817351560892618
-88.6988698869887031 -35.4974326141011147
-88.6788678867886802 -27.2895826940553512
-88.6588658865886572 -31.6227093302005358
-88.6388638863886342 -25.9024000906216827
-88.6188618861886255 -25.5245185181501881
-88.5988598859886025 -29.8985371181375150
-88.5788578857885796 -45.5178916872724884
-88.5588558855885566 -19.1332993194354941
-88.5388538853885336 -42.3692753533354463
-88.5188518851885249 -23.3108339667302182
-88.4988498849885019 -44.2408049787356106
-88.4788478847884790 -29.9102230902341510
-88.4588458845884560 -15.5377030856161866
-88.4388438843884330 -46.1490119901909210
-88.4188418841884243 -34.7597121417074817
-88.3988398839884013 -28.2707312601793213
-88.3788378837883783 -27.5421405402853310
-88.3588358835883554 -41.2506026071967185
-88.3388338833883324 -38.9785751739951962
-88.3188318831883237 -26.6631989526078215
-88.2988298829883007 -36.1640241063461687
-88.2788278827882777 -28.7472172633468794
-88.2588258825882548 -35.4031697302823503
-88.2388238823882318 -22.6708274335336029
-88.2188218821882231 -20.3272159434588389
-88.1988198819882001 -23.7890259004838995
-88.1788178817881771 -17.0433874303782993
-88.1588158815881542 -21.8147992668581736
-88.1388138813881312 -16.6694944110180927
-88.1188118811881225 -36.9358379686779870
-88.0988098809880995 -15.2913341063668646
-88.0788078807880765 -36.6549662714734268
-88.0588058805880536 -24.2334348733731346
-88.0388038803880306 -37.4530249403277082
-88.0188018801880219 -25.1225969896325090
-87.9987998799879989 -18.9385433182316163
-87.9787978797879759 -30.8320834302154871
-87.9587958795879530 -39.1371635968078735
-87.9387938793879442 -33.1784320472050283
-87.9187918791879213 -28.9056879466692784
-87.8987898789878983 -19.1575359171823294
-87.8787878787878753 -35.3542115897092941
-87.8587858785878524 -30.2926152185086934
-87.8387838783878436 -17.4629145522755387
-87.8187818781878207 -34.3380367611107147
-87.7987798779877977 -23.6512564941028138
-87.7787778777877747 -15.3930298146005278
-87.7587758775877660 -16.9137082250202191
-87.7387738773877430 -18.3694343563695277
-87.7187718771877201 -21.4351496430849338
-87.6987698769876971 -22.5177206070778446
-87.6787678767876741 -22.9887558056104844
-87.6587658765876654 -9.8496977254040274
-87.6387638763876424 -22.7834762699455595
-87.6187618761876195 -32.5567092055944300
-87.5987598759875965 -18.2942427259273828
-87.5787578757875735 -38.2973042320355148
-87.5587558755875648 -9.1354336798983127
-87.5387538753875418 -29.5378908179473108
-87.5187518751875189 -21.7661430750718452
-87.4987498749874959 -28.3373121443778615
-87.4787478747874729 -18.7656795315991367
-87.4587458745874642 -30.8199800923727487
-87.4387438743874412 -20.4545291451672817
-87.4187418741874183 -20.7640612543259344
-87.3987398739873953 -18.8779855511421673
-87.3787378737873723 -20.3576123910292317
-87.3587358735873636 -26.5777405517782874
-87.3387338733873406 -12.3880389453702850
-87.3187318731873177 -28.4332816183131030
-87.2987298729872947 -21.4981414834149156
-87.2787278727872717 -17.1904864346592952
-87.2587258725872630 -21.0081875058309890
-87.2387238723872400 -24.4168550023981048
-87.2187218721872171 -16.3137849964273158
-87.1987198719871941 -23.2702680188762052
-87.1787178717871711 -11.5711294479477740
-87.1587158715871624 -23.9554845494753472
-87.1387138713871394 -34.4965078215735730
-87.1187118711871165 -27.6330734058090073
-87.0987098709870935 -24.6619777815690462
-87.0787078707870705 -10.9851385789672946
-87.0587058705870618 -39.8892836683974252
-87.0387038703870388 -17.5513045032892627
-87.0187018701870159 -19.1608873427038944
-86.9986998699869929 -25.8217757794411717
-86.9786978697869841 -30.4429981900300177
-86.9586958695869612 -22.5906236387973749
-86.9386938693869382 -31.4579842223256740
-86.9186918691869153 -28.1746066420409988
-86.8986898689868923 -13.9837831081673301
-86.8786878687868835 -29.1481280640591613
-86.8586858685868606 -21.6364467564098213
-86.8386838683868376 -18.9522549940563216
-86.8186818681868147 -20.8145355328604929
-86.7986798679868059 -12.0360917772542440
-86.7786778677867829 -24.3091263909214064
-86.7586758675867600 -22.0926204141202263
-86.7386738673867370 -29.8938294474090078
-86.7186718671867141 -30.3364502585582585
-86.6986698669867053 -10.7622861070209694
-86.6786678667866823 -13.1065403425498062
-86.6586658665866594 -28.1219688700241122
-86.6386638663866364 -17.1334961380770494
-86.6186618661866135 -21.6140835767487829
-86.5986598659866047 -14.0943827989581898
-86.5786578657865817 -22.3781982508258679
-86.5586558655865588 -14.9019095531309276
-86.5386538653865358 -18.6012398378795822
-86.5186518651865129 -18.7057864810277756
-86.4986498649865041 -26.8314730571402933
-86.4786478647864811 -15.4914508655892327
-86.4586458645864582 -12.6954200146263272
-86.4386438643864352 -19.7485931121222436
-86.4186418641864122 -4.0152378635470889
-86.3986398639864035 -28.7890065362974781
-86.3786378637863805 -29.8689836410122567
-86.3586358635863576 -23.1977515380901380
-86.3386338633863346 -14.9796172179456182
-86.3186318631863116 -3.6340368303138479
-86.2986298629863029 -33.9352982766176012
-86.2786278627862799 -20.0808184231373019
-86.2586258625862570 -20.9349614570719247
-86.2386238623862340 -24.1627873761937515
-86.2186218621862110 -19.9130227967415259
-86.1986198619862023 -27.0315668282548600
-86.1786178617861793 -22.9083939451997729
-86.1586158615861564 -10.8557988152726743
-86.1386138613861334 -22.1532011087719169
-86.1186118611861104 -16.1650647611350387
-86.0986098609861017 -25.7433024200775158
-86.0786078607860787 -30.1001471682006461
-86.0586058605860558 -27.1050329637492950
-86.0386038603860328 -12.9999416250995861
-86.0186018601860241 -6.4702506737991410
-85.9985998599860011 -19.6875957359714668
-85.9785978597859781 -8.1974619167610427
-85.9585958595859552 -9.2220459471024370
-85.9385938593859322 -9.6415301607090242
-85.9185918591859235 -15.8306239162607643
-85.8985898589859005 5.5458533850281917
-85.8785878587858775 -24.1122962625025963
-85.8585858585858546 -15.9906288144417257
-85.8385838583858458 -8.9498800595678691
-85.8185818581858229 -10.0271333158330656
-85.7985798579857999 -7.7904332865833794
-85.7785778577857769 -11.9714581395334605
-85.7585758575857540 -18.3535184614961970
-85.7385738573857452 -4.5596832983344449
-85.7185718571857223 -2.0236578973134751
-85.6985698569856993 0.2635486564279130
-85.6785678567856763 -19.9470675640296626
-85.6585658565856534 -2.4784822491356486
-85.6385638563856446 -8.1853240130312575
-85.6185618561856217 -5.0506068341982964
-85.5985598559855987 -5.5353920499668474
-85.5785578557855757 -2.4692408023172625
-85.5585558555855528 -17.0437815233191117
-85.5385538553855440 -16.9088258694002000
-85.5185518551855210 -36.9212927558813462
-85.4985498549854981 -15.5982865261672039
-85.4785478547854751 -15.5929881622490676
-85.4585458545854522 -4.4141584935924678
-85.4385438543854434 -12.7052267846354869
-85.4185418541854204 -11.0504222514397856
-85.3985398539853975 -19.7411149763701914
-85.3785378537853745 -24.6719545839345642
-85.3585358535853516 -20.9684729294597787
-85.3385338533853428 5.2811138432145253
-85.3185318531853198 -1.5744192791749150
-85.2985298529852969 -22.4032118628403119
-85.2785278527852739 -10.8017987753266098
-85.2585258525852510 -18.0258500624658708
-85.2385238523852422 -0.7496405832744184
-85.2185218521852192 -11.6483532023815002
-85.1985198519851963 -6.4038134594809266
-85.1785178517851733 -17.5489071639983578
-85.1585158515851504 9.2927370219278007
-85.1385138513851416 -9.9819147056801327
-85.1185118511851186 -1.7569663136237246
-85.0985098509850957 -9.0622765024630816
-85.0785078507850727 -17.5737702346125495
-85.0585058505850640 -11.5556032894496461
-85.0385038503850410 -7.5923569337859238
-85.0185018501850180 -2.5477257812882543
-84.9984998499849951 -11.4305015240754457
-84.9784978497849721 -5.1664478252806738
-84.9584958495849634 -19.7115885274362483
-84.9384938493849404 -24.1427318877139143
-84.9184918491849174 -4.1311888715721858
-84.8984898489848945 -3.1001674795785341
-84.8784878487848857 -20.2258698045386751
-84.8584858485848628 9.9810840322355912
-84.8384838483848398 -14.3209199608160720
-84.8184818481848168 -6.1334070098738405
-84.7984798479847939 3.4018032363447759
-84.7784778477847851 -0.2143303829871694
-84.7584758475847622 -7.3693598488044429
-84.7384738473847392 -19.7134467953714072
-84.7184718471847162 -20.0303028409512685
-84.6984698469846933 1.1678432774209586
-84.6784678467846845 -12.6863681534186696
-84.6584658465846616 -13.3221292285840835
-84.6384638463846386 -1.5280278470568351
-84.6184618461846156 9.7898120481367528
-84.5984598459845927 -15.1098689828056081
-84.5784578457845839 -5.5406110655683509
-84.5584558455845610 -11.2824015692971944
-84.5384538453845380 3.8084440761965155
-84.5184518451845150 -5.4343913181567114
-84.4984498449844921 1.7448441289621623
-84.4784478447844833 -1.3687831004560991
-84.4584458445844604 -14.0120924440752930
-84.4384438443844374 4.8577548886966611
-84.4184418441844144 0.9593240141839470
-84.3984398439843915 -9.6790329948704539
-84.3784378437843827 3.1298945444785842
-84.3584358435843598 -5.9171086788216218
-84.3384338433843368 14.6298614945602310
-84.3184318431843138 -21.4028864248523156
-84.2984298429842909 -8.7369345100988269
-84.2784278427842821 -10.7323283985354472
-84.2584258425842592 -5.7265484702035208
-84.2384238423842362 -11.4874414444893915
-84.2184218421842132 -13.9716185317642765
-84.1984198419841903 -7.1334977149007281
-84.1784178417841815 -2.2140749525999874
-84.1584158415841586 -1.3141363582051069
-84.1384138413841356 -17.3623948271864705
-84.1184118411841126 -12.5078238326212876
-84.0984098409840897 -9.3819789247003875
-84.0784078407840809 -4.2317105460504649
-84.0584058405840580 -4.6272198451726094
-84.0384038403840350 -23.0749093154534215
-84.0184018401840120 -17.3675180626420733
-83.9983998399839891 -25.5230951221611662
-83.9783978397839803 5.0755906544920082
-83.9583958395839574 0.5642348423463321
-83.9383938393839344 3.4199453654105501
-83.9183918391839256 -4.5558447936117012
-83.8983898389839027 -0.4003025482225278
-83.8783878387838797 -11.3348077295407208
-83.8583858385838568 7.1172573008428683
-83.8383838383838338 -3.2872827198393852
-83.8183818381838250 -21.1438191097445056
-83.7983798379838021 2.5718315530358886
-83.7783778377837791 -3.5717757003593946
-83.7583758375837562 -3.4881850083658623
-83.7383738373837332 -7.4557262010142100
-83.7183718371837244 -3.2165850685802773
-83.6983698369837015 -6.4495933160329306
-83.6783678367836785 -0.8213877663175508
-83.6583658365836556 -8.4215719048016826
-83.6383638363836326 -8.4411057875451831
-83.6183618361836238 -17.0686468502025619
-83.5983598359836009 -1.7829269878309399
-83.5783578357835779 -1.8443100933724925
-83.5583558355835549 -17.4805402543509771
-83.5383538353835320 -15.0944863667646061
-83.5183518351835232 -4.4109939333818851
-83.4983498349835003 8.9153954555438979
-83.4783478347834773 -1.7656763945955500
-83.4583458345834543 -2.8090896257678466
-83.4383438343834314 2.0380353642593607
-83.4183418341834226 -8.8872156073986428
-83.3983398339833997 -3.0428327146465803
-83.3783378337833767 -4.6196858627506066
-83.3583358335833537 4.6291738170883798
-83.3383338333833308 8.7135369457969958
-83.3183318331833220 4.7719410909098769
-83.2983298329832991 16.1447116149459120
-83.2783278327832761 -7.9086601250228803
-83.2583258325832531 -9.7735277315243874
-83.2383238323832302 -1.4089607225725516
-83.2183218321832214 3.0737929864190896
-83.1983198319831985 -14.3902861269757132
-83.1783178317831755 -0.7366065489718159
-83.1583158315831525 -0.0287907323194496
-83.1383138313831296 2.8900784008559577
-83.1183118311831208 12.0453421053345746
-83.0983098309830979 -16.0425705797360578
-83.0783078307830749 -4.0897590964826556
-83.0583058305830662 -7.2402355858822824
-83.0383038303830290 8.9882576310071585
-83.0183018301830202 6.0327485148097422
-82.9982998299829973 8.6201537414502418
-82.9782978297829743 -3.4865813550779161
-82.9582958295829656 22.8553452067902612
-82.9382938293829426 -5.4750123254306082
-82.9182918291829196 3.1674180627645274
-82.8982898289828967 -10.3891549771625264
-82.8782878287828737 5.4987031180734451
-82.8582858285828650 17.8097115408035194
-82.8382838283828420 2.4928184049341637
-82.8182818281828190 -2.2450427092411731
-82.7982798279827961 10.2908980215144688
-82.7782778277827731 3.3626900414597412
-82.7582758275827644 -1.4371361688419411
-82.7382738273827414 -9.0850976516368629
-82.7182718271827184 1.2230563010330500
-82.6982698269826955 11.6266991155247066
-82.6782678267826725 -4.3242941617377326
-82.6582658265826637 -13.8071524446161611
-82.6382638263826408 -9.1041567309737879
-82.6182618261826178 16.2149569371578899
-82.5982598259825949 -15.4005605746270433
-82.5782578257825719 -0.2123349077576173
-82.5582558255825631 7.4792736782264120
-82.5382538253825402 9.4806729485148686
-82.5182518251825172 25.9000272227709800
-82.4982498249824943 5.8396505611454446
-82.4782478247824713 16.9787119852688342
-82.4582458245824625 5.2698801849491161
-82.4382438243824396 -0.5551179164271338
-82.4182418241824166 1.2144172928878318
-82.3982398239823937 12.8132289163721005
-82.3782378237823707 -3.8492893707653080
-82.3582358235823619 4.5983259670716023
-82.3382338233823390 18.0083886676984335
-82.3182318231823160 -7.1449786536949187
-82.2982298229822931 -2.1284723380809654
-82.2782278227822701 -3.1600162638256570
-82.2582258225822613 -13.1184959293671390
-82.2382238223822384 -0.1646455756808289
-82.2182218221822154 3.1021557876875763
-82.1982198219821925 -5.2426018180552401
-82.1782178217821695 -0.4366268866243779
-82.1582158215821607 1.5408083517768780
-82.1382138213821378 -0.2593228537735750
-82.1182118211821148 5.3057097593712950
-82.0982098209821061 7.7442857620580110
-82.0782078207820689 2.2240453479304820
-82.0582058205820601 10.5602285246092436
-82.0382038203820372 -0.4359964074557574
-82.0182018201820142 3.7773501476502536
-81.9981998199820055 0.9272300716765760
-81.9781978197819825 13.7282226093505031
-81.9581958195819595 -1.6855785525965521
-81.9381938193819366 -0.3709192618420154
-81.9181918191819136 3.4432430178030415
-81.8981898189819049 3.9092361373364097
-81.8781878187818819 -0.2687630608218674
-81.8581858185818589 -0.6671875507096523
-81.8381838183818360 -9.4980363097921234
-81.8181818181818130 19.4428134342041830
-81.7981798179818043 8.0035535215275679
-81.7781778177817813 1.5053041791856927
-81.7581758175817583 16.2792503658825787
-81.7381738173817354 -10.7773791283166922
-81.7181718171817124 12.7457696430424665
-81.6981698169817037 5.0956792258119030
-81.6781678167816807 9.6679594753463505
-81.6581658165816577 17.3379068884379706
-81.6381638163816348 4.1342739709879845
-81.6181618161816118 7.6949101986377499
-81.5981598159816031 -1.2863263507083831
-81.5781578157815801 0.3085877084660060
-81.5581558155815571 10.3060783447234510
-81.5381538153815342 8.5619939973510313
-81.5181518151815112 2.4520668161965236
-81.4981498149815025 2.4091956235171486
-81.4781478147814795 13.3567031794875213
-81.4581458145814565 15.4974640688772212
-81.4381438143814336 -1.0971758528820610
-81.4181418141814106 -4.3870076820531265
-81.3981398139814019 11.0833355068954411
-81.3781378137813789 3.3993023884663867
-81.3581358135813559 9.9145563836498738
-81.3381338133813330 5.5403291421139063
-81.3181318131813100 8.3680224027905528
-81.2981298129813013 -0.1878987617086736
-81.2781278127812783 9.0861189807605651
-81.2581258125812553 -9.6099696785229156
-81.2381238123812324 10.0007360147102435
-81.2181218121812094 13.3068985513274196
-81.1981198119812007 -1.5251105115390615
-81.1781178117811777 15.2892915467117554
-81.1581158115811547 12.9418886450501063
-81.1381138113811460 9.2194245508619410
-81.1181118111811088 6.1515733329444995
-81.0981098109811001 6.0441989934533940
-81.0781078107810771 10.2166914188035438
-81.0581058105810541 10.2873100456449222
-81.0381038103810454 9.3078431507682886
-81.0181018101810224 5.1583934286156614
-80.9980998099809995 15.9058879171666518
-80.9780978097809765 22.3288299980962641
-80.9580958095809535 -3.4144241636289001
-80.9380938093809448 11.8003055531841152
-80.9180918091809218 4.1600357747805488
-80.8980898089808989 2.0104154532195881
-80.8780878087808759 7.8175360555378459
-80.8580858085808529 25.3502714113086647
-80.8380838083808442 -14.0363649222460811
-80.8180818081808212 17.9728279936375088
-80.7980798079807983 5.1684863690323724
-80.7780778077807753 12.4263682866491241
-80.7580758075807523 -0.4022650476862086
-80.7380738073807436 1.3426045163116029
-80.7180718071807206 14.9516960326587061
-80.6980698069806976 4.6358067015967421
-80.6780678067806747 0.6927827558201747
-80.6580658065806517 13.1428201277757388
-80.6380638063806430 6.8049077804371843
-80.6180618061806200 4.4122360848999698
-80.5980598059805970 15.0872325670925864
-80.5780578057805741 14.7550618666202062
-80.5580558055805511 15.5970691648759541
-80.5380538053805424 26.5816508451171885
-80.5180518051805194 9.1690710166687026
-80.4980498049804964 3.2847837446058898
-80.4780478047804735 33.7105765724295594
-80.4580458045804505 6.7311942076494677
-80.4380438043804418 0.1147164405081167
-80.4180418041804188 6.0780012929218774
-80.3980398039803958 16.9762690719712595
-80.3780378037803729 11.2523988170716027
-80.3580358035803499 18.7894546079802929
-80.3380338033803412 8.8631389325781207
-80.3180318031803182 -0.3523877100453010
-80.2980298029802952 3.6633028116375801
-80.2780278027802723 16.1178208344874569
-80.2580258025802493 19.2875570120810735
-80.2380238023802406 -7.1543658328050448
-80.2180218021802176 20.3173993229580034
-80.1980198019801946 2.0427367231611999
-80.1780178017801859 18.2546261664446021
-80.1580158015801487 11.0193280550596544
-80.1380138013801400 6.3295969063068185
-80.1180118011801170 14.8057326968544984
-80.0980098009800940 14.4695583706118143
-80.0780078007800853 -1.4801409420037768
-80.0580058005800623 18.5095139055629616
-80.0380038003800394 -0.3698973823648579
-80.0180018001800164 5.1555532106641673
-79.9979997999799934 10.5808259143944312
-79.9779977997799847 4.8426983792648617
-79.9579957995799617 17.6287579479122272
-79.9379937993799388 -4.7970350909807813
-79.9179917991799158 9.2236816648171729
-79.8979897989798928 15.5275767848160342
-79.8779877987798841 20.1623323042293308
-79.8579857985798611 13.9654086351997577
-79.8379837983798382 13.2906619931829191
-79.8179817981798152 15.8396639905702479
-79.7979797979797922 20.4932179203191893
-79.7779777977797835 17.3630916974274996
-79.7579757975797605 18.2883659190171102
-79.7379737973797376 6.0505036434794208
-79.7179717971797146 18.5771275674713472
-79.6979697969796916 6.2970459218401862
-79.6779677967796829 14.7360878974561604
-79.6579657965796599 10.4892221471527520
-79.6379637963796370 17.5883604727902103
-79.6179617961796140 0.4954271382990232
-79.5979597959795910 27.3576403353402213
-79.5779577957795823 12.1867460354097243
-79.5579557955795593 4.3228424012476854
-79.5379537953795364 11.4529796426325330
-79.5179517951795134 17.2448148358058369
-79.4979497949794904 4.3460927167752272
-79.4779477947794817 11.0822085374802874
-79.4579457945794587 11.3513890922095850
-79.4379437943794358 22.2376970603228870
-79.4179417941794128 17.6118163858615766
-79.3979397939793898 6.3933717750235708
-79.3779377937793811 14.1607017118376728
-79.3579357935793581 17.2666610866365389
-79.3379337933793352 13.1645668391177644
-79.3179317931793122 17.7709512522039716
-79.2979297929792892 15.0193092629723637
-79.2779277927792805 15.4271545835026593
-79.2579257925792575 14.7899914122147980
-79.2379237923792346 12.8590864198827042
-79.2179217921792116 8.4089211862817876
-79.1979197919791886 11.8126513520560525
-79.1779177917791799 17.2110741186361977
-79.1579157915791569 16.6899752938867607
-79.1379137913791340 24.8882802042851665
-79.1179117911791252 8.2682987393375491
-79.0979097909790880 17.5733004478056607
-79.0779077907790793 6.1732874806640554
-79.0579057905790563 16.0842221951812157
-79.0379037903790334 -0.1822841909997379
-79.0179017901790246 6.5487474099608596
-78.9978997899790016 2.4834433449302438
-78.9778977897789787 22.2746892573478092
-78.9578957895789557 12.8584234041233589
-78.9378937893789328 19.0921893359931047
-78.9178917891789240 11.7827391201053491
-78.8978897889789010 5.0923695301399743
-78.8778877887788781 10.9165661427542915
-78.8578857885788551 -2.4939397928398748
-78.8378837883788322 24.8612188739060365
-78.8178817881788234 6.7508007047741527
-78.7978797879788004 -0.4381798797789589
-78.7778777877787775 3.0741178310141226
-78.7578757875787545 19.4700800231904871
-78.7378737873787315 32.5308786232246874
-78.7178717871787228 10.4696177910833974
-78.6978697869786998 14.0128662093469210
-78.6778677867786769 21.1476421645854913
-78.6578657865786539 -1.5469428222866810
-78.6378637863786309 4.2639253188734010
-78.6178617861786222 11.1829802953162449
-78.5978597859785992 16.6733723082662024
-78.5778577857785763 7.1478414772551044
-78.5578557855785533 7.5112592908422631
-78.5378537853785303 25.2689959739912098
-78.5178517851785216 35.4204937912678162
-78.4978497849784986 -3.5988209539914173
-78.4778477847784757 14.5656821564127750
-78.4578457845784527 14.6729850691298811
-78.4378437843784297 35.0966956861301895
-78.4178417841784210 12.5536145641991777
-78.3978397839783980 8.7337226901765259
-78.3778377837783751 22.6084576238403301
-78.3578357835783521 19.9701994575752870
-78.3378337833783291 9.1250173681899458
-78.3178317831783204 2.6921212174111862
-78.2978297829782974 12.5738784574967966
-78.2778277827782745 11.8779735185591520
-78.2578257825782515 13.5999223340483084
-78.2378237823782285 22.4531450443739509
-78.2178217821782198 11.6569065527062534
-78.1978197819781968 2.8334852616405275
-78.1778177817781739 13.0883964586605366
-78.1578157815781651 20.2975461435890878
-78.1378137813781279 7.8295834798757689
-78.1178117811781192 -7.5522980249744620
-78.0978097809780962 17.4704214932967901
-78.0778077807780733 23.1989636856219938
-78.0578057805780645 6.3528815711626230
-78.0378037803780416 12.5233166330335344
-78.0178017801780186 18.9928948228981938
-77.9977997799779956 8.5847690528328915
-77.9777977797779727 14.9969187091339524
-77.9577957795779639 22.2997047195859821
-77.9377937793779410 18.8897469510256357
-77.9177917791779180 21.8592987242669281
-77.8977897789778950 31.4589995423259978
-77.8777877787778721 10.1743569607647082
-77.8577857785778633 9.2257295774815127
-77.8377837783778403 15.0372148044986620
-77.8177817781778174 36.1511249067276310
-77.7977797779777944 23.3913025640171526
-77.7777777777777715 20.2923859358202279
-77.7577757775777627 2.3948950217798597
-77.7377737773777397 9.2223134921413958
-77.7177717771777168 22.0889486970967077
-77.6977697769776938 5.4765875484581716
-77.6777677767776709 10.6765748920439858
-77.6577657765776621 5.6159293133327051
-77.6377637763776391 17.8903714259875386
-77.6177617761776162 14.1630451773526733
-77.5977597759775932 20.5160109605521797
-77.5777577757775703 18.3805510693227383
-77.5577557755775615 23.8350639652138518
-77.5377537753775385 13.9518140727265312
-77.5177517751775156 7.4352139002114725
-77.4977497749774926 4.8216370059759779
-77.4777477747774697 15.8996917150981787
-77.4577457745774609 0.5909354617172511
-77.4377437743774379 19.6642770186248974
-77.4177417741774150 11.8414003675834714
-77.3977397739773920 18.7611445242889516
-77.3777377737773691 29.3515022120394704
-77.3577357735773603 29.8933536939737650
-77.3377337733773373 29.7737536310909761
-77.3177317731773144 20.8797691348594192
-77.2977297729772914 35.4887145707886589
-77.2777277727772685 17.8516002753422569
-77.2577257725772597 0.3545773629991800
-77.2377237723772367 -4.8441616014640054
-77.2177217721772138 25.2839922043724563
-77.1977197719772050 32.0122620915232616
-77.1777177717771679 26.1491398607616219
-77.1577157715771591 26.6533723490511960
-77.1377137713771361 22.1491895388535234
-77.1177117711771132 16.9417078732949165
-77.0977097709771044 15.2601857466500341
-77.0777077707770815 13.0158883211843737
-77.0577057705770585 17.3455811611235973
-77.0377037703770355 9.1220863680306081
-77.0177017701770126 11.4433591933534089
-76.9976997699770038 12.2814698570191254
-76.9776977697769809 34.4272265341535046
-76.9576957695769579 14.1604229749497001
-76.9376937693769349 21.1805783181258001
-76.9176917691769120 11.1356771120967455
-76.8976897689769032 8.8606644566157939
-76.8776877687768803 6.4233093878486613
-76.8576857685768573 26.2000143566245285
-76.8376837683768343 29.3284947413977903
-76.8176817681768114 15.9643976227479154
-76.7976797679768026 31.5978692208878940
-76.7776777677767797 8.4373380758283396
-76.7576757675767567 11.9847135838675243
-76.7376737673767337 26.3226153068049982
-76.7176717671767108 8.8575818785032716
-76.6976697669767020 18.3795143929836833
-76.6776677667766791 7.0331377206913572
-76.6576657665766561 16.0780520404426746
-76.6376637663766331 22.3764156423110308
-76.6176617661766102 27.9874140452249200
-76.5976597659766014 14.7394348272470612
-76.5776577657765785 23.5588595169071482
-76.5576557655765555 29.2372539488764147
-76.5376537653765325 24.9991208316193543
-76.5176517651765096 14.2189337549709389
-76.4976497649765008 16.7968980864563839
-76.4776477647764779 13.1941692967684787
-76.4576457645764549 15.0115953533559576
-76.4376437643764319 9.3181952564610313
-76.4176417641764090 21.2495566512320408
-76.3976397639764002 22.8343559623487806
-76.3776377637763773 6.0245220055836040
-76.3576357635763543 25.6123925522763329
-76.3376337633763313 14.7585064904093066
-76.3176317631763084 29.2752725521809545
-76.2976297629762996 18.2186951716152024
-76.2776277627762767 7.8050044261147971
-76.2576257625762537 17.8127208977069955
-76.2376237623762449 18.6692426554647142
-76.2176217621762078 20.7251711719111853
-76.1976197619761990 9.8581742122074143
-76.1776177617761761 23.9339424106103635
-76.1576157615761531 30.5328635501155432
-76.1376137613761443 34.8809748742412751
-76.1176117611761214 17.4899800450025786
-76.0976097609760984 10.7879231091580436
-76.0776077607760755 27.8880298847808135
-76.0576057605760525 28.4429672478118292
-76.0376037603760437 26.7033935879801732
-76.0176017601760208 27.8404070552978453
-75.9975997599759978 23.4196400433648328
-75.9775977597759749 7.2524993407184830
-75.9575957595759519 23.6466683074337922
-75.9375937593759431 39.6502620118235427
-75.9175917591759202 3.4114710311117236
-75.8975897589758972 13.5363573374332198
-75.8775877587758742 17.9979231529101362
-75.8575857585758513 29.9635606992107490
-75.8375837583758425 23.3530836680022844
-75.8175817581758196 14.7957285137827057
-75.7975797579757966 22.9678582867586343
-75.7775777577757736 19.5151875071271057
-75.7575757575757507 15.7613517989076666
-75.7375737573757419 18.9037500650744121
-75.7175717571757190 35.1440870951074018
-75.6975697569756960 36.4072910019559544
-75.6775677567756730 13.4117981573189926
-75.6575657565756501 19.1322253976950662
-75.6375637563756413 9.5504474650982125
-75.6175617561756184 23.8745146505792718
-75.5975597559755954 25.6094552271433038
-75.5775577557755724 15.4064588577052906
-75.5575557555755495 17.3996235508321924
-75.5375537553755407 29.7600738705564858
-75.5175517551755178 17.5195973206964020
-75.4975497549754948 31.3951049428072935
-75.4775477547754718 14.0526728353612214
-75.4575457545754489 17.5639842347830530
-75.4375437543754401 18.6577578827218282
-75.4175417541754172 24.2151766657606551
-75.3975397539753942 19.2775699028257037
-75.3775377537753712 18.4585929593327052
-75.3575357535753483 23.9387204467253270
-75.3375337533753395 23.8176178395769682
-75.3175317531753166 26.5042277620437190
-75.2975297529752936 27.2452224822417222
-75.2775277527752849 28.3648727324931365
-75.2575257525752477 28.8725782086226168
-75.2375237523752389 26.5290252347750055
-75.2175217521752160 13.3788894387136565
-75.1975197519751930 17.4765564525611623
-75.1775177517751843 29.4604252918290968
-75.1575157515751613 21.3601250618897467
-75.1375137513751383 8.7663019087595853
-75.1175117511751154 29.4883351115808559
-75.0975097509750924 16.5806872366690321
-75.0775077507750837 17.1404497791382262
-75.0575057505750607 24.2167600724183423
-75.0375037503750377 26.7770231302375770
-75.0175017501750148 26.4638343902183983
-74.9974997499749918 21.0058057115438004
-74.9774977497749830 16.4616006807747546
-74.9574957495749601 28.2702467696561186
-74.9374937493749371 16.8108351984672311
-74.9174917491749142 27.6150938675487794
-74.8974897489748912 30.6038084874960248
-74.8774877487748824 22.0431045267749361
-74.8574857485748595 33.5064288665564121
-74.8374837483748365 19.3464933010585547
-74.8174817481748136 21.7097095897015180
-74.7974797479747906 7.1019731561511588
-74.7774777477747818 18.3183115887001655
-74.7574757475747589 15.8389016392799284
-74.7374737473747359 27.7448640193667835
-74.7174717471747130 22.3643961128286861
-74.6974697469746900 23.6986024612616539
-74.6774677467746812 25.4184066885327553
-74.6574657465746583 31.2745572305661170
-74.6374637463746353 24.7915522014481624
-74.6174617461746124 19.4016123763285684
-74.5974597459745894 20.6285258009192809
-74.5774577457745806 9.9338228628471903
-74.5574557455745577 20.1878243070758394
-74.5374537453745347 14.4213180234508087
-74.5174517451745118 22.2437629421753442
-74.4974497449744888 25.3534096657096839
-74.4774477447744800 10.5333961850564304
-74.4574457445744571 19.1325018220042438
-74.4374437443744341 23.2021275515268606
-74.4174417441744112 8.1706093831050364
-74.3974397439743882 18.8709786932194845
-74.3774377437743794 22.7588447673324374
-74.3574357435743565 25.7014932521193913
-74.3374337433743335 31.7781551815375209
-74.3174317431743248 16.5732619472977092
-74.2974297429742876 15.3208155656973410
-74.2774277427742788 30.1689176228249067
-74.2574257425742559 25.7325961059109503
-74.2374237423742329 24.5540567553469096
-74.2174217421742242 25.3638048549562178
-74.1974197419742012 25.7746475331707146
-74.1774177417741782 36.1202862878274829
-74.1574157415741553 5.3073772253944611
-74.1374137413741323 28.8981769465671405
-74.1174117411741236 27.6439629349181430
-74.0974097409741006 27.1152890282330858
-74.0774077407740776 38.4488186281180404
-74.0574057405740547 15.3108148576259460
-74.0374037403740317 19.9109804575176739
-74.0174017401740230 19.2996461491361124
-73.9973997399740000 13.8547321085638924
-73.9773977397739770 22.1788130547156364
-73.9573957395739541 18.4060138522694565
-73.9373937393739311 34.8853849677897045
-73.9173917391739224 17.4325509425900904
-73.8973897389738994 33.8188394767536025
-73.8773877387738764 27.6280516223149704
-73.8573857385738535 9.8699858612155662
-73.8373837383738305 23.1088559638806963
-73.8173817381738218 47.8161544638407321
-73.7973797379737988 20.3326642420290860
-73.7773777377737758 19.7117025669693362
-73.7573757375737529 4.0095575267898411
-73.7373737373737299 17.2768342932305039
-73.7173717371737212 35.7552006506079323
-73.6973697369736982 24.3395827675240461
-73.6773677367736752 16.8885620543697144
-73.6573657365736523 27.0044838089987351
-73.6373637363736293 21.7649740682289234
-73.6173617361736206 21.6235021605991236
-73.5973597359735976 32.0856127739601220
-73.5773577357735746 10.4343326310657893
-73.5573557355735517 19.0017255874434596
-73.5373537353735287 40.2060948097571256
-73.5173517351735200 26.7964094928614038
-73.4973497349734970 37.4879290582060918
-73.4773477347734740 19.7421319619245210
-73.4573457345734511 20.8745258522632220
-73.4373437343734281 10.6159350252803222
-73.4173417341734194 19.5574888118963877
-73.3973397339733964 24.2549449357279556
-73.3773377337733734 18.2462235984356269
-73.3573357335733647 9.3124087862742275
-73.3373337333733275 20.7286475093188081
-73.3173317331733188 18.0697115521109914
-73.2973297329732958 22.0239143808303623
-73.2773277327732728 19.1685193622206569
-73.2573257325732641 21.0034088279276290
-73.2373237323732411 27.9529317249867795
-73.2173217321732182 27.1160338746630778
-73.1973197319731952 7.6335042570464431
-73.1773177317731722 42.2074778404749296
-73.1573157315731635 34.2132146022432906
-73.1373137313731405 32.9688267947192344
-73.1173117311731176 7.9633984596267311
-73.0973097309730946 15.5931762977339652
-73.0773077307730716 33.6664342816126165
-73.0573057305730629 21.3711036430125709
-73.0373037303730399 38.4776457800477516
-73.0173017301730169 18.0231720466968746
-72.9972997299729940 12.0221179216160152
-72.9772977297729710 38.6472378985859564
-72.9572957295729623 36.4364595257218014
-72.9372937293729393 21.2437754908037739
-72.9172917291729163 32.8630430033894072
-72.8972897289728934 27.7786676727243247
-72.8772877287728704 27.6785803481824075
-72.8572857285728617 5.2454628303782407
-72.8372837283728387 23.1619205594539821
-72.8172817281728157 18.7730030454229642
-72.7972797279727928 15.5567247217350335
-72.7772777277727698 30.4282008446389653
-72.7572757275727611 15.5030669843028477
-72.7372737273727381 20.6095456485579014
-72.7172717271727151 24.1020292990120737
-72.6972697269726922 19.3531395668670179
-72.6772677267726692 4.6732116530877690
-72.6572657265726605 20.8124836753218503
-72.6372637263726375 26.9276348702430468
-72.6172617261726145 10.2900174452196467
-72.5972597259725916 20.4575981533653781
-72.5772577257725686 9.3969352230999057
-72.5572557255725599 28.2859529969530534
-72.5372537253725369 23.1665194493444098
-72.5172517251725139 27.4471971738325209
-72.4972497249724910 33.3057708189163293
-72.4772477247724680 19.2466864882708393
-72.4572457245724593 24.3627195045534037
-72.4372437243724363 27.2917761698579255
-72.4172417241724133 8.0741430301991493
-72.3972397239724046 23.2645466787198423
-72.3772377237723674 14.5943535017119306
-72.3572357235723587 20.7169689015158305
-72.3372337233723357 29.9079029728548775
-72.3172317231723127 22.2590093255138619
-72.2972297229723040 32.0143186143198832
-72.2772277227722810 20.5801202817974378
-72.2572257225722581 29.5163097260296787
-72.2372237223722351 15.3769795541511982
-72.2172217221722121 20.0248687566160406
-72.1972197219722034 35.8594870361643672
-72.1772177217721804 23.6151808184320977
-72.1572157215721575 31.5644038654120394
-72.1372137213721345 38.0196803393447098
-72.1172117211721115 26.8981058542995761
-72.0972097209721028 26.8351216848737408
-72.0772077207720798 37.1324431288778101
-72.0572057205720569 35.2997237040794616
-72.0372037203720339 15.5471430261684738
-72.0172017201720109 10.7514582541764483
-71.9971997199720022 21.1288563383376129
-71.9771977197719792 18.6384889519514623
-71.9571957195719563 15.4605820765097022
-71.9371937193719333 9.8112169172406158
-71.9171917191719103 16.4571820544036278
-71.8971897189719016 25.6914676440106078
-71.8771877187718786 25.2635558169637946
-71.8571857185718557 13.2555702644241435
-71.8371837183718327 10.6180844642161691
-71.8171817181718097 34.9940649451348875
-71.7971797179718010 32.8593105498321449
-71.7771777177717780 29.9643450243924150
-71.7571757175717551 12.4907669418986700
-71.7371737173717321 21.2021306712100532
-71.7171717171717091 28.7923306382186865
-71.6971697169717004 16.2849054814473888
-71.6771677167716774 31.4452095008512664
-71.6571657165716545 25.9141083412205404
-71.6371637163716315 26.6658064541619595
-71.6171617161716085 21.1731200195094367
-71.5971597159715998 19.6784460240837191
-71.5771577157715768 9.3656537860256019
-71.5571557155715539 7.7448496849220874
-71.5371537153715309 19.6585510927929299
-71.5171517151715079 17.2149673482310490
-71.4971497149714992 45.2131138434000448
-71.4771477147714762 28.6270069443806321
-71.4571457145714533 9.8761239879088105
-71.4371437143714445 23.2691166770318816
-71.4171417141714073 15.3065261792707012
-71.3971397139713986 23.8025130095621762
-71.3771377137713756 26.7200594594947844
-71.3571357135713527 18.6651494504420867
-71.3371337133713439 29.5949884120100073
-71.3171317131713209 26.6955513137962051
-71.2971297129712980 14.3102976931953823
-71.2771277127712750 24.9593046402416796
-71.2571257125712521 14.5952747055833232
-71.2371237123712433 25.8497453784380475
-71.2171217121712203 33.9804300658982612
-71.1971197119711974 17.8442537003953952
-71.1771177117711744 6.8414109129526963
-71.1571157115711515 22.4983174972939359
-71.1371137113711427 39.4085243820038826
-71.1171117111711197 12.0320109408833869
-71.0971097109710968 32.5381589667667583
-71.0771077107710738 27.7628218448574238
-71.0571057105710508 27.3619143895048893
-71.0371037103710421 23.9204461001154662
-71.0171017101710191 25.5659510300288773
-70.9970997099709962 21.7359114987100384
-70.9770977097709732 20.3649622573476456
-70.9570957095709502 23.1711243347701448
-70.9370937093709415 26.0376431064071667
-70.9170917091709185 21.1356110163321667
-70.8970897089708956 15.1564900561752438
-70.8770877087708726 23.8869445468859922
-70.8570857085708496 32.2790575200268677
-70.8370837083708409 22.7655565695341657
-70.8170817081708179 27.0757361404233343
-70.7970797079707950 28.5240702983499474
-70.7770777077707720 5.5738898432080681
-70.7570757075707490 19.0810103492305458
-70.7370737073707403 13.9991201135858905
-70.7170717071707173 12.0146708038116987
-70.6970697069706944 32.3736518161151707
-70.6770677067706714 25.2940855979522965
-70.6570657065706484 23.5701693398315832
-70.6370637063706397 30.9460255671488049
-70.6170617061706167 33.8579595136244365
-70.5970597059705938 17.0550512086593926
-70.5770577057705708 21.6535449015992505
-70.5570557055705478 22.1019068927535329
-70.5370537053705391 27.5078635646632925
-70.5170517051705161 27.9086830721246457
-70.4970497049704932 17.4768944102561186
-70.4770477047704844 30.5639143339383459
-70.4570457045704472 3.3237191040353586
-70.4370437043704385 26.7070515523721816
-70.4170417041704155 19.2933603609138800
-70.3970397039703926 37.4642636803498448
-70.3770377037703838 23.6422404783791826
-70.3570357035703609 32.4822869901272497
-70.3370337033703379 22.0352441581856908
-70.3170317031703149 30.4700603512291082
-70.2970297029702920 18.8930168517469319
-70.2770277027702832 26.8407146376367827
-70.2570257025702603 31.1263740280531742
-70.2370237023702373 26.5942052243037210
-70.2170217021702143 21.4866158551080453
-70.1970197019701914 19.2267778981596500
-70.1770177017701826 15.3748913131450209
-70.1570157015701596 21.1643811662819310
-70.1370137013701367 31.6469550702927833
-70.1170117011701137 36.7990854634879128
-70.0970097009700908 21.5557993040421749
-70.0770077007700820 20.0869001423418645
-70.0570057005700590 30.9687729480841583
-70.0370037003700361 23.4826721163961025
-70.0170017001700131 5.2346205998954289
-69.9969996999699902 42.8278844169465458
-69.9769976997699814 14.8442737029371408
-69.9569956995699584 29.0733293164724849
-69.9369936993699355 18.4569666628683109
-69.9169916991699125 22.9799917514648335
-69.8969896989698896 23.2930139771335263
-69.8769876987698808 24.5498337473071935
-69.8569856985698578 8.9941633684941014
-69.8369836983698349 14.0072309578376704
-69.8169816981698119 29.5155330110441021
-69.7969796979697890 14.7535737599548469
-69.7769776977697802 -0.3117331839209712
-69.7569756975697572 22.6198463592183892
-69.7369736973697343 15.7613493839685965
-69.7169716971697113 28.5214582835792889
-69.6969696969696884 27.0098429149171508
-69.6769676967696796 7.0969528973713967
-69.6569656965696566 20.3159188816242242
-69.6369636963696337 24.0981290196053521
-69.6169616961696107 28.8999846408747203
-69.5969596959695878 21.9522056968386714
-69.5769576957695790 8.6424117933735136
-69.5569556955695560 17.7906880022746350
-69.5369536953695331 29.6719793378598986
-69.5169516951695243 23.9831283571900578
-69.4969496949694872 22.9625724761434000
-69.4769476947694784 17.8129899749148208
-69.4569456945694554 28.1271301306852735
-69.4369436943694325 9.9294834332123578
-69.4169416941694237 35.3648271969806487
-69.3969396939694008 33.1605688710590556
-69.3769376937693778 19.3943252047261865
-69.3569356935693548 26.1666844778956182
-69.3369336933693319 15.3220186308419173
-69.3169316931693231 22.1068101479162991
-69.2969296929693002 20.2787507429085423
-69.2769276927692772 17.1513536525952048
-69.2569256925692542 17.3459650945382258
-69.2369236923692313 25.3757464585596324
-69.2169216921692225 11.1722648577107524
-69.1969196919691996 22.2389522700832352
-69.1769176917691766 15.5300695824331250
-69.1569156915691536 10.4486671897653238
-69.1369136913691307 23.5242367410953115
-69.1169116911691219 20.4041828149579203
-69.0969096909690990 26.8984008558493670
-69.0769076907690760 5.6203080614442733
-69.0569056905690530 16.1238406925357083
-69.0369036903690301 22.7354779416648221
-69.0169016901690213 24.9581825837129223
-68.9968996899689984 13.9357954036927225
-68.9768976897689754 9.0857770951561854
-68.9568956895689524 23.1979693816006503
-68.9368936893689295 20.0346667742547915
-68.9168916891689207 9.1568574375560932
-68.8968896889688978 16.3323252192441437
-68.8768876887688748 20.5176209261006051
-68.8568856885688518 27.5521183712159647
-68.8368836883688289 22.4205964844741246
-68.8168816881688201 26.4782193966636541
-68.7968796879687972 15.7593889401239124
-68.7768776877687742 27.8659327628348059
-68.7568756875687512 28.6488849653697706
-68.7368736873687283 12.5982344733844212
-68.7168716871687195 21.3935619018822862
-68.6968696869686966 13.8549200247133086
-68.6768676867686736 24.6830150836090496
-68.6568656865686506 27.0423035632600133
-68.6368636863686277 28.4551164664952161
-68.6168616861686189 25.7292206111876887
-68.5968596859685960 2.8586120701779016
-68.5768576857685730 18.9545827838800740
-68.5568556855685500 10.7425997648944982
-68.5368536853685271 20.5637768957492426
-68.5168516851685183 5.1950166435237826
-68.4968496849684954 10.9110542874536947
-68.4768476847684724 14.0011190330149589
-68.4568456845684636 14.7002914184260600
-68.4368436843684265 35.9496979855974530
-68.4168416841684177 18.1729521360220687
-68.3968396839683948 25.6947650485844044
-68.3768376837683718 19.6490367143272522
-68.3568356835683630 5.9624966980639158
-68.3368336833683401 19.6962179709550824
-68.3168316831683171 4.3736656609939217
-68.2968296829682942 23.0424856213451541
-68.2768276827682712 28.3519913428152961
-68.2568256825682624 9.6289751560595764
-68.2368236823682395 9.3600643756212989
-68.2168216821682165 26.7085875201592913
-68.1968196819681935 34.3363501100108977
-68.1768176817681706 33.3266148539371514
-68.1568156815681618 36.4667719647818984
-68.1368136813681389 35.2257742533183205
-68.1168116811681159 30.1079662493184870
-68.0968096809680929 28.2689460880431760
-68.0768076807680700 32.4894300339632309
-68.0568056805680612 23.5973253135072483
-68.0368036803680383 17.1010086409364526
-68.0168016801680153 22.2885196939832433
-67.9967996799679923 28.1449568946866364
-67.9767976797679694 27.4597830909860150
-67.9567956795679606 4.2635358205160578
-67.9367936793679377 16.4752125462502796
-67.9167916791679147 23.7641472748789617
-67.8967896789678917 26.0136549384801228
-67.8767876787678688 18.1959381714073700
-67.8567856785678600 25.3612362380102283
-67.8367836783678371 30.2000667223888613
-67.8167816781678141 28.2010939287043101
-67.7967796779678054 27.9022899666424067
-67.7767776777677682 25.5924648851751257
-67.7567756775677594 5.9976819489846935
-67.7367736773677365 29.5853680759813287
-67.7167716771677135 18.0275380774600613
-67.6967696769677048 19.4338866206760024
-67.6767676767676676 17.5916700190506603
-67.6567656765676588 34.4676868450557521
-67.6367636763676359 13.8848450288732863
-67.6167616761676129 17.6978709367765568
-67.5967596759676042 23.6305523119382244
-67.5767576757675670 26.6106727981430531
-67.5567556755675582 23.0985311358427765
-67.5367536753675353 4.5391115415817200
-67.5167516751675123 14.3306597533849001
-67.4967496749675036 43.8638654750144639
-67.4767476747674664 12.2912845683370868
-67.4567456745674576 20.8266789549159590
-67.4367436743674347 14.4583722181724230
-67.4167416741674117 18.5025274331529168
-67.3967396739674030 20.9759716019548925
-67.3767376737673658 9.7171043572193287
-67.3567356735673570 23.4894321434212117
-67.3367336733673341 31.5337371611866182
-67.3167316731673111 17.5268130849777144
-67.2967296729673023 19.0976219109925189
-67.2767276727672652 24.2980883066865587
-67.2567256725672564 24.4713189365601522
-67.2367236723672335 44.3348683466969078
-67.2167216721672105 28.8992121247673808
-67.1967196719672017 21.0689131067439703
-67.1767176717671646 24.5673052215531769
-67.1567156715671558 34.6904521799616958
-67.1367136713671329 20.5658494587851770
-67.1167116711671099 20.1583089823858685
-67.0967096709671011 23.8588337186151165
-67.0767076707670782 9.2155051447095762
-67.0567056705670552 5.2377720250669064
-67.0367036703670323 19.4308598945106077
-67.0167016701670093 26.7054583470394533
-66.9966996699670005 15.9126202102681091
-66.9766976697669776 12.6986769829771564
-66.9566956695669546 8.4915492497432759
-66.9366936693669317 16.4081405689849475
-66.9166916691669087 32.8870784272493424
-66.8966896689668999 34.6627958758882073
-66.8766876687668770 16.9047393909642700
-66.8566856685668540 5.6953982753153269
-66.8366836683668453 33.3140382591843078
-66.8166816681668081 33.6194804761526242
-66.7966796679667993 27.7296526113498274
-66.7766776677667764 16.1799638661293130
-66.7566756675667534 27.6841851826453222
-66.7366736673667447 1.3670663249156512
-66.7166716671667075 12.4177713683897473
-66.6966696669666987 29.0834108583495379
-66.6766676667666758 18.0995704906608808
-66.6566656665666528 11.4875527671469619
-66.6366636663666441 13.0061771510539543
-66.6166616661666069 15.5550702667721588
-66.5966596659665981 30.1693274942671934
-66.5766576657665752 20.2644752590999140
-66.5566556655665522 26.8441541984079777
-66.5366536653665435 0.9933151934138564
-66.5166516651665063 20.9471322154246096
-66.4966496649664975 22.1519150528708053
-66.4766476647664746 17.1718063672019312
-66.4566456645664516 7.1333804375188858
-66.4366436643664429 12.2620733773480151
-66.4166416641664057 15.0606401454433207
-66.3966396639663969 19.6163295368181245
-66.3766376637663740 10.5083112334337301
-66.3566356635663510 16.0741146724928363
-66.3366336633663423 20.6737076688944974
-66.3166316631663051 21.5269046900837928
-66.2966296629662963 24.5115264539598776
-66.2766276627662734 15.5215490799333633
-66.2566256625662504 14.1745942282541986
-66.2366236623662417 20.1957162064214728
-66.2166216621662045 24.0300775936600672
-66.1966196619661957 35.2878114483480019
-66.1766176617661728 6.3169834920273935
-66.1566156615661498 12.3550221467468049
-66.1366136613661411 13.9829265587308296
-66.1166116611661181 9.8930689473275581
-66.0966096609660951 33.5890675496993509
-66.0766076607660722 6.4351552095630886
-66.0566056605660492 31.4987491496053913
-66.0366036603660405 8.4280298410113961
-66.0166016601660175 15.2704435376084433
-65.9965996599659945 11.5678902132977939
-65.9765976597659716 36.0191268059581660
-65.9565956595659486 24.8715935735266669
-65.9365936593659399 14.2643033404615149
-65.9165916591659169 22.6170553582302034
-65.8965896589658939 2.8355182547845104
-65.8765876587658852 19.4436057556776944
-65.8565856585658480 3.5150861501949962
-65.8365836583658393 6.5977605566809494
-65.8165816581658163 15.2740645690617356
-65.7965796579657933 12.5970316420158106
-65.7765776577657846 7.2163063167331742
-65.7565756575657474 26.8377205302420023
-65.7365736573657387 20.7556018082691480
-65.7165716571657157 15.5898164112519027
-65.6965696569656927 2.2841158056447295
-65.6765676567656840 10.0406569998035717
-65.6565656565656468 8.1707884676295368
-65.6365636563656381 2.1308667008956874
-65.6165616561656151 29.9640413681083899
-65.5965596559655921 19.0011906907284960
-65.5765576557655834 15.2535590848660778
-65.5565556555655462 15.8355854617939151
-65.5365536553655375 18.5244942622297728
-65.5165516551655145 16.7672508297524594
-65.4965496549654915 27.5344710590470712
-65.4765476547654828 26.8684135783009381
-65.4565456545654456 19.9510815924103895
-65.4365436543654369 5.8351785424253162
-65.4165416541654139 15.4342054178492027
-65.3965396539653909 24.2939833783952253
-65.3765376537653822 10.7972770921792396
-65.3565356535653450 17.9112829354389476
-65.3365336533653362 19.7574761663106706
-65.3165316531653133 10.4965835525614235
-65.2965296529652903 20.0086680518008322
-65.2765276527652816 -5.3774824755522168
-65.2565256525652444 13.7647129574368527
-65.2365236523652356 15.4960994846783002
-65.2165216521652127 17.6928013858657636
-65.1965196519651897 16.1782755985839515
-65.1765176517651810 16.1618526771660207
-65.1565156515651580 13.2826840990938226
-65.1365136513651350 4.0945648102588716
-65.1165116511651121 14.6077107341308672
-65.0965096509650891 17.1939304586404731
-65.0765076507650804 10.6371552558484161
-65.0565056505650574 18.6913747112591437
-65.0365036503650344 -9.0036846123104457
-65.0165016501650115 12.6421914607605306
-64.9964996499649885 32.6669740722325201
-64.9764976497649798 24.8109710888139965
-64.9564956495649568 21.2801549727359038
-64.9364936493649338 14.5647220692368489
-64.9164916491649251 23.7425987064975388
-64.8964896489648879 6.2784961369630707
-64.8764876487648792 20.8797010426277154
-64.8564856485648562 19.9799411857061742
-64.8364836483648332 21.4153403670544478
-64.8164816481648245 -1.7818374445103018
-64.7964796479647873 18.3972919349825759
-64.7764776477647786 14.8634926120545003
-64.7564756475647556 3.0944647271223342
-64.7364736473647326 11.4495530783555015
-64.7164716471647239 -0.0042771341341350
-64.6964696469646867 28.7049010306188848
-64.6764676467646780 41.2932611097306292
-64.6564656465646550 -1.6314841415908923
-64.6364636463646320 22.0842168916493833
-64.6164616461646233 13.6990476805333206
-64.5964596459645861 23.1610238959710877
-64.5764576457645774 10.4021585669605745
-64.5564556455645544 21.7872364836524852
-64.5364536453645314 17.5001515644598555
-64.5164516451645227 11.3024142659040709
-64.4964496449644855 -10.8728018086441303
-64.4764476447644768 11.7287790060839097
-64.4564456445644538 15.6978019333410899
-64.4364436443644308 4.5761250497539745
-64.4164416441644221 6.5355351435907245
-64.3964396439643849 29.0299864242599028
-64.3764376437643762 17.4380619788391051
-64.3564356435643532 1.4322448089608049
-64.3364336433643302 25.6676689328175236
-64.3164316431643215 0.7619758802443091
-64.2964296429642843 29.5300631246471994
-64.2764276427642756 12.2097525280795853
-64.2564256425642526 16.7026118500767851
-64.2364236423642296 8.0643102382556169
-64.2164216421642209 2.0920893247402379
-64.1964196419641979 28.0832301448996020
-64.1764176417641750 16.6230438299937759
-64.1564156415641520 19.6191009135694152
-64.1364136413641290 20.3403624092654098
-64.1164116411641203 8.0320302318334669
-64.0964096409640973 12.5546528293152644
-64.0764076407640744 29.0911687880336913
-64.0564056405640514 21.1340993266684265
-64.0364036403640284 7.3192577437291417
-64.0164016401640197 4.4475472906284566
-63.9963996399639967 6.4930603667121254
-63.9763976397639738 7.2703063839426303
-63.9563956395639579 18.2102936364018504
-63.9363936393639349 12.6745198402145203
-63.9163916391639120 -3.5069804659098409
-63.8963896389638961 30.5469730828950574
-63.8763876387638732 20.5584449068257875
-63.8563856385638573 13.0187267049204554
-63.8363836383638343 14.5922363722744652
-63.8163816381638114 7.7098055640793985
-63.7963796379637955 20.7062398544765927
-63.7763776377637726 9.1930718026083831
-63.7563756375637567 4.4728230885677007
-63.7363736373637337 7.0766624228549810
-63.7163716371637179 14.9405662450148142
-63.6963696369636949 28.3497784645345661
-63.6763676367636720 9.1870477513317041
-63.6563656365636561 38.7140483285166468
-63.6363636363636331 5.9993942544703041
-63.6163616361636173 -4.8167486292687816
-63.5963596359635943 0.5772916595074786
-63.5763576357635714 21.3322450666785173
-63.5563556355635555 8.3541034416805040
-63.5363536353635325 2.8382687600134204
-63.5163516351635167 16.6605740502054687
-63.4963496349634937 16.6092106319391988
-63.4763476347634779 12.0930974317634483
-63.4563456345634549 13.7906592051066603
-63.4363436343634319 11.2525200868946218
-63.4163416341634161 5.7550275721378190
-63.3963396339633931 28.3472204082666153
-63.3763376337633773 9.0496024457013782
-63.3563356335633543 20.9953094499731030
-63.3363336333633313 4.2675520032819581
-63.3163316331633155 8.6002252828749732
-63.2963296329632925 -0.2007640140401108
-63.2763276327632767 8.6580603244712808
-63.2563256325632537 16.0422896955969989
-63.2363236323632378 4.0510092312473578
-63.2163216321632149 16.9655650523657826
-63.1963196319631919 8.4083753213090766
-63.1763176317631761 7.1174003906697898
-63.1563156315631531 17.2858725154640389
-63.1363136313631372 6.9453676084727256
-63.1163116311631143 -6.6455730165718041
-63.0963096309630913 7.7811796374879254
-63.0763076307630755 20.5341424025313160
-63.0563056305630525 5.8783771370541125
-63.0363036303630366 11.0306161702751755
-63.0163016301630137 10.7189397679947707
-62.9962996299629978 1.0721060190412857
-62.9762976297629749 12.7408099365110914
-62.9562956295629519 3.8935904964290637
-62.9362936293629360 -1.6185893191752321
-62.9162916291629131 7.2420796259653049
-62.8962896289628972 -1.1904408558680704
-62.8762876287628742 6.5581922510111639
-62.8562856285628513 4.6281393433055449
-62.8362836283628354 8.3033962295597590
-62.8162816281628125 -1.1384625716040127
-62.7962796279627966 18.9811325553793324
-62.7762776277627736 10.7516145883070617
-62.7562756275627578 20.2310997871805753
-62.7362736273627348 27.3930287341233516
-62.7162716271627119 18.5601829610240756
-62.6962696269626960 18.6039738501321068
-62.6762676267626730 1.5346069132992675
-62.6562656265626572 0.9006731992899848
-62.6362636263626342 10.3108164337820192
-62.6162616261626113 0.5630411912993090
-62.5962596259625954 10.8494892421610949
-62.5762576257625724 12.1471869775913532
-62.5562556255625566 4.6162286670297359
-62.5362536253625336 9.6314931735134479
-62.5162516251625178 4.1840120517373025
-62.4962496249624948 -1.7291751253537821
-62.4762476247624718 2.2020867985210621
-62.4562456245624560 5.5184286001323439
-62.4362436243624330 3.7592942049221785
-62.4162416241624172 13.0123625705729502
-62.3962396239623942 4.4773214543171473
-62.3762376237623712 21.2831935371592778
-62.3562356235623554 6.6106780991032732
-62.3362336233623324 8.6578596106714638
-62.3162316231623166 11.0696025091005517
-62.2962296229622936 11.6284857068672114
-62.2762276227622777 21.2849553212282849
-62.2562256225622548 5.7819068761270831
-62.2362236223622318 12.0185217158682587
-62.2162216221622160 0.6294452133350372
-62.1962196219621930 -5.3229336504637175
-62.1762176217621771 12.6727149905845664
-62.1562156215621542 11.7551436904390467
-62.1362136213621312 18.7090964137858755
-62.1162116211621154 13.6335043861517367
-62.0962096209620924 -2.4221398474717271
-62.0762076207620765 -5.0047486932947720
-62.0562056205620536 -15.2633957529124675
-62.0362036203620377 3.5184581486568680
-62.0162016201620148 15.6705138845049099
-61.9961996199619918 18.1192698666638137
-61.9761976197619759 4.8250885860517005
-61.9561956195619530 16.4548250680824246
-61.9361936193619371 8.5605302431789898
-61.9161916191619142 8.4686301398702000
-61.8961896189618912 12.0354446150564733
-61.8761876187618753 -3.0145236658337993
-61.8561856185618524 3.1592978882014071
-61.8361836183618365 11.1679472121851795
-61.8161816181618136 -1.6413364681814349
-61.7961796179617977 8.6573883347032456
-61.7761776177617747 5.3979150652112358
-61.7561756175617518 20.0078881209746626
-61.7361736173617359 4.6915072806833207
-61.7161716171617130 8.7532465777511135
-61.6961696169616971 3.3165557330630548
-61.6761676167616741 15.1880153626973318
-61.6561656165616512 -6.7736116702663658
-61.6361636163616353 16.9173235994642148
-61.6161616161616124 2.5887384492836123
-61.5961596159615965 13.1664149827727570
-61.5761576157615735 11.4168185940049725
-61.5561556155615577 -5.8505635244316219
-61.5361536153615347 0.8755370184369147
-61.5161516151615118 3.6090351406700183
-61.4961496149614959 -1.8628045044982020
-61.4761476147614729 11.0924089591745485
-61.4561456145614571 18.8142125408187759
-61.4361436143614341 14.6442974208363257
-61.4161416141614112 5.5960528037802764
-61.3961396139613953 12.0815721189638161
-61.3761376137613723 2.7069737765527493
-61.3561356135613565 5.8834000822390422
-61.3361336133613335 7.3436365313769096
-61.3161316131613177 -3.8799369750908284
-61.2961296129612947 -4.4663282310180659
-61.2761276127612717 7.2561157189397170
-61.2561256125612559 10.2913521116508164
-61.2361236123612329 2.8124998705216631
-61.2161216121612171 9.7214776286907956
-61.1961196119611941 0.6826614029362874
-61.1761176117611711 -2.3418130501745891
-61.1561156115611553 5.8930865345997434
-61.1361136113611323 24.3109180523190140
-61.1161116111611165 7.8684455631273575
-61.0961096109610935 15.0093251754350838
-61.0761076107610776 -0.9946362298880302
-61.0561056105610547 2.2165786770457343
-61.0361036103610317 -0.0796360510886496
-61.0161016101610159 27.8315953723841716
-60.9960996099609929 11.7620425806237190
-60.9760976097609770 -2.3731614137430315
-60.9560956095609541 11.4936455809417843
-60.9360936093609311 2.6514561857708090
-60.9160916091609153 10.4373550049566273
-60.8960896089608923 21.7068750730070654
-60.8760876087608764 8.3072434681954483
-60.8560856085608535 0.6730063695265276
-60.8360836083608376 7.2458084408619525
-60.8160816081608147 1.1237762209785336
-60.7960796079607917 9.3578754618415925
-60.7760776077607758 -7.8638340621352283
-60.7560756075607529 1.3043195140455492
-60.7360736073607370 -2.4892722601874824
-60.7160716071607141 4.1290319214112490
-60.6960696069606911 1.5724771897837058
-60.6760676067606752 -3.2782481967191108
-60.6560656065606523 2.5047232225531326
-60.6360636063606364 11.9886149724153981
-60.6160616061606135 -1.9283534011770742
-60.5960596059605976 -1.4995206921312136
-60.5760576057605746 -6.3807216554125912
-60.5560556055605517 8.4614691317357718
-60.5360536053605358 -0.2327935927434672
-60.5160516051605128 3.7308365595541066
-60.4960496049604970 10.8791711036132455
-60.4760476047604740 6.0313432930449871
-60.4560456045604511 8.3645961360356988
-60.4360436043604352 16.5258289638032991
-60.4160416041604122 4.4603310072148803
-60.3960396039603964 -7.8423678393381433
-60.3760376037603734 -0.3469760826567105
-60.3560356035603576 0.1111946824294350
-60.3360336033603346 15.7034215608305239
-60.3160316031603116 -7.5496253521155268
-60.2960296029602958 -1.9318633818852988
-60.2760276027602728 8.3160636947371849
-60.2560256025602570 -5.3018644238123045
-60.2360236023602340 -0.3142837866577635
-60.2160216021602110 12.9092524100776060
-60.1960196019601952 5.0111411179109666
-60.1760176017601722 -2.1224777153537371
-60.1560156015601564 -3.2241342564301978
-60.1360136013601334 1.8000709883168804
-60.1160116011601176 -2.2927658823486574
-60.0960096009600946 -4.4251615350410782
-60.0760076007600716 9.7842973490594396
-60.0560056005600558 -3.3833662943912817
-60.0360036003600328 -11.6629341950005365
-60.0160016001600169 3.3839693494839507
-59.9959995999599940 -4.1586728451597423
-59.9759975997599710 5.0553196705435921
-59.9559955995599552 2.2296962709812620
-59.9359935993599322 2.5072757154572525
-59.9159915991599163 0.6875647822651896
-59.8959895989598934 4.1374987353935859
-59.8759875987598775 4.0931454115147323
-59.8559855985598546 8.6005141646820125
-59.8359835983598316 -3.7025791719740679
-59.8159815981598157 6.1246513654126176
-59.7959795979597928 -4.9690923351290399
-59.7759775977597769 3.8862059411079244
-59.7559755975597540 18.4111853579877227
-59.7359735973597310 -2.6745814770402605
-59.7159715971597151 2.0521083461942435
-59.6959695969596922 7.5467217808496212
-59.6759675967596763 8.2577324256145790
-59.6559655965596534 14.8738931227974316
-59.6359635963596375 12.6649778877975141
-59.6159615961596145 -10.2440458177677503
-59.5959595959595916 -0.0959813397826468
-59.5759575957595757 -9.0927746365434050
-59.5559555955595528 4.3521119663022168
-59.5359535953595369 7.6061072378007069
-59.5159515951595139 1.5563218606622335
-59.4959495949594910 8.7403575293440312
-59.4759475947594751 3.4447274340746716
-59.4559455945594522 -0.5000469346049301
-59.4359435943594363 9.3082403500318023
-59.4159415941594133 -2.7570974172993163
-59.3959395939593975 2.8949044831377515
-59.3759375937593745 0.4701747260425765
-59.3559355935593516 -20.5429721981299842
-59.3359335933593357 -10.4085914728367346
-59.3159315931593127 1.9060240689787680
-59.2959295929592969 0.6136843120605902
-59.2759275927592739 -7.3056915524773167
-59.2559255925592510 -1.0323815549091604
-59.2359235923592351 -2.7869410133688088
-59.2159215921592121 -0.6394018148333984
-59.1959195919591963 -2.5436717600508976
-59.1759175917591733 -9.6240078695682492
-59.1559155915591575 9.6654078804517152
-59.1359135913591345 2.2098539698812507
-59.1159115911591115 -16.3214975798582387
-59.0959095909590957 -20.7571854978647430
-59.0759075907590727 1.0237045081647940
-59.0559055905590569 -7.1509434622528456
-59.0359035903590339 4.4173542487385209
-59.0159015901590109 -5.8418308443923372
-58.9958995899589951 -6.3433416709297799
-58.9758975897589721 2.0874654163823281
-58.9558955895589563 1.2161718184458468
-58.9358935893589333 -20.8692232550350170
-58.9158915891589103 0.7704986429998120
-58.8958895889588945 10.0371462464174552
-58.8758875887588715 -9.2321443407229644
-58.8558855885588557 -2.0733534219184646
-58.8358835883588327 1.6840101109486998
-58.8158815881588168 -16.6767829248763739
-58.7958795879587939 -18.8774694352058958
-58.7758775877587709 -14.5413940558038668
-58.7558755875587551 1.6625586408298618
-58.7358735873587321 -8.9326646067462825
-58.7158715871587162 -8.0552504404695178
-58.6958695869586933 9.9819048032255857
-58.6758675867586703 -12.3409849180881217
-58.6558655865586545 -9.6870295323157638
-58.6358635863586315 7.1830422889169183
-58.6158615861586156 -11.4236421556899508
-58.5958595859585927 -10.9058414032885729
-58.5758575857585768 -2.3374873103578384
-58.5558555855585539 -7.9317087079607731
-58.5358535853585309 -2.7571031919890050
-58.5158515851585150 -0.6760789106172123
-58.4958495849584921 -5.6305971441034979
-58.4758475847584762 -0.9330022601077728
-58.4558455845584533 -17.7324243690153303
-58.4358435843584303 -11.1881797319687699
-58.4158415841584144 -2.3923966835622545
-58.3958395839583915 -8.9934216565187661
-58.3758375837583756 21.9964807688320079
-58.3558355835583527 -11.8759122408326370
-58.3358335833583368 10.2306034394266767
-58.3158315831583138 -3.2466587984951034
-58.2958295829582909 -5.5950237086861465
-58.2758275827582750 4.3644192458914199
-58.2558255825582521 -14.6335825254640781
-58.2358235823582362 3.0680731696808268
-58.2158215821582132 -0.1633804512728920
-58.1958195819581903 -13.1538703535139128
-58.1758175817581744 -5.4519053641389057
-58.1558155815581515 -4.6822247792206015
-58.1358135813581356 -11.0315010816053025
-58.1158115811581126 -11.5176309487973807
-58.0958095809580968 -9.8396397903411490
-58.0758075807580738 -2.6586813972216961
-58.0558055805580508 -4.7714415498001861
-58.0358035803580350 4.3802143353371097
-58.0158015801580120 -0.4127861407347240
-57.9957995799579962 -9.6775707658833898
-57.9757975797579732 4.9453055127849579
-57.9557955795579502 7.5032287608907353
-57.9357935793579344 -6.2100797190582977
-57.9157915791579114 -6.7221985022382338
-57.8957895789578956 -7.3788901773874382
-57.8757875787578726 -9.5249728305031844
-57.8557855785578568 -14.7411554128841260
-57.8357835783578338 -14.4701528050163830
-57.8157815781578108 -12.1599443643159724
-57.7957795779577950 -4.4115540662982724
-57.7757775777577720 -8.2912242708683195
-57.7557755775577562 -16.2530278475077097
-57.7357735773577332 -13.8986488134665649
-57.7157715771577102 -6.3583000844152613
-57.6957695769576944 -5.6386591771743788
-57.6757675767576714 1.2112952049739301
-57.6557655765576555 1.6849350171981117
-57.6357635763576326 -6.9888809401801453
-57.6157615761576167 -5.3801989588348711
-57.5957595759575938 -14.3150688515502225
-57.5757575757575708 3.1972064138375007
-57.5557555755575549 -4.7401271609513334
-57.5357535753575320 -9.6787496564622426
-57.5157515751575161 -14.6849259947951669
-57.4957495749574932 -6.3679769181754233
-57.4757475747574702 -12.0727588529632612
-57.4557455745574543 2.2668730325818229
-57.4357435743574314 -5.7363521105206621
-57.4157415741574155 -11.4536262878000841
-57.3957395739573926 -4.9136541616933496
-57.3757375737573767 -3.3600193675843233
-57.3557355735573537 5.6690524445529578
-57.3357335733573308 -16.6388923786607990
-57.3157315731573149 -3.4053588830016110
-57.2957295729572920 -9.0411596473016118
-57.2757275727572761 -2.9176432756365269
-57.2557255725572531 -16.6295029454589312
-57.2357235723572302 -2.3582330117805279
-57.2157215721572143 -16.6522531611587041
-57.1957195719571914 4.9598042288663073
-57.1757175717571755 -15.4606506678725566
-57.1557155715571525 -6.0270537121501491
-57.1357135713571367 -5.5686662045709454
-57.1157115711571137 -15.3448430503854798
-57.0957095709570908 -6.9259829812553866
-57.0757075707570749 -14.6001844800672131
-57.0557055705570519 -11.6879736362936697
-57.0357035703570361 -6.0914566984388472
-57.0157015701570131 -7.9830933211767334
-56.9956995699569902 -15.6327921623438790
-56.9756975697569743 0.8643629574645324
-56.9556955695569513 -20.9107919883337559
-56.9356935693569355 -10.7966803260603577
-56.9156915691569125 8.2159646839294727
-56.8956895689568967 -13.2452053735198412
-56.8756875687568737 -14.5003319556302870
-56.8556855685568507 -13.4690487459134438
-56.8356835683568349 4.2546611378380295
-56.8156815681568119 -17.7147149101165766
-56.7956795679567961 -6.6946782509726113
-56.7756775677567731 -5.6254728878887832
-56.7556755675567501 -23.1832364900835088
-56.7356735673567343 -4.0442535357776546
-56.7156715671567113 -9.8017094349519454
-56.6956695669566955 -5.8204595644890214
-56.6756675667566725 -4.4009767017425521
-56.6556655665566566 -13.2148316676366981
-56.6356635663566337 -0.4131548555034801
-56.6156615661566107 -19.6485602835204745
-56.5956595659565949 -14.4769794427751748
-56.5756575657565719 -21.8800161838970268
-56.5556555655565560 -16.6040144241242338
-56.5356535653565331 -20.0374568071669650
-56.5156515651565101 -11.7731652422085453
-56.4956495649564943 -2.8672422056371261
-56.4756475647564713 -18.8496716295628453
-56.4556455645564554 -11.1696596745832597
-56.4356435643564325 -18.1785819839411502
-56.4156415641564166 -22.2487763747770408
-56.3956395639563937 -17.8405846112306001
-56.3756375637563707 -9.5594690057189897
-56.3556355635563548 -3.7424031715066750
-56.3356335633563319 -4.4276401235692262
-56.3156315631563160 -17.4920363471464171
-56.2956295629562931 -14.8660369194354356
-56.2756275627562701 -29.8758499422852850
-56.2556255625562542 -26.9454919405812916
-56.2356235623562313 -20.4856022325226235
-56.2156215621562154 -18.6401129674088750
-56.1956195619561925 -8.2663739528423186
-56.1756175617561766 -20.3855277170001088
-56.1556155615561536 -8.7524831903167080
-56.1356135613561307 -27.0918040899936123
-56.1156115611561148 -22.9842592498093197
-56.0956095609560919 -12.1416393724442777
-56.0756075607560760 -14.2487004803824551
-56.0556055605560530 -13.2082207418511519
-56.0356035603560301 -7.5200237940103447
-56.0156015601560142 -4.4542826429636744
-55.9955995599559913 -6.6872307426851973
-55.9755975597559754 -7.7474156666892933
-55.9555955595559524 -9.2612334137657673
-55.9355935593559366 -11.7265479345586776
-55.9155915591559136 -17.1351909839554786
-55.8955895589558907 -12.6281022992656951
-55.8755875587558748 -20.6070379240580408
-55.8555855585558518 -14.8983637588452584
-55.8355835583558360 -14.0750557724056780
-55.8155815581558130 -19.5053405515041867
-55.7955795579557901 -0.8056521673859507
-55.7755775577557742 -23.2924695250630194
-55.7555755575557512 -17.2125578105752837
-55.7355735573557354 -17.4668995338834812
-55.7155715571557124 -18.2467015451589134
-55.6955695569556966 -9.4065826833373141
-55.6755675567556736 -9.7724103228282200
-55.6555655565556506 -24.3192027531887902
-55.6355635563556348 -4.9252310998743383
-55.6155615561556118 -8.1309967192173112
-55.5955595559555960 -5.6141444589631568
-55.5755575557555730 -12.7305478511469374
-55.5555555555555500 -17.1417542752422349
-55.5355535553555342 -1.1726610436483949
-55.5155515551555112 2.0153936162831503
-55.4955495549554954 -17.6343080876881686
-55.4755475547554724 -5.1654077356440844
-55.4555455545554565 -16.1153924651804417
-55.4355435543554336 -14.8103955145500041
-55.4155415541554106 -23.7089884396095165
-55.3955395539553948 -22.1341053579197897
-55.3755375537553718 -29.0776663413212759
-55.3555355535553559 -34.9115465761687460
-55.3355335533553330 -6.9165799572100362
-55.3155315531553100 -7.9156335738736745
-55.2955295529552942 -5.8347669072937585
-55.2755275527552712 -30.2736549007689604
-55.2555255525552553 -23.8680472847792942
-55.2355235523552324 -25.9979138240005057
-55.2155215521552165 -15.6362906336098728
-55.1955195519551935 -16.0490775063243873
-55.1755175517551706 -21.4292435192122710
-55.1555155515551547 -16.9342941671170273
-55.1355135513551318 -4.6459074434456014
-55.1155115511551159 -19.8555034537889661
-55.0955095509550929 -17.2331728539500553
-55.0755075507550700 -3.7034419596097319
-55.0555055505550541 -17.0942574092219033
-55.0355035503550312 -6.6783443667482256
-55.0155015501550153 -11.3873688242646338
-54.9954995499549923 -4.3114169345501416
-54.9754975497549765 -0.6528878680569292
-54.9554955495549535 -13.1538795651162577
-54.9354935493549306 -17.7066367563933333
-54.9154915491549147 -26.8522010363108308
-54.8954895489548917 -18.8508976460688409
-54.8754875487548759 -20.6651703010268690
-54.8554855485548529 -15.1230453819838022
-54.8354835483548300 -3.6667570585440910
-54.8154815481548141 -14.3378928017864098
-54.7954795479547911 -0.5854493830996041
-54.7754775477547753 -18.9132933171390185
-54.7554755475547523 -21.6569508560135340
-54.7354735473547365 -17.8722554769649484
-54.7154715471547135 -11.7726387018392593
-54.6954695469546905 -24.6900440535520929
-54.6754675467546747 -21.8891917235884392
-54.6554655465546517 -4.4220477938436495
-54.6354635463546359 -20.5585184985821492
-54.6154615461546129 -27.8836823743351054
-54.5954595459545899 -6.5026851229744072
-54.5754575457545741 -14.8667214679335054
-54.5554555455545511 -32.7858346793780058
-54.5354535453545353 -22.8418832208247800
-54.5154515451545123 -13.2489507456516691
-54.4954495449544964 -8.7031271881170387
-54.4754475447544735 -1.5132549705231497
-54.4554455445544505 -12.5151419125219299
-54.4354435443544347 -13.0838135908870363
-54.4154415441544117 -17.9155766480505072
-54.3954395439543958 -10.9752431435927331
-54.3754375437543729 -14.5495519920195981
-54.3554355435543499 -24.5948843566347719
-54.3354335433543341 -24.4267140877424964
-54.3154315431543111 -25.6970340561004136
-54.2954295429542952 -6.5976913104172255
-54.2754275427542723 -17.2848569317500207
-54.2554255425542564 -33.8237214705180307
-54.2354235423542335 -15.1671638237088651
-54.2154215421542105 -25.1940192649956636
-54.1954195419541946 -20.4865767610809399
-54.1754175417541717 -20.7521638939999953
-54.1554155415541558 -34.5322056919418898
-54.1354135413541329 -7.2559276591058062
-54.1154115411541099 -15.2649960982174857
-54.0954095409540940 -26.3598824887132821
-54.0754075407540711 -27.9515383260767400
-54.0554055405540552 -14.9990384346962689
-54.0354035403540323 -17.8931756946469704
-54.0154015401540164 -19.4003214259839432
-53.9953995399539934 -26.0036694990575867
-53.9753975397539705 -26.1466825122227178
-53.9553955395539546 -31.6235966964387671
-53.9353935393539317 -36.6005380448034856
-53.9153915391539158 -2.4111406604372192
-53.8953895389538928 -19.0193454209286301
-53.8753875387538699 -22.6986294141650760
-53.8553855385538540 -11.2099851545109406
-53.8353835383538311 -32.5726260079562024
-53.8153815381538152 -30.2124865620546856
-53.7953795379537922 -24.9645016142799143
-53.7753775377537764 -21.4830794289633147
-53.7553755375537534 -13.7884560605621331
-53.7353735373537305 -18.1335083491381610
-53.7153715371537146 -25.9347605621128068
-53.6953695369536916 -32.3677145367125192
-53.6753675367536758 -23.1395139206596880
-53.6553655365536528 -16.9022266397260026
-53.6353635363536299 -31.4475996434678962
-53.6153615361536140 -23.2684731573225925
-53.5953595359535910 -29.6269770347236481
-53.5753575357535752 -20.6269365916255190
-53.5553555355535522 -26.9801574630530219
-53.5353535353535364 -27.5841382290691399
-53.5153515351535134 -24.2340940887549579
-53.4953495349534904 -36.4045154056173246
-53.4753475347534746 -17.7762155116389877
-53.4553455345534516 -17.3915370432148961
-53.4353435343534358 -15.1740015915582447
-53.4153415341534128 -19.5438446112589475
-53.3953395339533898 -11.2727644467292762
-53.3753375337533740 -17.0289421206605169
-53.3553355335533510 -17.9348638449072482
-53.3353335333533352 -28.7879523992912745
-53.3153315331533122 -37.9790295626734462
-53.2953295329532963 -24.8875104333838628
-53.2753275327532734 -27.2990545595049383
-53.2553255325532504 -22.2528545217646219
-53.2353235323532346 -23.4117942094905338
-53.2153215321532116 -20.6509683033736309
-53.1953195319531957 -25.2643117201948435
-53.1753175317531728 -40.2110618233200938
-53.1553155315531498 -6.9987034268367800
-53.1353135313531340 -33.4511894442288451
-53.1153115311531110 -48.4600763100701073
-53.0953095309530951 -11.9373042355266108
-53.0753075307530722 -44.0816884821584551
-53.0553055305530563 -31.8852618618271606
-53.0353035303530334 -20.6933831855890915
-53.0153015301530104 -14.0265348655922697
-52.9952995299529945 -5.6765367449473025
-52.9752975297529716 -28.4267379192785832
-52.9552955295529557 -28.2717297372202587
-52.9352935293529328 -29.9369933883703396
-52.9152915291529098 -30.9931916511306724
-52.8952895289528939 -28.9322209551582645
-52.8752875287528710 -14.1910863090095187
-52.8552855285528551 -21.3807065160701697
-52.8352835283528321 -15.5425103064089924
-52.8152815281528163 -32.7615566424790359
-52.7952795279527933 -29.7660047502925167
-52.7752775277527704 -35.4244957608611060
-52.7552755275527545 -21.5922783415414976
-52.7352735273527315 -23.7976377637427454
-52.7152715271527157 -19.1610952436790640
-52.6952695269526927 -20.8192883311778871
-52.6752675267526698 -22.9162228834095281
-52.6552655265526539 -18.5330912731841160
-52.6352635263526309 -25.2708411035196114
-52.6152615261526151 -35.2147287999489862
-52.5952595259525921 -38.7891899251704828
-52.5752575257525763 -38.7705445659352392
-52.5552555255525533 -26.8515462832480516
-52.5352535253525303 -28.8345804532344303
-52.5152515251525145 -20.1597238263555170
-52.4952495249524915 -22.6180952678207881
-52.4752475247524757 -29.1042121297361973
-52.4552455245524527 -26.7443592511519448
-52.4352435243524297 -6.6236423529696076
-52.4152415241524139 -27.5983765378291181
-52.3952395239523909 -22.2435291963332133
-52.3752375237523751 -29.1389711980138770
-52.3552355235523521 -19.7480077829993945
-52.3352335233523362 -23.6954063686169185
-52.3152315231523133 -29.2244392551552714
-52.2952295229522903 -26.7831475749452395
-52.2752275227522745 -31.8938317723985350
-52.2552255225522515 -50.2226075776611793
-52.2352235223522356 -20.1412763394371339
-52.2152215221522127 -32.9184522379748614
-52.1952195219521897 -16.0586886547925367
-52.1752175217521739 -28.8742284830100751
-52.1552155215521509 -25.2280115606629955
-52.1352135213521350 -18.0999857574876373
-52.1152115211521121 -39.8271813391905312
-52.0952095209520962 -20.0160150716450929
-52.0752075207520733 -17.2685512473580829
-52.0552055205520503 -28.4762101287576499
-52.0352035203520344 -28.3041473593367172
-52.0152015201520115 -26.0491310055127698
-51.9951995199519956 -39.0202158435674704
-51.9751975197519727 -21.1036139763558666
-51.9551955195519497 -30.2362448236078016
-51.9351935193519338 -44.4469992635386859
-51.9151915191519109 -19.3674180361027410
-51.8951895189518950 -46.0313241486593370
-51.8751875187518721 -30.3964405099625274
-51.8551855185518562 -23.4527330529563152
-51.8351835183518332 -16.7161350033504874
-51.8151815181518103 -40.0346752007354780
-51.7951795179517944 -21.1665803182096610
-51.7751775177517715 -39.9478973793243881
-51.7551755175517556 -39.6304581333973545
-51.7351735173517326 -25.2798729824442781
-51.7151715171517097 -24.9886230261212532
-51.6951695169516938 -19.5389157198580961
-51.6751675167516709 -14.4936272128956425
-51.6551655165516550 -36.5080893279668999
-51.6351635163516320 -29.5812004182510755
-51.6151615161516162 -23.2464034137523825
-51.5951595159515932 -31.3060353643522582
-51.5751575157515703 -29.4073789709169411
-51.5551555155515544 -14.9005719982360922
-51.5351535153515314 -34.0906848577428860
-51.5151515151515156 -26.9506217008191413
-51.4951495149514926 -39.6793793723479808
-51.4751475147514697 -21.1632570740148438
-51.4551455145514538 -36.7861222232211489
-51.4351435143514308 -33.7085485101616342
-51.4151415141514150 -24.0756842463675120
-51.3951395139513920 -39.9695479124889061
-51.3751375137513762 -26.9591965034026870
-51.3551355135513532 -19.6603356359361285
-51.3351335133513302 -32.2097361496108832
-51.3151315131513144 -28.9738446205423088
-51.2951295129512914 -29.9776805125698758
-51.2751275127512756 -23.3141804308320744
-51.2551255125512526 -30.1682922065231374
-51.2351235123512296 -15.6007313377900072
-51.2151215121512138 -25.3332507344311608
-51.1951195119511908 -44.4984062336426831
-51.1751175117511750 -40.7044603484934981
-51.1551155115511520 -32.2149910128347656
-51.1351135113511361 -31.2778986822965237
-51.1151115111511132 -35.8629886808934941
-51.0951095109510902 -45.2265805744655864
-51.0751075107510744 -29.9309428148987315
-51.0551055105510514 -34.4477906878726827
-51.0351035103510355 0.1460125260565057
-51.0151015101510126 -31.1624811664746808
-50.9950995099509896 -21.1166567015846312
-50.9750975097509738 -54.7127483576329823
-50.9550955095509508 -41.0425110352942966
-50.9350935093509349 -39.6547057456698084
-50.9150915091509120 -16.7957932993520984
-50.8950895089508961 -39.7030715814508639
-50.8750875087508732 -26.6717334572167886
-50.8550855085508502 -34.7116208311564378
-50.8350835083508343 -35.3562424066917274
-50.8150815081508114 -32.7482282571781269
-50.7950795079507955 -20.7441122051373412
-50.7750775077507726 -23.1096560765933035
-50.7550755075507496 -27.3090366142204957
-50.7350735073507337 -20.6412428434761530
-50.7150715071507108 -37.0531688916410431
-50.6950695069506949 -29.7284614832974086
-50.6750675067506720 -28.9110441013053325
-50.6550655065506561 -44.5443170029127344
-50.6350635063506331 -18.9617943951278320
-50.6150615061506102 -44.8587382532207926
-50.5950595059505943 -38.2326532869867464
-50.5750575057505714 -38.4684215316697049
-50.5550555055505555 -49.4603337286381048
-50.5350535053505325 -43.4507049978836122
-50.5150515051505096 -39.2783727625614034
-50.4950495049504937 -27.9221451633187314
-50.4750475047504708 -25.7973208289929374
-50.4550455045504549 -26.4314541348287833
-50.4350435043504319 -30.3334950823225000
-50.4150415041504161 -46.7823979280284945
-50.3950395039503931 -24.5991435232579576
-50.3750375037503701 -37.7340349030201878
-50.3550355035503543 -40.3939416935428142
-50.3350335033503313 -23.7635259212354555
-50.3150315031503155 -43.0411786362461015
-50.2950295029502925 -23.2959732227666123
-50.2750275027502695 -31.8263497185800368
-50.2550255025502537 -40.1372944435341239
-50.2350235023502307 -42.2872742651946325
-50.2150215021502149 -21.7325903019677611
-50.1950195019501919 -39.1903929907849644
-50.1750175017501761 -52.1345103995789998
-50.1550155015501531 -28.4029068114813015
-50.1350135013501301 -40.9249308859668304
-50.1150115011501143 -31.9872179024735672
-50.0950095009500913 -35.9592059674345137
-50.0750075007500755 -42.9303598216949212
-50.0550055005500525 -28.0208806762827329
-50.0350035003500295 -29.7904574532185755
-50.0150015001500137 -29.4962824437464448
-49.9949994999499907 -44.4588499737051350
-49.9749974997499748 -39.2240709115463986
-49.9549954995499519 -28.5235867129277771
-49.9349934993499360 -50.2668836735812334
-49.9149914991499131 -36.5162166264919605
-49.8949894989498901 -43.9473064998945659
-49.8749874987498742 -42.6983264050933471
-49.8549854985498513 -44.8813554226121312
-49.8349834983498354 -41.4636254725274824
-49.8149814981498125 -37.7986425129264205
-49.7949794979497895 -44.0967994711070475
-49.7749774977497736 -50.3480970746327117
-49.7549754975497507 -28.6844075865472341
-49.7349734973497348 -30.7823396279544248
-49.7149714971497119 -35.1493596539463056
-49.6949694969496960 -25.8506925156496017
-49.6749674967496730 -43.1492975863951287
-49.6549654965496501 -30.7810494577371436
-49.6349634963496342 -41.7381641977557152
-49.6149614961496113 -17.1066321867959239
-49.5949594959495954 -44.9528208987935756
-49.5749574957495724 -45.2946989270225515
-49.5549554955495495 -39.3381877968943314
-49.5349534953495336 -38.6389072552913362
-49.5149514951495107 -31.6951166559390494
-49.4949494949494948 -34.1186442739848346
-49.4749474947494718 -41.2049086841839980
-49.4549454945494560 -39.4508576599226330
-49.4349434943494330 -29.4623841740858410
-49.4149414941494101 -32.8891238639826895
-49.3949394939493942 -30.0051392557064815
-49.3749374937493712 -26.8160653462475338
-49.3549354935493554 -38.0957820455905747
-49.3349334933493324 -45.3508029443359391
-49.3149314931493095 -30.8268204420418819
-49.2949294929492936 -42.0670290288178848
-49.2749274927492706 -46.1767316818070199
-49.2549254925492548 -48.6849633288947814
-49.2349234923492318 -41.3542473893874813
-49.2149214921492160 -52.9676286038156974
-49.1949194919491930 -34.0773678083031228
-49.1749174917491700 -30.8966968314141894
-49.1549154915491542 -40.8505612560004820
-49.1349134913491312 -38.4863729993550052
-49.1149114911491154 -41.3500307724101219
-49.0949094909490924 -41.5694141873296346
-49.0749074907490694 -41.2595631980305697
-49.0549054905490536 -34.1022689955607987
-49.0349034903490306 -47.4725652274079408
-49.0149014901490148 -45.5797271169394662
-48.9948994899489918 -48.3206294496264448
-48.9748974897489759 -27.3650259128745361
-48.9548954895489530 -49.8192912902059106
-48.9348934893489300 -23.7286611372818399
-48.9148914891489142 -50.6831427192032109
-48.8948894889488912 -55.8020168121833819
-48.8748874887488753 -35.6320738387835192
-48.8548854885488524 -34.8639053280001079
-48.8348834883488294 -43.3895121907594969
-48.8148814881488136 -25.3716851218826633
-48.7948794879487906 -32.0912773402727964
-48.7748774877487747 -44.4826468130632620
-48.7548754875487518 -43.4242363885595566
-48.7348734873487288 -54.2023318830302756
-48.7148714871487130 -58.5822797202998160
-48.6948694869486900 -26.7849644128224895
-48.6748674867486741 -41.6796578486454052
-48.6548654865486512 -47.4190857335816958
-48.6348634863486353 -36.7701334994803730
-48.6148614861486124 -43.0270032990536322
-48.5948594859485894 -54.2486736865939250
-48.5748574857485735 -34.1659979450451985
-48.5548554855485506 -38.5772393817895036
-48.5348534853485347 -40.7062522901716903
-48.5148514851485118 -29.9152546249988092
-48.4948494849484888 -32.3872370579039739
-48.4748474847484729 -49.3675263966568565
-48.4548454845484500 -25.7846829265258712
-48.4348434843484341 -48.4997783692607669
-48.4148414841484112 -33.4394658237269411
-48.3948394839483953 -41.9268781259699637
-48.3748374837483723 -21.7299063319957959
-48.3548354835483494 -37.1198826381458815
-48.3348334833483335 -37.8285045203442962
-48.3148314831483106 -39.4858097299458777
-48.2948294829482947 -20.1193772624292926
-48.2748274827482717 -39.0560190974771260
-48.2548254825482488 -54.1265659066923206
-48.2348234823482329 -43.6005046410620594
-48.2148214821482100 -41.4820808976145017
-48.1948194819481941 -52.5877295575242485
-48.1748174817481711 -30.1238634284076632
-48.1548154815481553 -50.7366231095547491
-48.1348134813481323 -26.9783509397728949
-48.1148114811481094 -30.2165363822944748
-48.0948094809480935 -48.5431759215112493
-48.0748074807480705 -42.6005688048117861
-48.0548054805480547 -37.7425169510856620
-48.0348034803480317 -40.3867824011530416
-48.0148014801480087 -41.9984857468030697
-47.9947994799479929 -31.4828341897471091
-47.9747974797479699 -40.9987465934684465
-47.9547954795479541 -51.3237041168080026
-47.9347934793479311 -30.7582171631928105
-47.9147914791479153 -40.5608449586389526
-47.8947894789478923 -47.1496192394640516
-47.8747874787478693 -35.8944294502484382
-47.8547854785478535 -46.7218851757462872
-47.8347834783478305 -56.6655555095005425
-47.8147814781478147 -62.8606344044900140
-47.7947794779477917 -37.8903581384801242
-47.7747774777477687 -45.4010764346421354
-47.7547754775477529 -48.3298685559500427
-47.7347734773477299 -46.2087299242127614
-47.7147714771477141 -62.7973317320973976
-47.6947694769476911 -42.0402637512667638
-47.6747674767476752 -42.1742788986252961
-47.6547654765476523 -37.3561692705862640
-47.6347634763476293 -53.8016192370728419
-47.6147614761476135 -32.5334116321998934
-47.5947594759475905 -44.9448123285852361
-47.5747574757475746 -42.8770198072328270
-47.5547554755475517 -41.2690177551470043
-47.5347534753475287 -47.3564433183623521
-47.5147514751475128 -62.9189867252413606
-47.4947494749474899 -45.2721929402043770
-47.4747474747474740 -41.5301577160628881
-47.4547454745474511 -40.2444849320341973
-47.4347434743474352 -30.4223273847712115
-47.4147414741474122 -49.2834600759359773
-47.3947394739473893 -48.1338943416730203
-47.3747374737473734 -43.4159879482396462
-47.3547354735473505 -42.0351917074719026
-47.3347334733473346 -40.6497757572244254
-47.3147314731473116 -43.1114240259894288
-47.2947294729472887 -60.6518034325981361
-47.2747274727472728 -32.0015363031027675
-47.2547254725472499 -38.2705573808755375
-47.2347234723472340 -49.7270868706559028
-47.2147214721472110 -47.4136100540434668
-47.1947194719471952 -44.1002448186200482
-47.1747174717471722 -36.9187702059337823
-47.1547154715471493 -46.2158746237409233
-47.1347134713471334 -32.7347353513810759
-47.1147114711471104 -67.0204975321316567
-47.0947094709470946 -58.9409905010081161
-47.0747074707470716 -40.3875595027419507
-47.0547054705470487 -51.0544072492168866
-47.0347034703470328 -55.2021976162244457
-47.0147014701470098 -39.2453196173501198
-46.9946994699469940 -36.2284420525259634
-46.9746974697469710 -39.7513761976931690
-46.9546954695469552 -56.1740267018107389
-46.9346934693469322 -59.5510813105232018
-46.9146914691469092 -38.0422126072040356
-46.8946894689468934 -42.5828473456830849
-46.8746874687468704 -49.2196154059427471
-46.8546854685468546 -53.1478873022346576
-46.8346834683468316 -49.3310497365176062
-46.8146814681468086 -54.2017751328812878
-46.7946794679467928 -48.7366147913938974
-46.7746774677467698 -39.3003165257800759
-46.7546754675467540 -57.5223644145022561
-46.7346734673467310 -48.2897863632573419
-46.7146714671467151 -45.8821494249899686
-46.6946694669466922 -41.1573227597914837
-46.6746674667466692 -43.8338464146320206
-46.6546654665466534 -49.8811025105922212
-46.6346634663466304 -47.9235204132294683
-46.6146614661466145 -57.9159083349934463
-46.5946594659465916 -47.1795215119634577
-46.5746574657465686 -45.9005862679449947
-46.5546554655465528 -51.4056368833381470
-46.5346534653465298 -60.9106978733158400
-46.5146514651465139 -52.7358286173504993
-46.4946494649464910 -46.5683927985943029
-46.4746474647464751 -54.5676087806833223
-46.4546454645464522 -32.2314625312343281
-46.4346434643464292 -40.3388132372265105
-46.4146414641464133 -52.2217667462725785
-46.3946394639463904 -45.2412165416268408
-46.3746374637463745 -47.7413886631722590
-46.3546354635463516 -48.1001505839012395
-46.3346334633463286 -50.3869180250855209
-46.3146314631463127 -29.1962799500564927
-46.2946294629462898 -53.0732771002944048
-46.2746274627462739 -55.6226423780050752
-46.2546254625462510 -57.0348552212706039
-46.2346234623462351 -49.8608854816774141
-46.2146214621462121 -41.9779139636347622
-46.1946194619461892 -62.1266359908496355
-46.1746174617461733 -49.1394532391936210
-46.1546154615461504 -46.3367409931092880
-46.1346134613461345 -46.8949062787231625
-46.1146114611461115 -32.6508013788823632
-46.0946094609460886 -51.6111752419869561
-46.0746074607460727 -54.8811687246477362
-46.0546054605460498 -44.8710237246346395
-46.0346034603460339 -39.6530239201693320
-46.0146014601460109 -45.2025420890498140
-45.9945994599459951 -55.0511864130358219
-45.9745974597459721 -32.4937892051053439
-45.9545954595459492 -64.4301628573077352
-45.9345934593459333 -52.3287359099158280
-45.9145914591459103 -59.1850321375962807
-45.8945894589458945 -47.1554130418247794
-45.8745874587458715 -45.4749730444707438
-45.8545854585458486 -34.5462561754958273
-45.8345834583458327 -45.6688112269313109
-45.8145814581458097 -36.0420264669301105
-45.7945794579457939 -45.3185549305267159
-45.7745774577457709 -49.3497036070727120
-45.7545754575457551 -61.9057121061089930
-45.7345734573457321 -44.0711079659558038
-45.7145714571457091 -46.8072114823495795
-45.6945694569456933 -42.7428314361535797
-45.6745674567456703 -71.1935142959052598
-45.6545654565456545 -51.7459458812122151
-45.6345634563456315 -46.5446754103993214
-45.6145614561456085 -53.8157699957764777
-45.5945594559455927 -45.6759671100669635
-45.5745574557455697 -50.6273469976783588
-45.5545554555455539 -49.8912431765575590
-45.5345534553455309 -46.7575703048691054
-45.5145514551455150 -47.6956785857547274
-45.4945494549454921 -54.7104841782314963
-45.4745474547454691 -48.3364979271162341
-45.4545454545454533 -54.6027888510181185
-45.4345434543454303 -51.3152815431349296
-45.4145414541454144 -62.1622814211504391
-45.3945394539453915 -61.4363278818947407
-45.3745374537453685 -59.9740842502845766
-45.3545354535453527 -50.0866598734463793
-45.3345334533453297 -61.6805566104507648
-45.3145314531453138 -51.1603115698517144
-45.2945294529452909 -52.4251273425848083
-45.2745274527452750 -52.0779826890146182
-45.2545254525452521 -58.6668220721362488
-45.2345234523452291 -55.5887509914695599
-45.2145214521452132 -49.8277348774178250
-45.1945194519451903 -48.8303700133983227
-45.1745174517451744 -42.8877738297689035
-45.1545154515451514 -63.3020935717315680
-45.1345134513451285 -44.9865504847885376
-45.1145114511451126 -46.9381291327738737
-45.0945094509450897 -52.9513141270815098
-45.0745074507450738 -69.7020807604963153
-45.0545054505450508 -50.1017410339770208
-45.0345034503450350 -65.1976569549915297
-45.0145014501450120 -52.3524939761394279
-44.9944994499449891 -65.8912903752673600
-44.9744974497449732 -56.3294632050440782
-44.9544954495449502 -53.5994952219026857
-44.9344934493449344 -50.1419833759851201
-44.9144914491449114 -64.1260471820366860
-44.8944894489448885 -69.7254534042436376
-44.8744874487448726 -45.1840061412448222
-44.8544854485448496 -48.7284952318688909
-44.8344834483448338 -52.2511026622096821
-44.8144814481448108 -60.3439063374912124
-44.7944794479447950 -53.1206357134030114
-44.7744774477447720 -54.5140601128945050
-44.7544754475447490 -50.5592129140474995
-44.7344734473447332 -62.0999099781743240
-44.7144714471447102 -53.2044567528134564
-44.6944694469446944 -48.4338662329519067
-44.6744674467446714 -62.1608145301842825
-44.6544654465446484 -67.3674644164336343
-44.6344634463446326 -62.8602447162584639
-44.6144614461446096 -52.0527600633226726
-44.5944594459445938 -52.7636458061708140
-44.5744574457445708 -64.6294780284553525
-44.5544554455445549 -59.5548290510500991
-44.5344534453445320 -69.6006290993916821
-44.5144514451445090 -59.8870695514886151
-44.4944494449444932 -56.3399970601716831
-44.4744474447444702 -58.1239827693417723
-44.4544454445444543 -55.1904452972402026
-44.4344434443444314 -64.6220766386574610
-44.4144414441444084 -53.3575838492785905
-44.3944394439443926 -48.5102382948127300
-44.3744374437443696 -51.7909126215448197
-44.3544354435443537 -49.8231615333912785
-44.3344334433443308 -61.8155158717218569
-44.3144314431443149 -46.2651162555520372
-44.2944294429442920 -53.8392561428686420
-44.2744274427442690 -59.4277494091500742
-44.2544254425442531 -52.9644234630891759
-44.2344234423442302 -51.2881262798724293
-44.2144214421442143 -39.9593422476251732
-44.1944194419441914 -54.0029785459061742
-44.1744174417441684 -54.0612628021891055
-44.1544154415441525 -47.5632204172498234
-44.1344134413441296 -59.8689827692009047
-44.1144114411441137 -57.9871907983794586
-44.0944094409440908 -58.4518118267905749
-44.0744074407440749 -53.6967986345819810
-44.0544054405440519 -64.6123154990797275
-44.0344034403440290 -55.9812802829610519
-44.0144014401440131 -61.6581994899877799
-43.9943994399439902 -67.2678468625366577
-43.9743974397439743 -47.8889245856142907
-43.9543954395439513 -43.9084304861503512
-43.9343934393439284 -65.1088234834528947
-43.9143914391439125 -49.5685193010973535
-43.8943894389438896 -56.6413989150832151
-43.8743874387438737 -60.2886582875301329
-43.8543854385438507 -56.6197432494222497
-43.8343834383438349 -63.9142444640037013
-43.8143814381438119 -48.3946599262636710
-43.7943794379437890 -53.4691546470513117
-43.7743774377437731 -59.9590889586359808
-43.7543754375437501 -37.9600963173479471
-43.7343734373437343 -53.7193527155805057
-43.7143714371437113 -70.5112303776790128
-43.6943694369436884 -67.5270261980396498
-43.6743674367436725 -53.5478364874070536
-43.6543654365436495 -49.7367490771266603
-43.6343634363436337 -33.4475012922533423
-43.6143614361436107 -42.5762766455883437
-43.5943594359435949 -60.5683894828328633
-43.5743574357435719 -56.5262752143011511
-43.5543554355435489 -57.1088419305340835
-43.5343534353435331 -54.3415492516860326
-43.5143514351435101 -64.0315829971841168
-43.4943494349434943 -29.9431875758813781
-43.4743474347434713 -53.5130359753542137
-43.4543454345434483 -65.5396591278970675
-43.4343434343434325 -75.1318369590939596
-43.4143414341434095 -59.7661824386426375
-43.3943394339433937 -61.4457910677153691
-43.3743374337433707 -58.0577175123141416
-43.3543354335433548 -59.8458346315651184
-43.3343334333433319 -66.5051936325972548
-43.3143314331433089 -54.5265678646481575
-43.2943294329432931 -65.0852662418870977
-43.2743274327432701 -67.5117749371351294
-43.2543254325432542 -71.0013222432149291
-43.2343234323432313 -61.0190274741638206
-43.2143214321432083 -61.8014410797774758
-43.1943194319431925 -66.6583345710461685
-43.1743174317431695 -52.8123200750963733
-43.1543154315431536 -45.4312529809181243
-43.1343134313431307 -54.6865583760111775
-43.1143114311431148 -44.7109945355716363
-43.0943094309430919 -51.4543066812875338
-43.0743074307430689 -45.7513550659747423
-43.0543054305430530 -64.0598595453115252
-43.0343034303430301 -55.4922300234409818
-43.0143014301430142 -53.3630821631991594
-42.9942994299429913 -58.4478314142025255
-42.9742974297429683 -71.6021668930593194
-42.9542954295429524 -56.9751999225586943
-42.9342934293429295 -61.6836800347848495
-42.9142914291429136 -61.1595029695698855
-42.8942894289428907 -48.1261911638048758
-42.8742874287428748 -42.8734661621479205
-42.8542854285428518 -58.1038193758580732
-42.8342834283428289 -56.4596643544020509
-42.8142814281428130 -62.0072333885050355
-42.7942794279427901 -57.6469991678511633
-42.7742774277427742 -54.1024350468009558
-42.7542754275427512 -56.1564834050933186
-42.7342734273427283 -67.0534425079207210
-42.7142714271427124 -57.3808014758169662
-42.6942694269426894 -59.9452315453376556
-42.6742674267426736 -69.1811308654928752
-42.6542654265426506 -51.9362713990712166
-42.6342634263426348 -67.7404465074350526
-42.6142614261426118 -59.3755401686744904
-42.5942594259425888 -57.1931680893290135
-42.5742574257425730 -68.3928742927004976
-42.5542554255425500 -72.2298950479520130
-42.5342534253425342 -76.9559423234818780
-42.5142514251425112 -64.2635654030281103
-42.4942494249424882 -67.1957270524803789
-42.4742474247424724 -66.3199336504521426
-42.4542454245424494 -55.1889187651344386
-42.4342434243424336 -64.5814095625470230
-42.4142414241424106 -82.0295894244828787
-42.3942394239423948 -47.2386679457805414
-42.3742374237423718 -57.1990299041417316
-42.3542354235423488 -58.2331360157890785
-42.3342334233423330 -61.2708608090884397
-42.3142314231423100 -61.9153133477423125
-42.2942294229422941 -39.6365721133685867
-42.2742274227422712 -70.0438250907033080
-42.2542254225422482 -69.5628243175416543
-42.2342234223422324 -54.0033063469747106
-42.2142214221422094 -55.4171157915141492
-42.1942194219421935 -61.9950433405044663
-42.1742174217421706 -49.4313347474272362
-42.1542154215421547 -62.6688025595564113
-42.1342134213421318 -69.2846163491477540
-42.1142114211421088 -80.0910703038898220
-42.0942094209420929 -62.1063804730049114
-42.0742074207420700 -65.7305322799179237
-42.0542054205420541 -50.6077185619593166
-42.0342034203420312 -65.0819202778270380
-42.0142014201420082 -64.6031454703753951
-41.9941994199419923 -75.4220094979401523
-41.9741974197419694 -59.7219065061829397
-41.9541954195419535 -62.6288810611638596
-41.9341934193419306 -74.4846142458557381
-41.9141914191419147 -77.5905096412980981
-41.8941894189418917 -66.6398517967077026
-41.8741874187418688 -54.4709037117348700
-41.8541854185418529 -71.4073655596288006
-41.8341834183418300 -49.0144632955468538
-41.8141814181418141 -64.5265246230246987
-41.7941794179417911 -74.8126822310365611
-41.7741774177417682 -67.4796397376202890
-41.7541754175417523 -63.3499952870531047
-41.7341734173417294 -65.1620313666017523
-41.7141714171417135 -47.4723741344624983
-41.6941694169416905 -64.8785333943617246
-41.6741674167416747 -61.2121141131697115
-41.6541654165416517 -81.9022359117021352
-41.6341634163416288 -59.0631339949482168
-41.6141614161416129 -72.5913906271226068
-41.5941594159415899 -57.6475246524482117
-41.5741574157415741 -63.0982850354784546
-41.5541554155415511 -60.2151805204487758
-41.5341534153415282 -70.4865915177226441
-41.5141514151415123 -72.9343498928467824
-41.4941494149414893 -76.6331390284279763
-41.4741474147414735 -61.5040260608303342
-41.4541454145414505 -54.9222596443736393
-41.4341434143414347 -69.5027281428528454
-41.4141414141414117 -57.1105497926784480
-41.3941394139413887 -60.2889773540496492
-41.3741374137413729 -63.6633371792672023
-41.3541354135413499 -57.1181908622770109
-41.3341334133413341 -65.9577482170677030
-41.3141314131413111 -67.6412962297131912
-41.2941294129412881 -70.1121510234916485
-41.2741274127412723 -64.4089687920921250
-41.2541254125412493 -83.8302453508233185
-41.2341234123412335 -68.7934238354696816
-41.2141214121412105 -52.2265108680817320
-41.1941194119411946 -73.8689732992953338
-41.1741174117411717 -58.1515956293266001
-41.1541154115411487 -53.9805565604516886
-41.1341134113411329 -77.9576296764917345
-41.1141114111411099 -62.7771617393599968
-41.0941094109410940 -67.3469587489497741
-41.0741074107410711 -63.2728094558458736
-41.0541054105410481 -75.0032042169422937
-41.0341034103410323 -61.3420107151151726
-41.0141014101410093 -56.9480119546735821
-40.9940994099409934 -68.9532681702253427
-40.9740974097409705 -77.9437295256576306
-40.9540954095409546 -42.3859427117477168
-40.9340934093409317 -65.5158454005076720
-40.9140914091409087 -67.8718196005337404
-40.8940894089408928 -63.3603437184095597
-40.8740874087408699 -75.0950473071885938
-40.8540854085408540 -69.7516206542206021
-40.8340834083408311 -61.4767738304470583
-40.8140814081408081 -58.1692879866115504
-40.7940794079407922 -77.7166578992701176
-40.7740774077407693 -70.4626673399134518
-40.7540754075407534 -78.6118179632552341
-40.7340734073407305 -73.5331617232916130
-40.7140714071407146 -74.1314602241879470
-40.6940694069406916 -59.7966729014648735
-40.6740674067406687 -73.2739148169057302
-40.6540654065406528 -60.5607567573293295
-40.6340634063406299 -61.1017296247569135
-40.6140614061406140 -76.0438612322107730
-40.5940594059405910 -65.6887439155813979
-40.5740574057405681 -70.3305247629522796
-40.5540554055405522 -63.1221609161284576
-40.5340534053405293 -61.1548614251227676
-40.5140514051405134 -66.0953715153718093
-40.4940494049404904 -66.1525668262138424
-40.4740474047404746 -70.2253261947183489
-40.4540454045404516 -66.7381380105193642
-40.4340434043404287 -53.9427505700023744
-40.4140414041404128 -60.3187083938962587
-40.3940394039403898 -66.9701463985904013
-40.3740374037403740 -60.7030789120329572
-40.3540354035403510 -65.5790528737936000
-40.3340334033403281 -58.7297871313341986
-40.3140314031403122 -84.2645802992507100
-40.2940294029402892 -48.8946382386302005
-40.2740274027402734 -66.4765017453410820
-40.2540254025402504 -78.3043321633237355
-40.2340234023402346 -63.8411086206200906
-40.2140214021402116 -57.8995113573311073
-40.1940194019401886 -63.4671560175832710
-40.1740174017401728 -63.1352067847605198
-40.1540154015401498 -77.4073353541964906
-40.1340134013401340 -65.3623285962542582
-40.1140114011401110 -64.5376059617775582
-40.0940094009400880 -89.8152127919737637
-40.0740074007400722 -67.7570435789887000
-40.0540054005400492 -66.7339677064056644
-40.0340034003400334 -73.5367571278113843
-40.0140014001400104 -79.1611584739575136
-39.9939993999399945 -78.7481221788890338
-39.9739973997399716 -67.8632742840075167
-39.9539953995399486 -64.2771807595749607
-39.9339933993399328 -77.5067638808795891
-39.9139913991399098 -54.0050466127249251
-39.8939893989398939 -66.8453695123759246
-39.8739873987398710 -76.9253736976928195
-39.8539853985398480 -58.5854958597997211
-39.8339833983398321 -65.6043298982915957
-39.8139813981398092 -53.9095282223195156
-39.7939793979397933 -56.7480658637927391
-39.7739773977397704 -77.8045016674093404
-39.7539753975397545 -59.6392418128597370
-39.7339733973397315 -87.1641641687090498
-39.7139713971397086 -73.0661407818876967
-39.6939693969396927 -83.4416408442874911
-39.6739673967396698 -67.0093065795034875
-39.6539653965396539 -58.8488320805533647
-39.6339633963396309 -63.0206776860388160
-39.6139613961396080 -68.9200416491957100
-39.5939593959395921 -88.1813670122985229
-39.5739573957395692 -71.9271082572012972
-39.5539553955395533 -63.6523429917379673
-39.5339533953395303 -67.8847524230646258
-39.5139513951395145 -76.6499006024315861
-39.4939493949394915 -69.3883076168972082
-39.4739473947394686 -75.8809402379407345
-39.4539453945394527 -82.2881323857551763
-39.4339433943394297 -59.6617725230470768
-39.4139413941394139 -74.4654264376692083
-39.3939393939393909 -78.3578115054717443
-39.3739373937393680 -79.1934266565680645
-39.3539353935393521 -69.6505961409086183
-39.3339333933393291 -72.9628893981049345
-39.3139313931393133 -71.6033790806321804
-39.2939293929392903 -59.4244618927039170
-39.2739273927392745 -78.8006832034904079
-39.2539253925392515 -68.5566993268574549
-39.2339233923392285 -78.2338935567905622
-39.2139213921392127 -70.9539523555366856
-39.1939193919391897 -56.5352143968457028
-39.1739173917391739 -73.9135402420175893
-39.1539153915391509 -66.7805256159950886
-39.1339133913391279 -73.7693360921602022
-39.1139113911391121 -73.4161053322025907
-39.0939093909390891 -73.2418060609338681
-39.0739073907390733 -72.8677071718514782
-39.0539053905390503 -70.3882468969048176
-39.0339033903390344 -68.1233073727783704
-39.0139013901390115 -60.0768392196941718
-38.9938993899389885 -64.3938836707521460
-38.9738973897389727 -80.2333287168330287
-38.9538953895389497 -69.9726938234177851
-38.9338933893389338 -56.9739980081269550
-38.9138913891389109 -58.7974551232717602
-38.8938893889388879 -66.7401451377192529
-38.8738873887388721 -78.4948756246220967
-38.8538853885388491 -71.0926782749508135
-38.8338833883388332 -62.8928478838908376
-38.8138813881388103 -72.9775075824522901
-38.7938793879387944 -71.0783214422780247
-38.7738773877387715 -77.1065148131514917
-38.7538753875387485 -70.4973331963700787
-38.7338733873387326 -73.2908423380586811
-38.7138713871387097 -61.6006674241348975
-38.6938693869386938 -76.3501909928654072
-38.6738673867386709 -78.8671942570545639
-38.6538653865386479 -65.5616938446025301
-38.6338633863386320 -78.8116218219908546
-38.6138613861386091 -70.0250011440993489
-38.5938593859385932 -76.5057498067028376
-38.5738573857385703 -63.9103759494253296
-38.5538553855385544 -64.1751021334321052
-38.5338533853385314 -64.0723989211182214
-38.5138513851385085 -61.1770887451036458
-38.4938493849384926 -68.7628635204569179
-38.4738473847384697 -67.7830797076999971
-38.4538453845384538 -61.0060639187451201
-38.4338433843384308 -64.3378159399588299
-38.4138413841384079 -56.8066365619439679
-38.3938393839383920 -74.3604505568166303
-38.3738373837383691 -87.2286384072387619
-38.3538353835383532 -65.2582532164381348
-38.3338333833383302 -76.6971177696213999
-38.3138313831383073 -79.9912578994773042
-38.2938293829382914 -76.0673242816446447
-38.2738273827382685 -69.4147672324917977
-38.2538253825382526 -65.3695958174761529
-38.2338233823382296 -69.7613762074405486
-38.2138213821382138 -62.1793738033765635
-38.1938193819381908 -62.8688639548151187
-38.1738173817381679 -75.9398392933774886
-38.1538153815381520 -84.1865150193055740
-38.1338133813381290 -67.7454480689881677
-38.1138113811381132 -84.9154283013674558
-38.0938093809380902 -80.3847058758218509
-38.0738073807380673 -74.9317282400983231
-38.0538053805380514 -71.8940632102185901
-38.0338033803380284 -76.5037276575647098
-38.0138013801380126 -60.3512339833913387
-37.9937993799379896 -65.7915628565014572
-37.9737973797379738 -65.5835940496677949
-37.9537953795379508 -51.4346610611491570
-37.9337933793379278 -79.4999251370092423
-37.9137913791379120 -65.8463837610414799
-37.8937893789378890 -79.2995079267594036
-37.8737873787378732 -76.7948734391197974
-37.8537853785378502 -69.0063366421633191
-37.8337833783378272 -93.1193673937677318
-37.8137813781378114 -71.0215671306800971
-37.7937793779377884 -79.6094107458898890
-37.7737773777377726 -80.5322733538136930
-37.7537753775377496 -82.7067654875442031
-37.7337733773377337 -78.1618863090554328
-37.7137713771377108 -74.5217171888082248
-37.6937693769376878 -56.3359066475783550
-37.6737673767376720 -61.8702341935924238
-37.6537653765376490 -64.4870531677473195
-37.6337633763376331 -71.8690459949682463
-37.6137613761376102 -62.1851424471376433
-37.5937593759375872 -79.8164023910115503
-37.5737573757375714 -85.4188347883074215
-37.5537553755375484 -77.4451695460020773
-37.5337533753375325 -87.0523325557568768
-37.5137513751375096 -78.2834837102103194
-37.4937493749374937 -60.2855660248519882
-37.4737473747374708 -68.3155941006334615
-37.4537453745374478 -86.4216252010232182
-37.4337433743374319 -68.0803948219240169
-37.4137413741374090 -69.5789412540645316
-37.3937393739373931 -65.8279658251136652
-37.3737373737373701 -84.1144190959979454
-37.3537353735373472 -62.8477692299335473
-37.3337333733373313 -75.3594472278660561
-37.3137313731373084 -81.5514560681732377
-37.2937293729372925 -85.3235167674199459
-37.2737273727372695 -70.3305848726754306
-37.2537253725372537 -73.5633065699838937
-37.2337233723372307 -73.7190883270295814
-37.2137213721372078 -67.7845928709171659
-37.1937193719371919 -74.2280586077531552
-37.1737173717371689 -67.7401894107494087
-37.1537153715371531 -80.4547771738244677
-37.1337133713371301 -75.9770418619131647
-37.1137113711371072 -62.5449955196213168
-37.0937093709370913 -84.7108498575689737
-37.0737073707370683 -60.2875849647883157
-37.0537053705370525 -70.7792437217568562
-37.0337033703370295 -59.1785001461711673
-37.0137013701370137 -88.4267490954227640
-36.9936993699369907 -82.1127684486890246
-36.9736973697369677 -74.7537700266981346
-36.9536953695369519 -76.3767227717856514
-36.9336933693369289 -69.5828969099100192
-36.9136913691369131 -69.0265452600562952
-36.8936893689368901 -78.3338992141672747
-36.8736873687368671 -62.3031305842800620
-36.8536853685368513 -66.2220122598299241
-36.8336833683368283 -66.6638564564616871
-36.8136813681368125 -74.5556376549631352
-36.7936793679367895 -82.3376438191931896
-36.7736773677367736 -88.1114710492859388
-36.7536753675367507 -70.2441606944782819
-36.7336733673367277 -76.5616434261755501
-36.7136713671367119 -79.1122376642727545
-36.6936693669366889 -73.3945960252946321
-36.6736673667366730 -81.5592735366718244
-36.6536653665366501 -82.4746746596562872
-36.6336633663366271 -71.8900670384484641
-36.6136613661366113 -80.6688581496609771
-36.5936593659365883 -82.5007057508517363
-36.5736573657365724 -81.2128070134110516
-36.5536553655365495 -75.3276283345080486
-36.5336533653365336 -69.1929305154254592
-36.5136513651365107 -84.4129901215898713
-36.4936493649364877 -76.3572709871086630
-36.4736473647364718 -76.4687600462623323
-36.4536453645364489 -67.0452735292650175
-36.4336433643364330 -77.0771016077269735
-36.4136413641364101 -70.1132461826087479
-36.3936393639363871 -72.5879782527580630
-36.3736373637363712 -90.0270983041186525
-36.3536353635363483 -66.4053757225011907
-36.3336333633363324 -87.3130243251279126
-36.3136313631363095 -74.0853828748060579
-36.2936293629362936 -65.8481375252135734
-36.2736273627362706 -71.8266341139364641
-36.2536253625362477 -69.2651327700138495
-36.2336233623362318 -72.8308586051849858
-36.2136213621362089 -73.7557006979673559
-36.1936193619361930 -74.4541967542829468
-36.1736173617361700 -77.6095786385650825
-36.1536153615361471 -79.2755109764926260
-36.1336133613361312 -86.5649729113616218
-36.1136113611361083 -67.7554527142706888
-36.0936093609360924 -74.0568060606841811
-36.0736073607360694 -84.5571449967898587
-36.0536053605360536 -83.5467676954148004
-36.0336033603360306 -79.5213184950977308
-36.0136013601360077 -89.6087652499112579
-35.9935993599359847 -82.5468270059116804
-35.9735973597359759 -67.4885834383038627
-35.9535953595359530 -78.0329477140223133
-35.9335933593359300 -68.5759159180286133
-35.9135913591359071 -79.3542097423847395
-35.8935893589358841 -79.0416522999139204
-35.8735873587358753 -76.7880732979965757
-35.8535853585358524 -78.6531200967464201
-35.8335833583358294 -77.2392760275289447
-35.8135813581358065 -70.3483872126238339
-35.7935793579357835 -91.1171294735630255
-35.7735773577357747 -85.2411192986131141
-35.7535753575357518 -65.7944136468315719
-35.7335733573357288 -78.6838909794557395
-35.7135713571357059 -67.6982900763079698
-35.6935693569356971 -84.9526492541876053
-35.6735673567356741 -69.1774480797808451
-35.6535653565356512 -74.9605052071500779
-35.6335633563356282 -76.2239041865802704
-35.6135613561356053 -77.2520813404025120
-35.5935593559355965 -83.9169117953290851
-35.5735573557355735 -73.7777173234460832
-35.5535553555355506 -78.7693748356272891
-35.5335533553355276 -84.8046091154070609
-35.5135513551355047 -69.3363167898312724
-35.4935493549354959 -73.9357366014284594
-35.4735473547354729 -76.6479868619931040
-35.4535453545354500 -78.2344181369277436
-35.4335433543354270 -73.1168569421328129
-35.4135413541354040 -80.2436623524385197
-35.3935393539353953 -72.8281472292442658
-35.3735373537353723 -87.1620000345072583
-35.3535353535353494 -87.1528087920817995
-35.3335333533353264 -78.8194356165991650
-35.3135313531353034 -71.5855014759233654
-35.2935293529352947 -73.3744972363870005
-35.2735273527352717 -74.9547641638029916
-35.2535253525352488 -73.0307453231231989
-35.2335233523352258 -78.8620096980389604
-35.2135213521352171 -84.1387564478844325
-35.1935193519351941 -81.7270194758471717
-35.1735173517351711 -79.9992123854950279
-35.1535153515351482 -79.1500023983876275
-35.1335133513351252 -83.6065241426442327
-35.1135113511351165 -69.2421505765206007
-35.0935093509350935 -69.5544560452759981
-35.0735073507350705 -71.7789429680894386
-35.0535053505350476 -81.4860419298632479
-35.0335033503350246 -70.6219141859985626
-35.0135013501350159 -73.8328668941435922
-34.9934993499349929 -74.8119676283099864
-34.9734973497349699 -71.0252928568890383
-34.9534953495349470 -85.9838965205354668
-34.9334933493349240 -84.6957419983444453
-34.9134913491349153 -85.4858648378431809
-34.8934893489348923 -83.1977277688272352
-34.8734873487348693 -61.5041109200314224
-34.8534853485348464 -89.2604334710665199
-34.8334833483348234 -87.2025879869656535
-34.8134813481348147 -71.1472025574346247
-34.7934793479347917 -70.2272023249374655
-34.7734773477347687 -55.7574499329335893
-34.7534753475347458 -84.0788901447178461
-34.7334733473347370 -73.8056262580770976
-34.7134713471347141 -73.9611009099186987
-34.6934693469346911 -81.3154727202437897
-34.6734673467346681 -66.4953249942699358
-34.6534653465346452 -91.7243054526111905
-34.6334633463346364 -75.3027645134098691
-34.6134613461346134 -93.7357461876934508
-34.5934593459345905 -78.1489275394176843
-34.5734573457345675 -70.3042251722399953
-34.5534553455345446 -63.0789488402998941
-34.5334533453345358 -78.2172935614302105
-34.5134513451345128 -89.3037484527446139
-34.4934493449344899 -81.1451313411641451
-34.4734473447344669 -93.1749727420602909
-34.4534453445344440 -95.8952714799610391
-34.4334433443344352 -81.9483293115132767
-34.4134413441344122 -84.3786592523065622
-34.3934393439343893 -68.1316009809301875
-34.3734373437343663 -69.2376273901141417
-34.3534353435343434 -83.7912135556725843
-34.3334333433343346 -86.1263112931064683
-34.3134313431343116 -88.5285159627166820
-34.2934293429342887 -71.9642507822379542
-34.2734273427342657 -94.3448181032134698
-34.2534253425342570 -73.1494360920468125
-34.2334233423342340 -84.3456321978395636
-34.2134213421342110 -80.6072643512098068
-34.1934193419341881 -74.5464801464827218
-34.1734173417341651 -77.0363265151124352
-34.1534153415341564 -83.6928529100982672
-34.1334133413341334 -86.3202352079804314
-34.1134113411341104 -86.2073230043689023
-34.0934093409340875 -77.3363081293513375
-34.0734073407340645 -90.8469076945315948
-34.0534053405340558 -89.4251430443795954
-34.0334033403340328 -91.0271645791563628
-34.0134013401340098 -82.8628942885998043
-33.9933993399339869 -91.4632351081163080
-33.9733973397339639 -73.8467466013615024
-33.9533953395339552 -99.1555358376170659
-33.9333933393339322 -86.8219455355707765
-33.9133913391339092 -82.7779006400923549
-33.8933893389338863 -64.6192839848577307
-33.8733873387338633 -79.6066911065741181
-33.8533853385338546 -65.0789495019571120
-33.8333833383338316 -79.1810535170576628
-33.8133813381338086 -89.6043444350026448
-33.7933793379337857 -84.0360830867972481
-33.7733773377337769 -83.7930132139898944
-33.7533753375337540 -80.5682356085574156
-33.7333733373337310 -81.1781326846348321
-33.7133713371337080 -86.6402159267377954
-33.6933693369336851 -72.7846845640717817
-33.6733673367336763 -97.9369146473379288
-33.6533653365336534 -92.9809313055892375
-33.6333633363336304 -76.3542746868158702
-33.6133613361336074 -71.1541379681554105
-33.5933593359335845 -87.9738358232521875
-33.5733573357335757 -75.1823311944924768
-33.5533553355335528 -64.2387219302291186
-33.5333533353335298 -76.3259318899547168
-33.5133513351335068 -79.6043553413252454
-33.4933493349334839 -69.7046501946399104
-33.4733473347334751 -73.0224226964213869
-33.4533453345334522 -87.8714489054804773
-33.4333433343334292 -76.0532695629413382
-33.4133413341334062 -72.4260409025542486
-33.3933393339333833 -89.9677002180205108
-33.3733373337333745 -79.6803891874067745
-33.3533353335333516 -89.4229175712372069
-33.3333333333333286 -82.9864377001924964
-33.3133313331333056 -87.7943280657263472
-33.2933293329332969 -89.5327447698189189
-33.2733273327332739 -67.7229117282072366
-33.2533253325332510 -70.8661291207140351
-33.2333233323332280 -71.4514053281798454
-33.2133213321332050 -78.9207992561638036
-33.1933193319331963 -83.6320320334833411
-33.1733173317331733 -85.7848757176242884
-33.1533153315331504 -70.2723030909567257
-33.1333133313331274 -68.5282001736395330
-33.1133113311331044 -79.4357734886123126
-33.0933093309330957 -86.3848991333377683
-33.0733073307330727 -87.3291794380949540
-33.0533053305330498 -84.3009219372508340
-33.0333033303330268 -73.3178024380354856
-33.0133013301330038 -87.1796941231395408
-32.9932993299329951 -83.0468317327325138
-32.9732973297329721 -93.5546635726436193
-32.9532953295329492 -75.1217433178605063
-32.9332933293329262 -81.4192275171358943
-32.9132913291329032 -81.8565437409293395
-32.8932893289328945 -88.1616170568398729
-32.8732873287328715 -82.4792996036009214
-32.8532853285328486 -87.5310675348271303
-32.8332833283328256 -87.4757593645806963
-32.8132813281328168 -78.8192737083844293
-32.7932793279327939 -75.9440609564779834
-32.7732773277327709 -84.0832725253745963
-32.7532753275327480 -78.9603794056389461
-32.7332733273327250 -98.5471798492222320
-32.7132713271327162 -87.9965261035649604
-32.6932693269326933 -71.7733610008798166
-32.6732673267326703 -63.0380649576513719
-32.6532653265326474 -77.1193739034531234
-32.6332633263326244 -82.7236407537493363
-32.6132613261326156 -88.4348136872035298
-32.5932593259325927 -69.9358629438501964
-32.5732573257325697 -80.5819008706484823
-32.5532553255325467 -98.1640018194868560
-32.5332533253325238 -98.8495036146605344
-32.5132513251325150 -91.9844760915920006
-32.4932493249324921 -87.9143891113057947
-32.4732473247324691 -95.5010545626718965
-32.4532453245324461 -89.3687867613227240
-32.4332433243324232 -91.1144487501104550
-32.4132413241324144 -81.6710661392780395
-32.3932393239323915 -70.8186040958213709
-32.3732373237323685 -97.0242668683007281
-32.3532353235323455 -76.1461541136481799
-32.3332333233323368 -85.9667772337344758
-32.3132313231323138 -89.4080871758513354
-32.2932293229322909 -81.9966494445749845
-32.2732273227322679 -84.0576356032083822
-32.2532253225322449 -85.4613086441671754
-32.2332233223322362 -100.3905807439342226
-32.2132213221322132 -73.3105524415779541
-32.1932193219321903 -83.8355396403227928
-32.1732173217321673 -78.7095736672731903
-32.1532153215321443 -84.3960396495794924
-32.1332133213321356 -96.0722633786092075
-32.1132113211321126 -91.2646907773422811
-32.0932093209320897 -88.6619999836147059
-32.0732073207320667 -82.3149732054091032
-32.0532053205320437 -76.9379036824429932
-32.0332033203320350 -83.5635902192009326
-32.0132013201320120 -83.9079400361321603
-31.9931993199319891 -80.9726900128086555
-31.9731973197319661 -76.2544476076686379
-31.9531953195319431 -93.0254929049575594
-31.9331933193319344 -85.2280620574396437
-31.9131913191319114 -92.5801246369497903
-31.8931893189318885 -70.3524433892288101
-31.8731873187318655 -73.3344071983996741
-31.8531853185318568 -85.8573213699970381
-31.8331833183318338 -81.7871430809794759
-31.8131813181318108 -82.8928842216474067
-31.7931793179317879 -84.6917008551022406
-31.7731773177317649 -84.3712005764255508
-31.7531753175317561 -82.9867908297212864
-31.7331733173317332 -88.2714110704454527
-31.7131713171317102 -77.0112076057692434
-31.6931693169316873 -67.7296896078780151
-31.6731673167316643 -77.0243604987593073
-31.6531653165316555 -88.4189301267428220
-31.6331633163316326 -77.7001534999505026
-31.6131613161316096 -68.2754021628555279
-31.5931593159315867 -97.8536823641079962
-31.5731573157315637 -70.7514526517212090
-31.5531553155315549 -86.0328096581836235
-31.5331533153315320 -83.6821060587694063
-31.5131513151315090 -88.7180176075687683
-31.4931493149314861 -81.0222984675115470
-31.4731473147314631 -90.0260552137298049
-31.4531453145314543 -78.6190117498809684
-31.4331433143314314 -77.8133612783389879
-31.4131413141314084 -84.3987642523714641
-31.3931393139313855 -74.8321434190743986
-31.3731373137313767 -92.5320948785504953
-31.3531353135313537 -79.6003630662154364
-31.3331333133313308 -70.2506710695244010
-31.3131313131313078 -81.3768955984181019
-31.2931293129312849 -84.8525653844063470
-31.2731273127312761 -80.4647804902180042
-31.2531253125312531 -98.4853261071138917
-31.2331233123312302 -68.4796114664714253
-31.2131213121312072 -77.4297426944972216
-31.1931193119311843 -80.6245170475938693
-31.1731173117311755 -83.6723829923767397
-31.1531153115311525 -80.8591377418316881
-31.1331133113311296 -79.6570853563616339
-31.1131113111311066 -89.3233089525234192
-31.0931093109310837 -75.2420851315522157
-31.0731073107310749 -72.9093190447109549
-31.0531053105310519 -86.1946684053251602
-31.0331033103310290 -88.1643159663015865
-31.0131013101310060 -80.4889192064960213
-30.9930993099309831 -78.9109281166434613
-30.9730973097309743 -86.8695436179560261
-30.9530953095309513 -80.9017201236221979
-30.9330933093309284 -92.0116778152979293
-30.9130913091309054 -77.8993546467544604
-30.8930893089308967 -90.1154290593668463
-30.8730873087308737 -79.4697707562481952
-30.8530853085308507 -77.6436950417445928
-30.8330833083308278 -89.9441282132258806
-30.8130813081308048 -83.4395044392230005
-30.7930793079307961 -68.8071391945173900
-30.7730773077307731 -87.5694249830143150
-30.7530753075307501 -95.3986898243937134
-30.7330733073307272 -73.2517860295468779
-30.7130713071307042 -89.6719066044238957
-30.6930693069306955 -78.6894079753660236
-30.6730673067306725 -86.9629415928076099
-30.6530653065306495 -93.2156675916759241
-30.6330633063306266 -93.6818971848517492
-30.6130613061306036 -71.6387157369254908
-30.5930593059305949 -83.3452154247937784
-30.5730573057305719 -88.6178203810210334
-30.5530553055305489 -81.6974890880730271
-30.5330533053305260 -92.5641335055242394
-30.5130513051305030 -77.5422577823419772
-30.4930493049304943 -74.9177774947550716
-30.4730473047304713 -100.0479184130242629
-30.4530453045304483 -84.9025180040365228
-30.4330433043304254 -90.2316624063986126
-30.4130413041304166 -76.4632489689775241
-30.3930393039303937 -100.7802511540985790
-30.3730373037303707 -85.5289734177630976
-30.3530353035303477 -66.5451332482136024
-30.3330333033303248 -84.9616100738380311
-30.3130313031303160 -76.7170721410363115
-30.2930293029302931 -94.0266304845814744
-30.2730273027302701 -73.1825498270721368
-30.2530253025302471 -90.0779418454982448
-30.2330233023302242 -78.2859772974208283
-30.2130213021302154 -92.0491412738783339
-30.1930193019301925 -90.2867665558786570
-30.1730173017301695 -86.7306518966138924
-30.1530153015301465 -81.6791490023594520
-30.1330133013301236 -91.8654573080797121
-30.1130113011301148 -82.4377684561008266
-30.0930093009300919 -98.6024270519845629
-30.0730073007300689 -78.9206614865089620
-30.0530053005300459 -92.4255247842998102
-30.0330033003300230 -73.9040141618824009
-30.0130013001300142 -89.3685052887509670
-29.9929992999299913 -88.3560286130471866
-29.9729972997299683 -84.0581315407204670
-29.9529952995299453 -93.4911523763242229
-29.9329932993299366 -100.0025791287123553
-29.9129912991299136 -96.0663781684045404
-29.8929892989298907 -86.6116265260143336
-29.8729872987298677 -89.0585114179423414
-29.8529852985298447 -76.1000234282551702
-29.8329832983298360 -101.5569546755285728
-29.8129812981298130 -78.0498763643630866
-29.7929792979297901 -85.8426911658930862
-29.7729772977297671 -91.3490036855275491
-29.7529752975297441 -88.5288201724212627
-29.7329732973297354 -79.3463096857369834
-29.7129712971297124 -84.7959048987414263
-29.6929692969296894 -74.5854364544648405
-29.6729672967296665 -70.7160208121743636
-29.6529652965296435 -79.7439443738864924
-29.6329632963296348 -96.1406565369742623
-29.6129612961296118 -85.2891830161229194
-29.5929592959295888 -90.4708651903977028
-29.5729572957295659 -85.9454788703458235
-29.5529552955295429 -79.4182535766817921
-29.5329532953295342 -88.5565990211750176
-29.5129512951295112 -80.1482853671492990
-29.4929492949294882 -84.6273328067349837
-29.4729472947294653 -71.2652207336419110
-29.4529452945294565 -92.8589756473732280
-29.4329432943294336 -92.9457126261306712
-29.4129412941294106 -93.3824090664893305
-29.3929392939293876 -79.0930536460002429
-29.3729372937293647 -79.2732115057003170
-29.3529352935293559 -93.6004061559389413
-29.3329332933293330 -85.0341594297860013
-29.3129312931293100 -88.5046451990639440
-29.2929292929292870 -92.6135247690362178
-29.2729272927292641 -76.1443753832394350
-29.2529252925292553 -82.8749247634467707
-29.2329232923292324 -93.0319721234743326
-29.2129212921292094 -89.8152219185876248
-29.1929192919291864 -82.6634883166880030
-29.1729172917291635 -73.2543422829034228
-29.1529152915291547 -86.3703668367567161
-29.1329132913291318 -91.1989352984808477
-29.1129112911291088 -80.8107929966151346
-29.0929092909290858 -83.0470179250999934
-29.0729072907290629 -88.8716214315959547
-29.0529052905290541 -81.7243479526668040
-29.0329032903290312 -90.0707863987448007
-29.0129012901290082 -101.2993103707983096
-28.9928992899289852 -85.6091889244273858
-28.9728972897289765 -70.8412209783442677
-28.9528952895289535 -87.4097850010307695
-28.9328932893289306 -89.9408040864381064
-28.9128912891289076 -87.1661211919636827
-28.8928892889288846 -93.2874607624598156
-28.8728872887288759 -88.2310246574297565
-28.8528852885288529 -75.2226456321943573
-28.8328832883288300 -90.1354594757160186
-28.8128812881288070 -88.1225251297558287
-28.7928792879287840 -73.6779732842044410
-28.7728772877287753 -93.4546725022333362
-28.7528752875287523 -84.0264533353837635
-28.7328732873287294 -80.7018736194979738
-28.7128712871287064 -90.8389390696707721
-28.6928692869286834 -70.3309849804213769
-28.6728672867286747 -82.0311948819607437
-28.6528652865286517 -85.8070523217252088
-28.6328632863286288 -80.0686562935337491
-28.6128612861286058 -87.5865534996031982
-28.5928592859285828 -88.8974223795200231
-28.5728572857285741 -77.4672204226091736
-28.5528552855285511 -95.6573807504516083
-28.5328532853285282 -83.9342045203193692
-28.5128512851285052 -61.6838970529255732
-28.4928492849284964 -85.1632108446598153
-28.4728472847284735 -94.0749261997464288
-28.4528452845284505 -99.1862584079679266
-28.4328432843284276 -103.8257348758399701
-28.4128412841284046 -81.9401086186027499
-28.3928392839283958 -92.1924987825657496
-28.3728372837283729 -90.6096957876101641
-28.3528352835283499 -100.8113360429223491
-28.3328332833283270 -90.7415597155530378
-28.3128312831283040 -75.8222115293664842
-28.2928292829282952 -95.9433812880280215
-28.2728272827282723 -75.2909674908223252
-28.2528252825282493 -76.5552470827120288
-28.2328232823282264 -78.3053702868835444
-28.2128212821282034 -85.7483024617110203
-28.1928192819281946 -76.4082936142066558
-28.1728172817281717 -95.3841101732360244
-28.1528152815281487 -85.8023067796094665
-28.1328132813281258 -78.3955333761165463
-28.1128112811281028 -82.4262869680322581
-28.0928092809280940 -90.0179156299242607
-28.0728072807280711 -82.8348914787751482
-28.0528052805280481 -83.7075129617308278
-28.0328032803280252 -89.8254041965735297
-28.0128012801280022 -81.4979498603156287
-27.9927992799279934 -82.0404959625437584
-27.9727972797279705 -89.6014887230230528
-27.9527952795279475 -90.2528935656267208
-27.9327932793279246 -81.7720705665058034
-27.9127912791279158 -83.2536212175550361
-27.8927892789278928 -85.5526545564489425
-27.8727872787278699 -61.1481295509279406
-27.8527852785278469 -83.6700557016806670
-27.8327832783278240 -94.5319499407207928
-27.8127812781278152 -72.5154926651031531
-27.7927792779277922 -91.5057028183720149
-27.7727772777277693 -99.0624868968654795
-27.7527752775277463 -82.9157102835071100
-27.7327732773277233 -100.2590556971561710
-27.7127712771277146 -87.1995242848811927
-27.6927692769276916 -88.7022122945373752
-27.6727672767276687 -89.1823456102540035
-27.6527652765276457 -82.5063473303240613
-27.6327632763276227 -72.2144653881627931
-27.6127612761276140 -80.3253453947563969
-27.5927592759275910 -90.6571549483067827
-27.5727572757275681 -98.5030406024390572
-27.5527552755275451 -85.9059938688916134
-27.5327532753275221 -94.5160210744959244
-27.5127512751275134 -77.6524191404392212
-27.4927492749274904 -79.2533619359982993
-27.4727472747274675 -97.4746227866243657
-27.4527452745274445 -69.9459109284561578
-27.4327432743274358 -75.5772341264128329
-27.4127412741274128 -70.2451782248585772
-27.3927392739273898 -81.1131948629946748
-27.3727372737273669 -85.2408880207647286
-27.3527352735273439 -76.9710384231841687
-27.3327332733273352 -81.0256428546585425
-27.3127312731273122 -81.4252469720826753
-27.2927292729272892 -85.3302467827531075
-27.2727272727272663 -72.5712557218117098
-27.2527252725272433 -103.2421381912522520
-27.2327232723272346 -98.4113164236020452
-27.2127212721272116 -74.6259934388946817
-27.1927192719271886 -83.1030533869226673
-27.1727172717271657 -87.0581739636125604
-27.1527152715271427 -98.6566833074138287
-27.1327132713271340 -79.7228090546480388
-27.1127112711271110 -89.8930569794939203
-27.0927092709270880 -100.9313839732397611
-27.0727072707270651 -71.5738157878914762
-27.0527052705270421 -83.1385697216292101
-27.0327032703270334 -78.8234790414759487
-27.0127012701270104 -88.5788012454724338
-26.9926992699269874 -75.9168643965123238
-26.9726972697269645 -74.4197292699252557
-26.9526952695269557 -104.7441627792389340
-26.9326932693269328 -101.0217711845734954
-26.9126912691269098 -75.0868358370686337
-26.8926892689268868 -94.6838259409144314
-26.8726872687268639 -84.7644673628038561
-26.8526852685268551 -69.3463463730314800
-26.8326832683268321 -91.3321599298128746
-26.8126812681268092 -67.0245619904250418
-26.7926792679267862 -71.7942725321587005
-26.7726772677267633 -93.8938548634161236
-26.7526752675267545 -93.7272697216377679
-26.7326732673267315 -79.6412698301054434
-26.7126712671267086 -68.5302429661998076
-26.6926692669266856 -82.5955490560780277
-26.6726672667266627 -100.2484105418286333
-26.6526652665266539 -86.7748187403323783
-26.6326632663266309 -96.5589605300418583
-26.6126612661266080 -84.2225071761624662
-26.5926592659265850 -79.9450792665868448
-26.5726572657265621 -82.3997538488928285
-26.5526552655265533 -87.5047919824103957
-26.5326532653265303 -81.0321575073323430
-26.5126512651265074 -86.9287666274247499
-26.4926492649264844 -73.5127002267891640
-26.4726472647264757 -88.1516820339181919
-26.4526452645264527 -64.5352294612412436
-26.4326432643264297 -73.4148130599275248
-26.4126412641264068 -84.7670102192749084
-26.3926392639263838 -79.7741843850873238
-26.3726372637263751 -100.5372832784369876
-26.3526352635263521 -80.9517985491569334
-26.3326332633263291 -75.1459914520986132
-26.3126312631263062 -85.9726298913268465
-26.2926292629262832 -90.0818599328552665
-26.2726272627262745 -99.0482429416088195
-26.2526252625262515 -90.1535835421979783
-26.2326232623262285 -79.4639136290319215
-26.2126212621262056 -83.1699930016347651
-26.1926192619261826 -78.1920378153896678
-26.1726172617261739 -80.8721064078246741
-26.1526152615261509 -95.7006022804127809
-26.1326132613261279 -75.5393212833862009
-26.1126112611261050 -65.0394296762884778
-26.0926092609260820 -81.8889792688610214
-26.0726072607260733 -89.8637477035476024
-26.0526052605260503 -85.4034644664358353
-26.0326032603260273 -83.1223767189557918
-26.0126012601260044 -84.2541609972200973
-25.9925992599259956 -93.2159224518160272
-25.9725972597259727 -77.3572318542729107
-25.9525952595259497 -98.5906284043270063
-25.9325932593259267 -86.7950902544319831
-25.9125912591259038 -100.3201016153359859
-25.8925892589258950 -82.9623962669028003
-25.8725872587258721 -73.9064288659356095
-25.8525852585258491 -88.8386510697930163
-25.8325832583258261 -85.4946638179077922
-25.8125812581258032 -79.2602134403613974
-25.7925792579257944 -72.6717532241028579
-25.7725772577257715 -72.2854917689553815
-25.7525752575257485 -96.9684311283738083
-25.7325732573257255 -88.9380418364796981
-25.7125712571257026 -88.9208735294143509
-25.6925692569256938 -76.0099124606876444
-25.6725672567256709 -81.2333244429210310
-25.6525652565256479 -73.2008646981969946
-25.6325632563256249 -83.2552659412005340
-25.6125612561256020 -88.8110198677657650
-25.5925592559255932 -85.8445579439775486
-25.5725572557255703 -88.3283988290104958
-25.5525552555255473 -93.9095776328622662
-25.5325532553255243 -72.4733964375317328
-25.5125512551255156 -85.1059087879746272
-25.4925492549254926 -68.1815263658780850
-25.4725472547254697 -88.4309341949749665
-25.4525452545254467 -77.9644173408267989
-25.4325432543254237 -84.6701245402062739
-25.4125412541254150 -77.6216784502967130
-25.3925392539253920 -88.9412896706300273
-25.3725372537253691 -103.6384039223777336
-25.3525352535253461 -81.8201141409333843
-25.3325332533253231 -85.5371172918691371
-25.3125312531253144 -88.1268292024477375
-25.2925292529252914 -88.4268980962519038
-25.2725272527252685 -64.3634885500784009
-25.2525252525252455 -85.2031555973921826
-25.2325232523252225 -96.9125201925767357
-25.2125212521252138 -98.7491671558493209
-25.1925192519251908 -90.6807939107845868
-25.1725172517251679 -89.6722475548087061
-25.1525152515251449 -88.2426555156456232
-25.1325132513251219 -85.1600493038132669
-25.1125112511251132 -79.6905134318019037
-25.0925092509250902 -86.9434092538582775
-25.0725072507250673 -87.0861392624507715
-25.0525052505250443 -93.7322355562561995
-25.0325032503250355 -96.2951561781736416
-25.0125012501250126 -88.6693393618610344
-24.9924992499249896 -89.2634693305730309
-24.9724972497249667 -75.1798782740096669
-24.9524952495249437 -79.6182093808855598
-24.9324932493249349 -90.8281115784555766
-24.9124912491249120 -94.9210672689698498
-24.8924892489248890 -92.6185723967799248
-24.8724872487248660 -94.5179186637196977
-24.8524852485248431 -81.1208893625698693
-24.8324832483248343 -84.0310142281103651
-24.8124812481248114 -78.0245118876918013
-24.7924792479247884 -79.6299100188343942
-24.7724772477247654 -86.3536055418619384
-24.7524752475247425 -78.2278567204522233
-24.7324732473247337 -73.0745752975969936
-24.7124712471247108 -82.7982360935084216
-24.6924692469246878 -94.3386471173351708
-24.6724672467246648 -97.6140788901232384
-24.6524652465246419 -92.3594385977819741
-24.6324632463246331 -79.7359782484041517
-24.6124612461246102 -84.0842964724721611
-24.5924592459245872 -80.8857449375501005
-24.5724572457245642 -95.4312983088630062
-24.5524552455245555 -87.2870841716688801
-24.5324532453245325 -79.3944233393021364
-24.5124512451245096 -88.3159463797024387
-24.4924492449244866 -91.0408279095766062
-24.4724472447244636 -76.9974857282011840
-24.4524452445244549 -71.0531274120150869
-24.4324432443244319 -69.0765592092734124
-24.4124412441244090 -86.1557897129315080
-24.3924392439243860 -91.4862333388552003
-24.3724372437243630 -71.2063006600463382
-24.3524352435243543 -85.0152869490031406
-24.3324332433243313 -95.2748702647713230
-24.3124312431243084 -72.6918388612683941
-24.2924292429242854 -83.4786675545285419
-24.2724272427242624 -93.4676296703544267
-24.2524252425242537 -85.9094173898349567
-24.2324232423242307 -74.8132000364483218
-24.2124212421242078 -85.2734486623078141
-24.1924192419241848 -74.0167023284313359
-24.1724172417241618 -69.5289343442564984
-24.1524152415241531 -89.1917440661892584
-24.1324132413241301 -79.9924632810599689
-24.1124112411241072 -74.6084531050384498
-24.0924092409240842 -72.6728155563587279
-24.0724072407240755 -81.2396010777323170
-24.0524052405240525 -85.4210419702527446
-24.0324032403240295 -76.2004037613356644
-24.0124012401240066 -78.6495580020078791
-23.9923992399239836 -86.0847974609899467
-23.9723972397239748 -81.2006822433367148
-23.9523952395239519 -85.2024363463060865
-23.9323932393239289 -81.4100148244089610
-23.9123912391239060 -85.7261409428705292
-23.8923892389238830 -87.8963934512459417
-23.8723872387238742 -81.0407809836853232
-23.8523852385238513 -79.3806565937731108
-23.8323832383238283 -81.6820486901741276
-23.8123812381238054 -92.6963995362925886
-23.7923792379237824 -84.9645550718752673
-23.7723772377237736 -90.9196173565021155
-23.7523752375237507 -78.5655425842702471
-23.7323732373237277 -90.5800002983788062
-23.7123712371237048 -72.5007691367361673
-23.6923692369236818 -101.7610449715099747
-23.6723672367236730 -85.1554797125797336
-23.6523652365236501 -82.9434009032495823
-23.6323632363236271 -92.4323935991846781
-23.6123612361236042 -87.3276112629342549
-23.5923592359235954 -85.1413618450256138
-23.5723572357235724 -92.0962290889077337
-23.5523552355235495 -84.0042138778303951
-23.5323532353235265 -73.4869552567498800
-23.5123512351235036 -88.9932058495719644
-23.4923492349234948 -95.4073151477603290
-23.4723472347234718 -84.6855506207168105
-23.4523452345234489 -74.6579307785905115
-23.4323432343234259 -96.0560029681161751
-23.4123412341234030 -94.9321174039469042
-23.3923392339233942 -82.7623819637052378
-23.3723372337233712 -76.4476449297330589
-23.3523352335233483 -95.9467061103812853
-23.3323332333233253 -86.0067441971488620
-23.3123312331233024 -90.2435521605804638
-23.2923292329232936 -72.2032002151384233
-23.2723272327232706 -86.5276401917822682
-23.2523252325232477 -84.4800364712949516
-23.2323232323232247 -85.5929185685219522
-23.2123212321232018 -91.7477760368938249
-23.1923192319231930 -80.2487559343662014
-23.1723172317231700 -106.8432611869712048
-23.1523152315231471 -91.3124478312124808
-23.1323132313231241 -89.8843408115508993
-23.1123112311231154 -83.6912527711339465
-23.0923092309230924 -82.4188994122741860
-23.0723072307230694 -73.4623717301087140
-23.0523052305230465 -85.9185615785963535
-23.0323032303230235 -85.0680303031429048
-23.0123012301230148 -81.9133718814471052
-22.9922992299229918 -90.8812976901735112
-22.9722972297229688 -92.1092977343450059
-22.9522952295229459 -84.7638301952875537
-22.9322932293229229 -71.1998293636254829
-22.9122912291229142 -93.4231763875636432
-22.8922892289228912 -87.3646351955051443
-22.8722872287228682 -74.7729695319977168
-22.8522852285228453 -87.9506897584430902
-22.8322832283228223 -83.6677560604604338
-22.8122812281228136 -85.6140267014932448
-22.7922792279227906 -84.4574432734989671
-22.7722772277227676 -89.4706067654959298
-22.7522752275227447 -82.6976052696680028
-22.7322732273227217 -79.6719615262701666
-22.7122712271227130 -82.7839925961190488
-22.6922692269226900 -88.1438768812638074
-22.6722672267226670 -79.3376181772415947
-22.6522652265226441 -80.1210308957693940
-22.6322632263226353 -85.2671642893093917
-22.6122612261226124 -81.9912234502004367
-22.5922592259225894 -87.1116023292804016
-22.5722572257225664 -78.9699996991351867
-22.5522552255225435 -99.5194102995558154
-22.5322532253225347 -78.6598583143509984
-22.5122512251225118 -78.5844941002926447
-22.4922492249224888 -85.8360210742608558
-22.4722472247224658 -81.8982411606998539
-22.4522452245224429 -91.0066002579417272
-22.4322432243224341 -72.6598176968215625
-22.4122412241224112 -77.2949554594791550
-22.3922392239223882 -80.9873293010639657
-22.3722372237223652 -85.1249530187120342
-22.3522352235223423 -90.6809675187996476
-22.3322332233223335 -78.7837744706272076
-22.3122312231223106 -97.1701775607010632
-22.2922292229222876 -87.3799111766876848
-22.2722272227222646 -93.6915322175581196
-22.2522252225222417 -88.7874370381694860
-22.2322232223222329 -80.1928651984405292
-22.2122212221222100 -93.2507448429859522
-22.1922192219221870 -110.4105438888235824
-22.1722172217221640 -89.6829702176308245
-22.1522152215221553 -90.4297917026694478
-22.1322132213221323 -90.0173091988796585
-22.1122112211221094 -66.4566095364301503
-22.0922092209220864 -88.4421081297435876
-22.0722072207220634 -88.8982030027920018
-22.0522052205220547 -83.7187761497852563
-22.0322032203220317 -77.4382078068718585
-22.0122012201220087 -83.2360403208642055
-21.9921992199219858 -78.8735286795209873
-21.9721972197219628 -82.0550287837253904
-21.9521952195219541 -64.0211504120267989
-21.9321932193219311 -94.6722767595895220
-21.9121912191219081 -86.9720381126958273
-21.8921892189218852 -78.4883460300664808
-21.8721872187218622 -78.7334723831464913
-21.8521852185218535 -87.2117201870124319
-21.8321832183218305 -98.0376989342742462
-21.8121812181218075 -78.3945661696159419
-21.7921792179217846 -80.2019905509019253
-21.7721772177217616 -73.5324608272360223
-21.7521752175217529 -82.5586653791282714
-21.7321732173217299 -92.1448698646297686
-21.7121712171217069 -75.3682451904562498
-21.6921692169216840 -87.3498283261860848
-21.6721672167216752 -84.2152208998441409
-21.6521652165216523 -84.0829058762931538
-21.6321632163216293 -75.9534689896393047
-21.6121612161216063 -80.4796243794823596
-21.5921592159215834 -78.5566029880735073
-21.5721572157215746 -83.3683195485938313
-21.5521552155215517 -86.8685798887623974
-21.5321532153215287 -90.0260324384649522
-21.5121512151215057 -84.9578755057845711
-21.4921492149214828 -75.5321950974844043
-21.4721472147214740 -97.6015443251983612
-21.4521452145214511 -65.5854715843388050
-21.4321432143214281 -73.7649109967809551
-21.4121412141214051 -88.8563868421883569
-21.3921392139213822 -86.5097825302188141
-21.3721372137213734 -89.4996371873814809
-21.3521352135213505 -94.7944111009269363
-21.3321332133213275 -74.3335328326573972
-21.3121312131213045 -89.1936688172697671
-21.2921292129212816 -90.7058919240982249
-21.2721272127212728 -76.9294487971641558
-21.2521252125212499 -77.9882606785023853
-21.2321232123212269 -79.7683800450997751
-21.2121212121212039 -90.3715213581156149
-21.1921192119211952 -70.8745480443117231
-21.1721172117211722 -68.4393964320334476
-21.1521152115211493 -79.3865457148716587
-21.1321132113211263 -73.0070258615701277
-21.1121112111211033 -62.9697570753188955
-21.0921092109210946 -74.7264850708649533
-21.0721072107210716 -76.5341756741912889
-21.0521052105210487 -69.0341030468651979
-21.0321032103210257 -79.3115005333562948
-21.0121012101210027 -81.9095645203323812
-20.9920992099209940 -71.8274794359585940
-20.9720972097209710 -79.2460112587463357
-20.9520952095209481 -72.7737792960989935
-20.9320932093209251 -76.7807859532584729
-20.9120912091209021 -100.6477542754303158
-20.8920892089208934 -96.0168605539188889
-20.8720872087208704 -71.0293531749204590
-20.8520852085208475 -82.2286528687006069
-20.8320832083208245 -81.6770894121525828
-20.8120812081208015 -90.4666055157143063
-20.7920792079207928 -66.5517198392117422
-20.7720772077207698 -87.1445058100235457
-20.7520752075207469 -81.3201036397601769
-20.7320732073207239 -86.6110001541974555
-20.7120712071207151 -59.8509566393059345
-20.6920692069206922 -81.7187618632320323
-20.6720672067206692 -71.5279798360042918
-20.6520652065206463 -81.8703906717350662
-20.6320632063206233 -91.7346267503803006
-20.6120612061206145 -90.2468962232356944
-20.5920592059205916 -77.1646424376989444
-20.5720572057205686 -66.7054001041209261
-20.5520552055205457 -88.5630803818814911
-20.5320532053205227 -90.6872903769215100
-20.5120512051205139 -89.5589990120860193
-20.4920492049204910 -93.8685549939884680
-20.4720472047204680 -90.7395993191790922
-20.4520452045204451 -82.8986791224786970
-20.4320432043204221 -81.9062804737079091
-20.4120412041204133 -81.4349465982263325
-20.3920392039203904 -80.3742110978194404
-20.3720372037203674 -79.7032153443787195
-20.3520352035203445 -78.0649029960622443
-20.3320332033203215 -76.2872618028621901
-20.3120312031203127 -77.7537830482683603
-20.2920292029202898 -77.6627231609222690
-20.2720272027202668 -74.2307809497922619
-20.2520252025202439 -93.9368330929889339
-20.2320232023202351 -73.6728923390300565
-20.2120212021202121 -85.9897532232751018
-20.1920192019201892 -95.1826492829443964
-20.1720172017201662 -78.2097245012997888
-20.1520152015201433 -86.3106578527738009
-20.1320132013201345 -82.5960466019941748
-20.1120112011201115 -72.2745226144080419
-20.0920092009200886 -88.4814985863718420
-20.0720072007200656 -79.7442939125123047
-20.0520052005200426 -61.9704482873799662
-20.0320032003200339 -79.1050390059129711
-20.0120012001200109 -75.9951566371929630
-19.9919991999199880 -86.3120355742250212
-19.9719971997199650 -82.1638901651638349
-19.9519951995199420 -81.0703564480969305
-19.9319931993199333 -87.6879567963739959
-19.9119911991199103 -86.3555400304066438
-19.8919891989198874 -79.9548813426270897
-19.8719871987198644 -75.2844711307243841
-19.8519851985198414 -78.4754251664256088
-19.8319831983198327 -62.8432443196715695
-19.8119811981198097 -81.6354947349185096
-19.7919791979197868 -74.2322980509914743
-19.7719771977197638 -77.9284875564094222
-19.7519751975197551 -66.3358776192560242
-19.7319731973197321 -90.3696995384825925
-19.7119711971197091 -84.1490291431430961
-19.6919691969196862 -86.3278573410919137
-19.6719671967196632 -92.5492740531596780
-19.6519651965196545 -65.9306076132947396
-19.6319631963196315 -76.8935729983509049
-19.6119611961196085 -77.4131336986970950
-19.5919591959195856 -74.9321621245889418
-19.5719571957195626 -87.4811849450554746
-19.5519551955195539 -94.0656211333307937
-19.5319531953195309 -87.6217906866401961
-19.5119511951195079 -72.8135919428816436
-19.4919491949194850 -87.3644991769778585
-19.4719471947194620 -82.5541818498083018
-19.4519451945194533 -70.8488243251811411
-19.4319431943194303 -67.9345054123919425
-19.4119411941194073 -71.4007843315575030
-19.3919391939193844 -76.4465981131010466
-19.3719371937193614 -65.4762254002277615
-19.3519351935193527 -80.7083328440702132
-19.3319331933193297 -92.3207824092357612
-19.3119311931193067 -79.4130638726664557
-19.2919291929192838 -87.6994327813772117
-19.2719271927192750 -64.0204234298209371
-19.2519251925192521 -73.5882047502682894
-19.2319231923192291 -68.4045516567113481
-19.2119211921192061 -101.7575786892451930
-19.1919191919191832 -97.1838584334850140
-19.1719171917191744 -70.1249051757672532
-19.1519151915191514 -76.5867760409816754
-19.1319131913191285 -82.8503855546702255
-19.1119111911191055 -89.0197401723882251
-19.0919091909190826 -59.6151242769162621
-19.0719071907190738 -76.8919089139489529
-19.0519051905190508 -66.2052939318975575
-19.0319031903190279 -91.9407440890410612
-19.0119011901190049 -68.4730602400578334
-18.9918991899189820 -88.8251690555530047
-18.9718971897189732 -78.4045598802462393
-18.9518951895189502 -84.2171307577942372
-18.9318931893189273 -76.8366024821147136
-18.9118911891189043 -90.2384494359639433
-18.8918891889188814 -67.8519381086976239
-18.8718871887188726 -84.2999219776674948
-18.8518851885188496 -75.5387527119068523
-18.8318831883188267 -67.0922199080082038
-18.8118811881188037 -69.0257355464115534
-18.7918791879187950 -81.8605372235921891
-18.7718771877187720 -76.5473853654787462
-18.7518751875187490 -79.5422807415150999
-18.7318731873187261 -85.5773439671256568
-18.7118711871187031 -67.0509616105227479
-18.6918691869186944 -79.0469114611264416
-18.6718671867186714 -90.1126266182958631
-18.6518651865186484 -61.7435070425236887
-18.6318631863186255 -83.7974243448535674
-18.6118611861186025 -62.7505415575564029
-18.5918591859185938 -72.3293459366124409
-18.5718571857185708 -78.0089008517525428
-18.5518551855185478 -89.8267550025799437
-18.5318531853185249 -84.1668222785400388
-18.5118511851185019 -75.5213140255166735
-18.4918491849184932 -86.4955617208846519
-18.4718471847184702 -82.5830847305572178
-18.4518451845184472 -74.7096792637075708
-18.4318431843184243 -82.5493267030880133
-18.4118411841184013 -85.6706802979878859
-18.3918391839183926 -69.6709604527672468
-18.3718371837183696 -91.3023208929478756
-18.3518351835183466 -78.9228036874781935
-18.3318331833183237 -74.5576195949507508
-18.3118311831183149 -63.7548592988871263
-18.2918291829182920 -85.9250978706177619
-18.2718271827182690 -81.5814668675375145
-18.2518251825182460 -82.2073163898131014
-18.2318231823182231 -79.5246343112474534
-18.2118211821182143 -78.2866126134716040
-18.1918191819181914 -67.0717691652648256
-18.1718171817181684 -82.5468554626505835
-18.1518151815181454 -70.6513262650041725
-18.1318131813181225 -77.9936605420572420
-18.1118111811181137 -72.8305194799996229
-18.0918091809180908 -84.7604267154742104
-18.0718071807180678 -77.8983830870174074
-18.0518051805180448 -90.2282414006118074
-18.0318031803180219 -83.8816995102395708
-18.0118011801180131 -91.1835705334209479
-17.9917991799179902 -65.5402739660092948
-17.9717971797179672 -97.9949051099456767
-17.9517951795179442 -87.6774448607734342
-17.9317931793179213 -85.3174215601940773
-17.9117911791179125 -73.8286442807970644
-17.8917891789178896 -60.6665760141975028
-17.8717871787178666 -84.1996149957655859
-17.8517851785178436 -82.0788107054139289
-17.8317831783178207 -80.7035763220467004
-17.8117811781178119 -81.9055553295452228
-17.7917791779177890 -89.2822785299043602
-17.7717771777177660 -77.6760119856900815
-17.7517751775177430 -64.7750459116498547
-17.7317731773177343 -74.3152099139196594
-17.7117711771177113 -66.2760589175228461
-17.6917691769176884 -84.1559027608124239
-17.6717671767176654 -86.4440731833042122
-17.6517651765176424 -88.7456552529282163
-17.6317631763176337 -75.6716963930065845
-17.6117611761176107 -76.1564324391864318
-17.5917591759175878 -79.4394361016767476
-17.5717571757175648 -85.2048923221320678
-17.5517551755175418 -73.6448698286485666
-17.5317531753175331 -74.1606150757763913
-17.5117511751175101 -79.8459587541634050
-17.4917491749174872 -74.0716469057552018
-17.4717471747174642 -83.7666469470496509
-17.4517451745174412 -81.6653056120355814
-17.4317431743174325 -63.2391834269968243
-17.4117411741174095 -71.2679507653297861
-17.3917391739173866 -72.4424287624026135
-17.3717371737173636 -87.0836020876896413
-17.3517351735173406 -83.0123476874307755
-17.3317331733173319 -75.3673233361804051
-17.3117311731173089 -70.0664492713630835
-17.2917291729172860 -80.7029747891080547
-17.2717271727172630 -70.3069802943531670
-17.2517251725172542 -84.0013662795807079
-17.2317231723172313 -75.7383135204087807
-17.2117211721172083 -79.0048394852791205
-17.1917191719171853 -69.0172619152282607
-17.1717171717171624 -77.2774706226343113
-17.1517151715171536 -81.7158567777129861
-17.1317131713171307 -86.9083657938534486
-17.1117111711171077 -87.1641804472532868
-17.0917091709170847 -78.2598064648895786
-17.0717071707170618 -66.6041560016244603
-17.0517051705170530 -65.1611117093167138
-17.0317031703170301 -73.0703103028050407
-17.0117011701170071 -85.6012504250475672
-16.9916991699169841 -70.8268817061960334
-16.9716971697169612 -78.1444546040819148
-16.9516951695169524 -84.5375789512567053
-16.9316931693169295 -73.9144588138334910
-16.9116911691169065 -77.3036959613443173
-16.8916891689168835 -70.6504792364227967
-16.8716871687168606 -79.7111638357214929
-16.8516851685168518 -74.9878579061466581
-16.8316831683168289 -76.8301937209492962
-16.8116811681168059 -75.3763351658505485
-16.7916791679167829 -80.2750586845475880
-16.7716771677167742 -68.9236446124196931
-16.7516751675167512 -77.5370956038439090
-16.7316731673167283 -69.7428984753266121
-16.7116711671167053 -78.4817752246848528
-16.6916691669166823 -63.0773186019368950
-16.6716671667166736 -63.7819946932114235
-16.6516651665166506 -74.9826229589575490
-16.6316631663166277 -62.7149057124868463
-16.6116611661166047 -86.0717760026056879
-16.5916591659165817 -48.3453000548067564
-16.5716571657165730 -69.6290041213916027
-16.5516551655165500 -74.7602340485543522
-16.5316531653165271 -66.6998138877403193
-16.5116511651165041 -72.2883401759024764
-16.4916491649164811 -71.8189409149380253
-16.4716471647164724 -68.6631969299978948
-16.4516451645164494 -72.7337530303228590
-16.4316431643164265 -64.2423776853595854
-16.4116411641164035 -76.2886885030664530
-16.3916391639163805 -62.1450673453591733
-16.3716371637163718 -88.2206798811080546
-16.3516351635163488 -79.2905862148894016
-16.3316331633163259 -76.1202171549853830
-16.3116311631163029 -84.2583981804633595
-16.2916291629162941 -54.7186576030613594
-16.2716271627162712 -57.6446211793761023
-16.2516251625162482 -80.0416244961778176
-16.2316231623162253 -80.3997392889015430
-16.2116211621162023 -81.0860053251224429
-16.1916191619161935 -63.2375426018689950
-16.1716171617161706 -93.0977318661324915
-16.1516151615161476 -58.4049689329122970
-16.1316131613161247 -64.3674345764456177
-16.1116111611161017 -71.1648789280699390
-16.0916091609160929 -79.6425667895184688
-16.0716071607160700 -71.7429009249426173
-16.0516051605160470 -79.5628682167583037
-16.0316031603160241 -75.4827671082795746
-16.0116011601160011 -80.7087594515125062
-15.9915991599159923 -69.4264634894627051
-15.9715971597159694 -86.6551562139474782
-15.9515951595159464 -65.6421741495241804
-15.9315931593159235 -84.0970186052056192
-15.9115911591159005 -73.1746853288929486
-15.8915891589158917 -77.2122180657696617
-15.8715871587158688 -61.4712603528176942
-15.8515851585158458 -71.3487729906747603
-15.8315831583158229 -85.9874210523302906
-15.8115811581158141 -83.4478736622587434
-15.7915791579157911 -76.1576192856604024
-15.7715771577157682 -67.5428302660568960
-15.7515751575157452 -77.5213198736603175
-15.7315731573157223 -72.3789044877799199
-15.7115711571157135 -83.5214024833143043
-15.6915691569156905 -71.8491009546630153
-15.6715671567156676 -75.9581278145034275
-15.6515651565156446 -72.5611570864139708
-15.6315631563156217 -90.1610547665167985
-15.6115611561156129 -72.2365982185491902
-15.5915591559155899 -75.4203525535604911
-15.5715571557155670 -81.2321585435076798
-15.5515551555155440 -72.9056649115473618
-15.5315531553155211 -70.3661232823224196
-15.5115511551155123 -73.8980891043799062
-15.4915491549154893 -84.2552164960244738
-15.4715471547154664 -82.9205572377711917
-15.4515451545154434 -81.5388499157274822
-15.4315431543154205 -70.2801733329359024
-15.4115411541154117 -81.2391299184629645
-15.3915391539153887 -64.9456396866041104
-15.3715371537153658 -66.3392446940027867
-15.3515351535153428 -65.4087804452285440
-15.3315331533153341 -81.9749984282617987
-15.3115311531153111 -71.7903043396421481
-15.2915291529152881 -74.8174029620158336
-15.2715271527152652 -49.4714456978773640
-15.2515251525152422 -83.5356894417414679
-15.2315231523152335 -64.0291374740222778
-15.2115211521152105 -62.0401884703589843
-15.1915191519151875 -72.6843429945255224
-15.1715171517151646 -76.5753129446632386
-15.1515151515151416 -73.3986762708324960
-15.1315131513151329 -64.8489699035730354
-15.1115111511151099 -76.2243488943657752
-15.0915091509150869 -71.8213662593249467
-15.0715071507150640 -78.3817639192017737
-15.0515051505150410 -73.8613578301380471
-15.0315031503150323 -68.2165187482186610
-15.0115011501150093 -65.3620910823513839
-14.9914991499149863 -73.8276607505514022
-14.9714971497149634 -69.2886706651255793
-14.9514951495149404 -66.5469818915888425
-14.9314931493149317 -67.0519614592429747
-14.9114911491149087 -79.3398769370323009
-14.8914891489148857 -73.6442562887690286
-14.8714871487148628 -90.3773518524175046
-14.8514851485148540 -69.8284906404582983
-14.8314831483148311 -63.6819622930923188
-14.8114811481148081 -74.7893532852234841
-14.7914791479147851 -79.5550661776510566
-14.7714771477147622 -57.4762735884931359
-14.7514751475147534 -63.2417264353923088
-14.7314731473147305 -69.6501768978266540
-14.7114711471147075 -78.6577511386707329
-14.6914691469146845 -82.0335656749208511
-14.6714671467146616 -62.6815806296530980
-14.6514651465146528 -57.3707193049233908
-14.6314631463146299 -81.7517883354254735
-14.6114611461146069 -71.0366943687506023
-14.5914591459145839 -70.4366494512866410
-14.5714571457145610 -67.6137464510432125
-14.5514551455145522 -74.1881051513132235
-14.5314531453145293 -73.1054068022717018
-14.5114511451145063 -78.8520487757970159
-14.4914491449144833 -54.1455454000675473
-14.4714471447144604 -76.6372119352008667
-14.4514451445144516 -75.0748362749420437
-14.4314431443144287 -75.0044152187434179
-14.4114411441144057 -64.0556116888506324
-14.3914391439143827 -59.5491835687508910
-14.3714371437143740 -61.3462781154157142
-14.3514351435143510 -62.2471854409646994
-14.3314331433143280 -73.0761401431306155
-14.3114311431143051 -56.3206856605305148
-14.2914291429142821 -62.7362671079494376
-14.2714271427142734 -82.7600036891536490
-14.2514251425142504 -71.6932384468292554
-14.2314231423142274 -75.8722680541917924
-14.2114211421142045 -66.3458866840461923
-14.1914191419141815 -75.9688786460577887
-14.1714171417141728 -78.0057505222029448
-14.1514151415141498 -57.8513975165894578
-14.1314131413141268 -51.7398453855538634
-14.1114111411141039 -69.2013067970397202
-14.0914091409140809 -53.8205330196412390
-14.0714071407140722 -62.1660358759963216
-14.0514051405140492 -59.7793962193480866
-14.0314031403140262 -65.6038924021391665
-14.0114011401140033 -63.9770348774845274
-13.9913991399139803 -69.0317355444782095
-13.9713971397139716 -75.2131436356842187
-13.9513951395139486 -73.0545728636159168
-13.9313931393139256 -72.2033232415432309
-13.9113911391139027 -76.1955464307968953
-13.8913891389138939 -52.2246520836868910
-13.8713871387138710 -69.5348567587638939
-13.8513851385138480 -84.5605629563730901
-13.8313831383138250 -66.8982919858372327
-13.8113811381138021 -70.2161156234963215
-13.7913791379137933 -70.7213057085017311
-13.7713771377137704 -79.8714852356053058
-13.7513751375137474 -74.5200784782900598
-13.7313731373137244 -85.9524820849857889
-13.7113711371137015 -71.2958351650292173
-13.6913691369136927 -72.2167415515141613
-13.6713671367136698 -76.3733835814369826
-13.6513651365136468 -50.4736731851130358
-13.6313631363136238 -76.5583275787649029
-13.6113611361136009 -68.1632228965162881
-13.5913591359135921 -68.3645996116180328
-13.5713571357135692 -46.6727404273760342
-13.5513551355135462 -70.4472280298876399
-13.5313531353135232 -72.0801090581213657
-13.5113511351135003 -59.1418573105915044
-13.4913491349134915 -68.0795811736943222
-13.4713471347134686 -76.9865876127495312
-13.4513451345134456 -65.8512374845983146
-13.4313431343134226 -75.8378107156415808
-13.4113411341134139 -70.8521713095314567
-13.3913391339133909 -65.2030629902905332
-13.3713371337133680 -51.4772345317468947
-13.3513351335133450 -59.8267531340815140
-13.3313331333133220 -74.7875471165883852
-13.3113311331133133 -66.1512554101641257
-13.2913291329132903 -73.6561861023020015
-13.2713271327132674 -62.1996628912422125
-13.2513251325132444 -59.3346956208456291
-13.2313231323132214 -59.7246296384922672
-13.2113211321132127 -81.9047775727609633
-13.1913191319131897 -57.6972504621657976
-13.1713171317131668 -62.8691412803441239
-13.1513151315131438 -71.4184674606802190
-13.1313131313131208 -61.5644869759519722
-13.1113111311131121 -50.0530060577191591
-13.0913091309130891 -78.8789407234631312
-13.0713071307130662 -54.8006969537771056
-13.0513051305130432 -74.5071367261390662
-13.0313031303130202 -67.4159550632170834
-13.0113011301130115 -71.9453833356967323
-12.9912991299129885 -58.9400403291074539
-12.9712971297129656 -62.0519045163518186
-12.9512951295129426 -74.9989610972410219
-12.9312931293129338 -65.3020483025970435
-12.9112911291129109 -61.1890772143389512
-12.8912891289128879 -54.9303437798981946
-12.8712871287128650 -61.2370474417778041
-12.8512851285128420 -60.9283530519738505
-12.8312831283128332 -46.8975332293648535
-12.8112811281128103 -97.9573180249317659
-12.7912791279127873 -62.9680419275254835
-12.7712771277127644 -77.0006005338161401
-12.7512751275127414 -77.3244535209067436
-12.7312731273127326 -66.7907259293198763
-12.7112711271127097 -62.9078601880660031
-12.6912691269126867 -56.3346511512432073
-12.6712671267126638 -68.5041872102096079
-12.6512651265126408 -75.7220450808773364
-12.6312631263126320 -78.6201280075390798
-12.6112611261126091 -75.4887278250482012
-12.5912591259125861 -57.0918861331738157
-12.5712571257125632 -66.5822809768326636
-12.5512551255125402 -65.2381365885017743
-12.5312531253125314 -67.4273965118959921
-12.5112511251125085 -65.3953069022861087
-12.4912491249124855 -57.8419108997703049
-12.4712471247124626 -66.9594151545987870
-12.4512451245124538 -66.0910864585920308
-12.4312431243124308 -75.8453121008458595
-12.4112411241124079 -71.3127639956355210
-12.3912391239123849 -85.6160240281627978
-12.3712371237123619 -71.5880055865437441
-12.3512351235123532 -49.2395109124353922
-12.3312331233123302 -68.8772200448683662
-12.3112311231123073 -58.1874501008197882
-12.2912291229122843 -67.7040715923572662
-12.2712271227122613 -69.7346215482855882
-12.2512251225122526 -82.0458766983919503
-12.2312231223122296 -49.3172500439774524
-12.2112211221122067 -68.6788190963564062
-12.1912191219121837 -61.6108488457550720
-12.1712171217121607 -73.8501460511370738
-12.1512151215121520 -77.9472918798261958
-12.1312131213121290 -75.9323406104841041
-12.1112111211121061 -69.4195162698705559
-12.0912091209120831 -54.2490883663345187
-12.0712071207120601 -58.0396582727938437
-12.0512051205120514 -52.3222560520039721
-12.0312031203120284 -66.2315332917837623
-12.0112011201120055 -61.4689657199427018
-11.9911991199119825 -72.7505214986564113
-11.9711971197119738 -64.0776816110963097
-11.9511951195119508 -74.5233275896210330
-11.9311931193119278 -62.1273953910646881
-11.9111911191119049 -77.0074463376866873
-11.8911891189118819 -74.3435066951669228
-11.8711871187118732 -82.5608636484610798
-11.8511851185118502 -56.6874604732995735
-11.8311831183118272 -59.1768995177231929
-11.8111811181118043 -73.1750979563444162
-11.7911791179117813 -68.4412036104213541
-11.7711771177117726 -51.0579828388000010
-11.7511751175117496 -48.0704045805334772
-11.7311731173117266 -60.7246092627155107
-11.7111711171117037 -59.6077048080060266
-11.6911691169116807 -61.5456127034415346
-11.6711671167116720 -69.4275753568832528
-11.6511651165116490 -49.1765862416865076
-11.6311631163116260 -78.8003792495280209
-11.6111611161116031 -58.0735505928938309
-11.5911591159115801 -86.1672992487727356
-11.5711571157115714 -54.7004650817681437
-11.5511551155115484 -57.5869455323820745
-11.5311531153115254 -49.3554965668079930
-11.5111511151115025 -64.4484219631892614
-11.4911491149114937 -63.9363570335925431
-11.4711471147114707 -69.3810642998790854
-11.4511451145114478 -59.3495298719136812
-11.4311431143114248 -54.6545873029428435
-11.4111411141114019 -67.5148747062843597
-11.3911391139113931 -67.7222913658039687
-11.3711371137113701 -62.6537233732851604
-11.3511351135113472 -72.0595615255292898
-11.3311331133113242 -74.5585732044678764
-11.3111311131113013 -48.8315322456998047
-11.2911291129112925 -65.6755827264571934
-11.2711271127112695 -67.0035149756521520
-11.2511251125112466 -64.0473611886380638
-11.2311231123112236 -70.3669204294995154
-11.2111211121112007 -57.2798213864618830
-11.1911191119111919 -63.9478489909061238
-11.1711171117111689 -50.3255986407154197
-11.1511151115111460 -69.2352340662058765
-11.1311131113111230 -62.7697003292502842
-11.1111111111111001 -62.0940217241282824
-11.0911091109110913 -53.9054023486119718
-11.0711071107110683 -53.8009722658845106
-11.0511051105110454 -57.0470331082264579
-11.0311031103110224 -56.4657807169757504
-11.0111011101110137 -57.7876471672333736
-10.9910991099109907 -61.3397275423951314
-10.9710971097109677 -49.1845188822576205
-10.9510951095109448 -63.6343920945405515
-10.9310931093109218 -66.7565522318801783
-10.9110911091109131 -60.9823510836689877
-10.8910891089108901 -69.8714578298714031
-10.8710871087108671 -57.2674113502901037
-10.8510851085108442 -76.1378196088437704
-10.8310831083108212 -62.3903696197871085
-10.8110811081108125 -52.6857698115235422
-10.7910791079107895 -59.1628583302664595
-10.7710771077107665 -57.5336360226355907
-10.7510751075107436 -64.6712436763277196
-10.7310731073107206 -72.1258022723813639
-10.7110711071107119 -73.6148670385294821
-10.6910691069106889 -62.9865354774623611
-10.6710671067106659 -70.2081921909904310
-10.6510651065106430 -60.5622712367500142
-10.6310631063106200 -63.4926940440661980
-10.6110611061106113 -71.6413164930378059
-10.5910591059105883 -57.4591558456211260
-10.5710571057105653 -58.6933107860131926
-10.5510551055105424 -68.6978832539593185
-10.5310531053105336 -48.9633109508398263
-10.5110511051105107 -63.4949192568415484
-10.4910491049104877 -73.9834124337674837
-10.4710471047104647 -68.9364220050178886
-10.4510451045104418 -68.6839539997802007
-10.4310431043104330 -72.8368759685135529
-10.4110411041104101 -42.9497533309269386
-10.3910391039103871 -49.4050955888582592
-10.3710371037103641 -71.6677053700557423
-10.3510351035103412 -51.1763312407318693
-10.3310331033103324 -63.4927069447167369
-10.3110311031103095 -54.3345408417928439
-10.2910291029102865 -41.1401449665982568
-10.2710271027102635 -71.5013620877901701
-10.2510251025102406 -62.9360585826338692
-10.2310231023102318 -75.5479756621068077
-10.2110211021102089 -50.1191440401260948
-10.1910191019101859 -61.9823281313774856
-10.1710171017101629 -42.6172745176193217
-10.1510151015101400 -60.6862035540388973
-10.1310131013101312 -56.9066648918203057
-10.1110111011101083 -60.9684825086908688
-10.0910091009100853 -66.0419976916126785
-10.0710071007100623 -64.7393838662460013
-10.0510051005100536 -56.3594722054608042
-10.0310031003100306 -58.5412386105541174
-10.0110011001100077 -67.3390882610570287
-9.9909990999099847 -50.4191027644836396
-9.9709970997099617 -52.6888707672355636
-9.9509950995099530 -69.7079721634964500
-9.9309930993099300 -53.8870150917572701
-9.9109910991099071 -53.5407787010097422
-9.8909890989098841 -51.0425895367269433
-9.8709870987098611 -61.8610457401950455
-9.8509850985098524 -65.7747085896756261
-9.8309830983098294 -56.3588837517759629
-9.8109810981098065 -58.6580748655187278
-9.7909790979097835 -63.0547646920259908
-9.7709770977097605 -47.5874842069922721
-9.7509750975097518 -58.4030609075822085
-9.7309730973097288 -65.6961101597740083
-9.7109710971097059 -58.2881842151620546
-9.6909690969096829 -60.2475226889677273
-9.6709670967096599 -70.1488881386891450
-9.6509650965096512 -41.0815079781954466
-9.6309630963096282 -70.4357611163528077
-9.6109610961096053 -66.1256586248381666
-9.5909590959095823 -65.6549096811577044
-9.5709570957095735 -66.0954512172240385
-9.5509550955095506 -70.2248794238337837
-9.5309530953095276 -65.3222186064245847
-9.5109510951095046 -65.7166326695014220
-9.4909490949094817 -48.4750160677198139
-9.4709470947094729 -57.8200262406168264
-9.4509450945094500 -45.1286750908348182
-9.4309430943094270 -62.1989176097386220
-9.4109410941094040 -74.1545208130867195
-9.3909390939093811 -73.5382671290752938
-9.3709370937093723 -64.7232790084390786
-9.3509350935093494 -50.7806385129533240
-9.3309330933093264 -64.6449402530222130
-9.3109310931093034 -65.5953542951235988
-9.2909290929092805 -68.0981938562539995
-9.2709270927092717 -67.2575483458767991
-9.2509250925092488 -57.3340031544463784
-9.2309230923092258 -66.0931527005070478
-9.2109210921092028 -55.7430493384177481
-9.1909190919091799 -45.6678721042399758
-9.1709170917091711 -63.4935104773010792
-9.1509150915091482 -50.5470068713516838
-9.1309130913091252 -59.1250598492157380
-9.1109110911091022 -55.8119229882525900
-9.0909090909090935 -59.9932100629218112
-9.0709070907090705 -50.1308896714931223
-9.0509050905090476 -60.6671823997441280
-9.0309030903090246 -63.3226248493912962
-9.0109010901090016 -54.4733639886708545
-8.9908990899089929 -66.3441657169151711
-8.9708970897089699 -74.4520501893714481
-8.9508950895089470 -75.4276891073964464
-8.9308930893089240 -43.1376997634026011
-8.9108910891089010 -67.8322889457440681
-8.8908890889088923 -55.8733523775627603
-8.8708870887088693 -59.5925043089996080
-8.8508850885088464 -56.3187120239019237
-8.8308830883088234 -65.4591461037792897
-8.8108810881088004 -57.2201015087584253
-8.7908790879087917 -54.4875950808898040
-8.7708770877087687 -54.0954976470575986
-8.7508750875087458 -31.2787111610697615
-8.7308730873087228 -50.7688834505119360
-8.7108710871086998 -64.7255323121367070
-8.6908690869086911 -42.4790707996950587
-8.6708670867086681 -45.3871405242467176
-8.6508650865086452 -53.6841494398333055
-8.6308630863086222 -48.0174775709185298
-8.6108610861086134 -63.4408831561615827
-8.5908590859085905 -43.8582772014835456
-8.5708570857085675 -43.5271073206465999
-8.5508550855085446 -68.5308311559505512
-8.5308530853085216 -69.2913956398270443
-8.5108510851085128 -53.4703393550799717
-8.4908490849084899 -56.9773902946955673
-8.4708470847084669 -55.7965390203896376
-8.4508450845084440 -52.2290607788674706
-8.4308430843084210 -54.0346958738086300
-8.4108410841084122 -59.2527829169968783
-8.3908390839083893 -65.3969159188870890
-8.3708370837083663 -50.5361528393832771
-8.3508350835083434 -47.7364779600548275
-8.3308330833083204 -33.6457257790010615
-8.3108310831083116 -61.4089366081135282
-8.2908290829082887 -55.5961633942151394
-8.2708270827082657 -41.7205353820064673
-8.2508250825082428 -56.0422866145932943
-8.2308230823082198 -60.8292055583097877
-8.2108210821082110 -48.9482339360299434
-8.1908190819081881 -55.6393337922690279
-8.1708170817081651 -49.7405218452063878
-8.1508150815081422 -59.4946875787854310
-8.1308130813081334 -72.3374889837891999
-8.1108110811081104 -51.0710580315548199
-8.0908090809080875 -57.3932450789032202
-8.0708070807080645 -51.7225862434612651
-8.0508050805080416 -62.9933087161953438
-8.0308030803080328 -38.1311720344561280
-8.0108010801080098 -65.3790130012178565
-7.9907990799079869 -43.7167763550969326
-7.9707970797079639 -51.9136688414384651
-7.9507950795079410 -63.9822467005756934
-7.9307930793079322 -64.3355218797249080
-7.9107910791079092 -52.9878040918512099
-7.8907890789078863 -40.6688179785863468
-7.8707870787078633 -54.9297281677677347
-7.8507850785078404 -46.8704867911834100
-7.8307830783078316 -64.2918020742068137
-7.8107810781078086 -46.8162653324764477
-7.7907790779077857 -51.7138402547370006
-7.7707770777077627 -57.6755449387280308
-7.7507750775077398 -65.9329202331783790
-7.7307730773077310 -49.4326572560953821
-7.7107710771077080 -58.3178040888899289
-7.6907690769076851 -54.4693613728368291
-7.6707670767076621 -46.4163274449418282
-7.6507650765076392 -60.1205672260291877
-7.6307630763076304 -46.1296763855934984
-7.6107610761076074 -57.2681385881009888
-7.5907590759075845 -49.0368993160361200
-7.5707570757075615 -62.9246730937882646
-7.5507550755075528 -39.8091389488400225
-7.5307530753075298 -57.8634421519418893
-7.5107510751075068 -47.2094285545680350
-7.4907490749074839 -54.2130755519763241
-7.4707470747074609 -55.2056709025732246
-7.4507450745074522 -46.5036397962438741
-7.4307430743074292 -72.3213164204520922
-7.4107410741074062 -60.6731582500214870
-7.3907390739073833 -59.1833704984339661
-7.3707370737073603 -40.5660322337286061
-7.3507350735073516 -62.0363501274634075
-7.3307330733073286 -42.5946274472955508
-7.3107310731073056 -51.3598996148330684
-7.2907290729072827 -52.7939920131062195
-7.2707270727072597 -47.9497632611952227
-7.2507250725072510 -46.8612774957353437
-7.2307230723072280 -48.9204502244611987
-7.2107210721072050 -34.7647945209614591
-7.1907190719071821 -66.1797824281333078
-7.1707170717071591 -51.8205649826612529
-7.1507150715071504 -45.7527712851540187
-7.1307130713071274 -46.9332763544721558
-7.1107110711071044 -53.0053216153425311
-7.0907090709070815 -41.3140011463842782
-7.0707070707070727 -52.0155930822292802
-7.0507050705070498 -36.1817666301884344
-7.0307030703070268 -60.8732301153403412
-7.0107010701070038 -46.7998492865345099
-6.9906990699069809 -36.9933118634887279
-6.9706970697069721 -55.3645043757200810
-6.9506950695069492 -38.0330386330477737
-6.9306930693069262 -68.1644308192200157
-6.9106910691069032 -52.6396936129537636
-6.8906890689068803 -50.0664272038635616
-6.8706870687068715 -52.2203491026830520
-6.8506850685068486 -40.6981194861071955
-6.8306830683068256 -57.8976243924394112
-6.8106810681068026 -50.0716987856559257
-6.7906790679067797 -61.4258969155076358
-6.7706770677067709 -51.6854203781585824
-6.7506750675067480 -38.9366349257996376
-6.7306730673067250 -62.8175972502261857
-6.7106710671067020 -47.2137822658417647
-6.6906690669066791 -44.6220566123136138
-6.6706670667066703 -49.4234207489871409
-6.6506650665066473 -52.8892568683107669
-6.6306630663066244 -53.6463905966987511
-6.6106610661066014 -53.1914668518052594
-6.5906590659065927 -40.5790473474891868
-6.5706570657065697 -55.5192046884037822
-6.5506550655065467 -49.6734148484568152
-6.5306530653065238 -46.4055093114147468
-6.5106510651065008 -36.2567924729778568
-6.4906490649064921 -44.1087023315059525
-6.4706470647064691 -58.1956552693789106
-6.4506450645064461 -52.3324447731811802
-6.4306430643064232 -42.4667339366326573
-6.4106410641064002 -55.9242624730058253
-6.3906390639063915 -44.2392794481285136
-6.3706370637063685 -65.9109004911154841
-6.3506350635063455 -48.6371606473900044
-6.3306330633063226 -52.8409724420275992
-6.3106310631062996 -55.6289157336871440
-6.2906290629062909 -57.1779190767521897
-6.2706270627062679 -64.6357766121842729
-6.2506250625062449 -51.8155255792906289
-6.2306230623062220 -46.3832789683458913
-6.2106210621061990 -49.4899609006809555
-6.1906190619061903 -59.9496246291781745
-6.1706170617061673 -51.6516253431052235
-6.1506150615061443 -61.5980354072538177
-6.1306130613061214 -43.5307515122539996
-6.1106110611061126 -44.6895909074104054
-6.0906090609060897 -52.6244768889813130
-6.0706070607060667 -36.4083495620070252
-6.0506050605060437 -41.6022141753197658
-6.0306030603060208 -47.7125669474174998
-6.0106010601060120 -48.2375587029436943
-5.9905990599059891 -57.0924720159524526
-5.9705970597059661 -44.6913874261595367
-5.9505950595059431 -52.4550266158999818
-5.9305930593059202 -52.4359266608900967
-5.9105910591059114 -45.3151081835852523
-5.8905890589058885 -48.0698033508026867
-5.8705870587058655 -46.6699040661390114
-5.8505850585058425 -56.8807030604392381
-5.8305830583058196 -48.2724785700359647
-5.8105810581058108 -49.3708213775810307
-5.7905790579057879 -50.4619813311777392
-5.7705770577057649 -47.6148735431598809
-5.7505750575057419 -37.3646982307342554
-5.7305730573057190 -36.4185545903599461
-5.7105710571057102 -53.3471670096577952
-5.6905690569056873 -54.5333411520738878
-5.6705670567056643 -42.3476558673312553
-5.6505650565056413 -60.1837651857990465
-5.6305630563056326 -44.8156641708159427
-5.6105610561056096 -58.0562719441460828
-5.5905590559055867 -47.6905129424653751
-5.5705570557055637 -54.5223795298131080
-5.5505550555055407 -49.0429072710936254
-5.5305530553055320 -55.0703395904406747
-5.5105510551055090 -67.3613675118749882
-5.4905490549054861 -44.0212390581680069
-5.4705470547054631 -54.4802699123551406
-5.4505450545054401 -40.9660397610092701
-5.4305430543054314 -43.1472586087828134
-5.4105410541054084 -55.0159972692104446
-5.3905390539053855 -43.4803027697154860
-5.3705370537053625 -40.9294441236989428
-5.3505350535053395 -29.7861949456112285
-5.3305330533053308 -59.8727928691573084
-5.3105310531053078 -58.4214262744489616
-5.2905290529052849 -39.0192063490968266
-5.2705270527052619 -49.6075744610979328
-5.2505250525052389 -61.5556092323730226
-5.2305230523052302 -58.7206356887671319
-5.2105210521052072 -48.1793858609581420
-5.1905190519051843 -45.9982180773812175
-5.1705170517051613 -50.7341826213935221
-5.1505150515051525 -35.8471894782202867
-5.1305130513051296 -48.9717805363977661
-5.1105110511051066 -58.7518711515980812
-5.0905090509050837 -39.2978611537889719
-5.0705070507050607 -61.7229643194865076
-5.0505050505050519 -40.4621810559375703
-5.0305030503050290 -45.5143752771894015
-5.0105010501050060 -41.2851700924526455
-4.9904990499049831 -53.8154436730572030
-4.9704970497049601 -46.6739037541932973
-4.9504950495049513 -51.8558205943151478
-4.9304930493049284 -55.5124656638380642
-4.9104910491049054 -48.4927496458494929
-4.8904890489048825 -64.0501781614706687
-4.8704870487048595 -42.1305738785809538
-4.8504850485048507 -41.4066281330761328
-4.8304830483048278 -34.5311977442640838
-4.8104810481048048 -43.1042449746770302
-4.7904790479047819 -46.0893694032753842
-4.7704770477047589 -43.1462534782553249
-4.7504750475047501 -46.7777457285695917
-4.7304730473047272 -47.0583077267426262
-4.7104710471047042 -53.2173939508516867
-4.6904690469046812 -43.4304744065517596
-4.6704670467046725 -50.7636800498033480
-4.6504650465046495 -40.9951294511056119
-4.6304630463046266 -49.4643492338751045
-4.6104610461046036 -33.0433487882832964
-4.5904590459045806 -30.6595371089909392
-4.5704570457045719 -30.4984029843695197
-4.5504550455045489 -49.8821525173676719
-4.5304530453045260 -45.6116871919692102
-4.5104510451045030 -33.5019863274166312
-4.4904490449044800 -39.7501391715391961
-4.4704470447044713 -47.9969004762847575
-4.4504450445044483 -51.4317143820780771
-4.4304430443044254 -35.7440113247011055
-4.4104410441044024 -44.8545881899700589
-4.3904390439043794 -46.0989170436188189
-4.3704370437043707 -30.9303067030076519
-4.3504350435043477 -57.3112642737505098
-4.3304330433043248 -46.5846701132278440
-4.3104310431043018 -46.3737512850059943
-4.2904290429042788 -38.9145123325526257
-4.2704270427042701 -59.2903768093949779
-4.2504250425042471 -39.5045481931802769
-4.2304230423042242 -59.8561714710463590
-4.2104210421042012 -43.8584418140730605
-4.1904190419041925 -33.3276453310814986
-4.1704170417041695 -30.2662907178223080
-4.1504150415041465 -53.4739418490244276
-4.1304130413041236 -48.6589445286584379
-4.1104110411041006 -55.4505669444861624
-4.0904090409040919 -43.7043309624387533
-4.0704070407040689 -40.7614494134372549
-4.0504050405040459 -52.1189168251540025
-4.0304030403040230 -30.4351103415016162
-4.0104010401040000 -46.8131103798077319
-3.9903990399039913 -38.3747633913784867
-3.9703970397039683 -38.8801356058620655
-3.9503950395039453 -52.0098718179434201
-3.9303930393039224 -55.8187807642753953
-3.9103910391038994 -40.4823093262352103
-3.8903890389038907 -48.5808524971472622
-3.8703870387038677 -41.0261563201047750
-3.8503850385038447 -47.1581100491700909
-3.8303830383038218 -37.7117213171782808
-3.8103810381037988 -35.6037482002602488
-3.7903790379037900 -32.9970738762302034
-3.7703770377037671 -42.3613060212780184
-3.7503750375037441 -47.3030994078923399
-3.7303730373037212 -38.6753264713911307
-3.7103710371037124 -35.4227866291219016
-3.6903690369036894 -31.8714453265349889
-3.6703670367036665 -35.1767239607835975
-3.6503650365036435 -47.9598110025364406
-3.6303630363036206 -31.0496509829283305
-3.6103610361036118 -39.2168802270555190
-3.5903590359035888 -38.1974108531305632
-3.5703570357035659 -35.9554815643792693
-3.5503550355035429 -34.5367186053208854
-3.5303530353035200 -32.5495597454300807
-3.5103510351035112 -43.2143264117787780
-3.4903490349034882 -52.5283820832520050
-3.4703470347034653 -45.2069506032688082
-3.4503450345034423 -29.1179450254549650
-3.4303430343034194 -40.0293168740799885
-3.4103410341034106 -44.3286657123231578
-3.3903390339033876 -41.4891004067175260
-3.3703370337033647 -40.5666250368565287
-3.3503350335033417 -45.3980711756679085
-3.3303330333033188 -40.8572593330061267
-3.3103310331033100 -39.1980640191422225
-3.2903290329032870 -41.9108387266375502
-3.2703270327032641 -41.6264043067093041
-3.2503250325032411 -45.2625193239010528
-3.2303230323032324 -29.5580209028147998
-3.2103210321032094 -26.8597279701475458
-3.1903190319031864 -43.4295752818065566
-3.1703170317031635 -43.0958620378641939
-3.1503150315031405 -37.0233785892242580
-3.1303130313031318 -43.4219422702470368
-3.1103110311031088 -40.5863282335795361
-3.0903090309030858 -39.1056715412422875
-3.0703070307030629 -49.4888474626260262
-3.0503050305030399 -42.6708940162229169
-3.0303030303030312 -51.1070561377221253
-3.0103010301030082 -27.8771363586009926
-2.9902990299029852 -34.8370012026013143
-2.9702970297029623 -37.5552711820127811
-2.9502950295029393 -37.7304786630941180
-2.9302930293029306 -30.9589063746123934
-2.9102910291029076 -31.8905329938348672
-2.8902890289028846 -37.4506470631415311
-2.8702870287028617 -46.8142652427930059
-2.8502850285028387 -55.1829519848144159
-2.8302830283028300 -33.9014908817807736
-2.8102810281028070 -48.5861965730723711
-2.7902790279027840 -40.7484165892309633
-2.7702770277027611 -25.7989117025627870
-2.7502750275027523 -43.2435506171105786
-2.7302730273027294 -58.0059843390424561
-2.7102710271027064 -26.2118868843473223
-2.6902690269026834 -49.5585937859269947
-2.6702670267026605 -36.9380505809373147
-2.6502650265026517 -58.3241700956600937
-2.6302630263026288 -44.3720056144406314
-2.6102610261026058 -43.5808107247407577
-2.5902590259025828 -43.0383170492845295
-2.5702570257025599 -40.2515640444148772
-2.5502550255025511 -43.1254869845483881
-2.5302530253025282 -30.5590221573907215
-2.5102510251025052 -37.4772133170101469
-2.4902490249024822 -33.0334606774910640
-2.4702470247024593 -43.1772392616728666
-2.4502450245024505 -40.0904436171774492
-2.4302430243024276 -41.1714958582472406
-2.4102410241024046 -42.0568570564617517
-2.3902390239023816 -35.3061293348686149
-2.3702370237023587 -31.9348234319392148
-2.3502350235023499 -34.4363509400002954
-2.3302330233023270 -43.0492272465790293
-2.3102310231023040 -41.0429422875980805
-2.2902290229022810 -41.6862204170617261
-2.2702270227022723 -36.3250618626192221
-2.2502250225022493 -47.2962914289010143
-2.2302230223022264 -38.0934239521839899
-2.2102210221022034 -40.5926889262171713
-2.1902190219021804 -34.6204149555249785
-2.1702170217021717 -45.1861426523094636
-2.1502150215021487 -29.4371293153514841
-2.1302130213021258 -43.2225393393336788
-2.1102110211021028 -49.1025997681710891
-2.0902090209020798 -55.1307920929332269
-2.0702070207020711 -31.0385131331403308
-2.0502050205020481 -36.3936468820070615
-2.0302030203020252 -42.1181833345603778
-2.0102010201020022 -39.7873714723555452
-1.9901990199019792 -28.8515606509674498
-1.9701970197019705 -58.8109422446353776
-1.9501950195019475 -44.5567737637311296
-1.9301930193019246 -32.9613057359060022
-1.9101910191019016 -28.7957842460388100
-1.8901890189018786 -47.1474999210230621
-1.8701870187018699 -26.7702850319844146
-1.8501850185018469 -42.8140566493278953
-1.8301830183018239 -30.6830850059004874
-1.8101810181018010 -35.2105722121470350
-1.7901790179017922 -41.5509184037409938
-1.7701770177017693 -34.2055137519696189
-1.7501750175017463 -35.7185994127323738
-1.7301730173017233 -31.9774846291137607
-1.7101710171017004 -28.3446399380417553
-1.6901690169016916 -36.6679141973357758
-1.6701670167016687 -44.7250086677013030
-1.6501650165016457 -33.4133669886001101
-1.6301630163016227 -40.4601022275330990
-1.6101610161015998 -41.9786733849007092
-1.5901590159015910 -38.3597979882525166
-1.5701570157015681 -53.2219790137471733
-1.5501550155015451 -45.7261833686479662
-1.5301530153015221 -39.9367143186680664
-1.5101510151014992 -35.2611912617556769
-1.4901490149014904 -42.0509518486839298
-1.4701470147014675 -28.5496615594798158
-1.4501450145014445 -32.8356125443227427
-1.4301430143014215 -41.6432017890025961
-1.4101410141013986 -48.7707131715126252
-1.3901390139013898 -40.8511519092690278
-1.3701370137013669 -53.5333253383243033
-1.3501350135013439 -33.0941429888860839
-1.3301330133013209 -27.2404073558571582
-1.3101310131013122 -36.4651025250101100
-1.2901290129012892 -37.6339647856007105
-1.2701270127012663 -32.0900806699936822
-1.2501250125012433 -26.6802518570482334
-1.2301230123012203 -34.5929266723974393
-1.2101210121012116 -39.1044165407946025
-1.1901190119011886 -47.3269781268772505
-1.1701170117011657 -31.9850972674855321
-1.1501150115011427 -45.2042553113646122
-1.1301130113011197 -12.9689210214551593
-1.1101110111011110 -41.4462158613888718
-1.0901090109010880 -27.9595393880299667
-1.0701070107010651 -34.6737287550202993
-1.0501050105010421 -39.6440061302451596
-1.0301030103010191 -37.5691321133266456
-1.0101010101010104 -29.9420268196376789
-0.9900990099009874 -44.4654717773762655
-0.9700970097009645 -37.7908049720634764
-0.9500950095009415 -26.4018830818382639
-0.9300930093009185 -34.3291664973118387
-0.9100910091009098 -33.9274852348699341
-0.8900890089008868 -28.9349042686782632
-0.8700870087008639 -26.1444534443602699
-0.8500850085008409 -41.1145921028805930
-0.8300830083008321 -37.1481269149957143
-0.8100810081008092 -26.6372165027155603
-0.7900790079007862 -39.4509783727890451
-0.7700770077007633 -38.9136915186565773
-0.7500750075007403 -26.0849627641694184
-0.7300730073007315 -14.9201700440855483
-0.7100710071007086 -34.4327083583083891
-0.6900690069006856 -38.0014927054206879
-0.6700670067006627 -33.3223637823318271
-0.6500650065006397 -37.1280686183385598
-0.6300630063006309 -47.4174118394274728
-0.6100610061006080 -27.3148993473143555
-0.5900590059005850 -37.8088965390291634
-0.5700570057005621 -37.6138311134954222
-0.5500550055005391 -30.9032311153267365
-0.5300530053005303 -34.5882366482217094
-0.5100510051005074 -40.4588425719899618
-0.4900490049004844 -25.8074320743943346
-0.4700470047004615 -24.1636488920726791
-0.4500450045004385 -34.7092573366530956
-0.4300430043004297 -39.9173053828752487
-0.4100410041004068 -33.8179445861636623
-0.3900390039003838 -48.6222088495004385
-0.3700370037003609 -33.0601822531300371
-0.3500350035003521 -37.4352073164036412
-0.3300330033003291 -31.5318219047333486
-0.3100310031003062 -21.6192972041188654
-0.2900290029002832 -32.7340215799546215
-0.2700270027002603 -23.9236437439557292
-0.2500250025002515 -27.9608287724941142
-0.2300230023002285 -32.2010147533030775
-0.2100210021002056 -29.2385686510375713
-0.1900190019001826 -32.2963534787023221
-0.1700170017001597 -34.9486310998243397
-0.1500150015001509 -33.0575472997412660
-0.1300130013001279 -33.8684586108563721
-0.1100110011001050 -40.7052157430009913
-0.0900090009000820 -37.5771103237631365
-0.0700070007000591 -21.4736693697513381
-0.0500050005000503 -27.0195721467625383
-0.0300030003000273 -27.4720192371253731
-0.0100010001000044 -29.0766009761343298
0.0100010001000186 -34.7305927734507733
0.0300030003000415 -26.0497752269511373
0.0500050005000503 -52.7373579109711628
0.0700070007000733 -33.6742155683303608
0.0900090009000962 -38.6594724867781920
0.1100110011001192 -33.0823731271112536
0.1300130013001279 -54.0980731628584977
0.1500150015001509 -34.3745945871673086
0.1700170017001739 -19.8616499419979604
0.1900190019001968 -39.9221296879592913
0.2100210021002198 -40.6632203030332136
0.2300230023002285 -42.7260817615954664
0.2500250025002515 -23.9721160818110093
0.2700270027002745 -29.9355866417653154
0.2900290029002974 -45.2674859582465743
0.3100310031003204 -17.3287213983810560
0.3300330033003291 -35.9671923783410463
0.3500350035003521 -36.8661822925611986
0.3700370037003751 -20.7659607508590867
0.3900390039003980 -29.6822991082165011
0.4100410041004210 -35.0020020042403814
0.4300430043004297 -21.9598576509165682
0.4500450045004527 -23.0013747730932003
0.4700470047004757 -44.1128666435140389
0.4900490049004986 -22.0809685711111712
0.5100510051005216 -28.1405941332353784
0.5300530053005303 -46.6037267771583998
0.5500550055005533 -36.8261063986229971
0.5700570057005763 -27.1230791273949379
0.5900590059005992 -32.0019709846187368
0.6100610061006080 -26.9034405847082816
0.6300630063006309 -26.8910000391321802
0.6500650065006539 -44.9613565860140909
0.6700670067006769 -38.5544935783742417
0.6900690069006998 -23.9930822429435189
0.7100710071007086 -41.8068177924899871
0.7300730073007315 -29.3072821014677984
0.7500750075007545 -25.8351850109724843
0.7700770077007775 -30.1104768974163051
0.7900790079008004 -32.8710868381855619
0.8100810081008092 -43.4208093071977856
0.8300830083008321 -45.4146295041595565
0.8500850085008551 -24.3578761238014501
0.8700870087008781 -22.6280719729671915
0.8900890089009010 -29.4230898526243365
0.9100910091009098 -31.7536014705134804
0.9300930093009327 -25.9085217648596888
0.9500950095009557 -34.7344289381358564
0.9700970097009787 -41.9868402669760741
0.9900990099010016 -44.0506556769626911
1.0101010101010104 -26.1887997420980589
1.0301030103010334 -29.1502518724609523
1.0501050105010563 -27.4275682133692946
1.0701070107010793 -46.4907934315411069
1.0901090109010880 -39.4858309143953647
1.1101110111011110 -19.8460460115427146
1.1301130113011340 -22.6264492847612004
1.1501150115011569 -16.0113308354025783
1.1701170117011799 -42.1513277282787442
1.1901190119011886 -35.0141310852221466
1.2101210121012116 -30.7386418342977912
1.2301230123012346 -23.5994496353045413
1.2501250125012575 -36.4309939484822536
1.2701270127012805 -33.6824892769284006
1.2901290129012892 -30.3450462636214162
1.3101310131013122 -22.1500108996706828
1.3301330133013352 -29.6588802767840605
1.3501350135013581 -27.0725449959716684
1.3701370137013811 -13.5437417699614482
1.3901390139013898 -25.5096157621182513
1.4101410141014128 -52.2123755290824647
1.4301430143014358 -30.8599556957437464
1.4501450145014587 -34.9958545062600948
1.4701470147014817 -29.1401308705587070
1.4901490149014904 -17.1340338082766479
1.5101510151015134 -23.1349648396737422
1.5301530153015364 -20.9523431468686816
1.5501550155015593 -31.5118697594950419
1.5701570157015681 -31.6127047320886483
1.5901590159015910 -27.4592818860619978
1.6101610161016140 -34.4530240025998964
1.6301630163016370 -27.3449848585190551
1.6501650165016599 -32.4566296912643111
1.6701670167016687 -19.1331070774039347
1.6901690169016916 -29.1794687034760862
1.7101710171017146 -31.8296624769660212
1.7301730173017376 -23.2475194942499996
1.7501750175017605 -11.4398502882612227
1.7701770177017693 -24.0167369092384888
1.7901790179017922 -30.1022496765212182
1.8101810181018152 -30.0902380077327223
1.8301830183018382 -26.7721136792639456
1.8501850185018611 -24.8044437076717621
1.8701870187018699 -22.8979193574543984
1.8901890189018928 -31.8907481137485576
1.9101910191019158 -26.5343563375715341
1.9301930193019388 -18.1527936842550552
1.9501950195019617 -13.9634527904400088
1.9701970197019705 -19.6479247190673014
1.9901990199019934 -40.8687159593155656
2.0102010201020164 -30.8379543718068660
2.0302030203020394 -23.2046192783840333
2.0502050205020481 -24.3794112897121131
2.0702070207020711 -33.8276629859836788
2.0902090209020940 -21.2838369863705736
2.1102110211021170 -38.2369286973063112
2.1302130213021400 -25.6415519321785119
2.1502150215021487 -18.7962607133214803
2.1702170217021717 -32.2376277009726593
2.1902190219021946 -19.2785911449981526
2.2102210221022176 -21.0440500607195027
2.2302230223022406 -30.2929348421803724
2.2502250225022493 -29.4300614344646192
2.2702270227022723 -20.5469274943067468
2.2902290229022952 -40.9040233121464283
2.3102310231023182 -31.6397170836539559
2.3302330233023412 -23.1053559328274538
2.3502350235023499 -19.2643150082892518
2.3702370237023729 -28.2576405098505248
2.3902390239023958 -24.1820605686911954
2.4102410241024188 -30.0319099509289948
2.4302430243024418 -29.6752664712506444
2.4502450245024505 -23.1786232717320928
2.4702470247024735 -17.7839018378291343
2.4902490249024964 -22.6203366884591048
2.5102510251025194 -17.4995987136170079
2.5302530253025424 -36.1242136226134392
2.5502550255025511 -28.8038141383739692
2.5702570257025741 -37.2699918613524446
2.5902590259025970 -33.7070863203165700
2.6102610261026200 -16.8680175974668956
2.6302630263026288 -24.0789330486792856
2.6502650265026517 -29.3359243319383047
2.6702670267026747 -7.7274090109649585
2.6902690269026976 -31.5139781113459208
2.7102710271027206 -23.8506141741205298
2.7302730273027294 -13.5733133384090277
2.7502750275027523 -20.2745138016897997
2.7702770277027753 -27.7902016323250862
2.7902790279027982 -23.1000071574282906
2.8102810281028212 -9.7851367212529148
2.8302830283028300 -20.8254227984206750
2.8502850285028529 -31.1930787088479740
2.8702870287028759 -27.3756815762089047
2.8902890289028988 -29.9469595640234019
2.9102910291029218 -4.2512873981881434
2.9302930293029306 -26.3454242147395838
2.9502950295029535 -15.2125988908671470
2.9702970297029765 -27.0246852446764763
2.9902990299029995 -18.2150900018502853
3.0103010301030224 -22.2252965459629372
3.0303030303030312 -31.1229229988322551
3.0503050305030541 -29.1729894639525469
3.0703070307030771 -18.4432944118002951
3.0903090309031001 -15.5228968862910719
3.1103110311031088 -21.6235145325346174
3.1303130313031318 -25.4230588902917454
3.1503150315031547 -23.8984667795093557
3.1703170317031777 -23.0350351844504573
3.1903190319032007 -11.9808955652331761
3.2103210321032094 -23.2885509727138817
3.2303230323032324 -22.3696121588753947
3.2503250325032553 -26.8131138690368687
3.2703270327032783 -23.6798317105364688
3.2903290329033013 -18.5421060107831472
3.3103310331033100 -23.7261880190103014
3.3303330333033330 -15.6208069979364534
3.3503350335033559 -33.7165754222481837
3.3703370337033789 -41.0652438136588955
3.3903390339034019 -17.9210130429452441
3.4103410341034106 -29.8039698530173069
3.4303430343034336 -30.7445717315998870
3.4503450345034565 -34.1115075879585703
3.4703470347034795 -25.0694294847884045
3.4903490349035025 -28.5692383968807206
3.5103510351035112 2.8314083493094806
3.5303530353035342 -11.0497390855163307
3.5503550355035571 1.7284185142058419
3.5703570357035801 -31.4470617330118323
3.5903590359035888 -25.0692311673779749
3.6103610361036118 -21.7562994145775761
3.6303630363036348 -28.4021540122155685
3.6503650365036577 -21.7145810181889445
3.6703670367036807 -24.1324717170632255
3.6903690369036894 -26.9499986507145515
3.7103710371037124 -25.5741109305388541
3.7303730373037354 -28.1915554305831293
3.7503750375037583 -19.2820747296289277
3.7703770377037813 -12.0062896856111117
3.7903790379037900 -38.5866177824644438
3.8103810381038130 -34.2274213997719414
3.8303830383038360 -25.5671323298730755
3.8503850385038589 -29.2510355372750759
3.8703870387038819 -28.9321163783252082
3.8903890389038907 -2.1492340689263045
3.9103910391039136 -36.4776845104832077
3.9303930393039366 -32.4370984727225036
3.9503950395039595 -35.6276921672163098
3.9703970397039825 -40.8731280188818999
3.9903990399039913 -23.0285092191169021
4.0104010401040142 -17.9822404133775073
4.0304030403040372 -35.3063875574530002
4.0504050405040601 -17.8578418811412902
4.0704070407040689 -10.1179250001017635
4.0904090409040919 -33.0937767423835965
4.1104110411041148 -25.6809609430107493
4.1304130413041378 -38.4569625478516954
4.1504150415041607 -10.7765378776296021
4.1704170417041695 -17.1256726073858943
4.1904190419041925 -30.3939342793812486
4.2104210421042154 -29.6348451156423032
4.2304230423042384 -28.5513371343487954
4.2504250425042613 -8.3082598095030633
4.2704270427042701 -32.6175292578671474
4.2904290429042931 -16.2045372614570056
4.3104310431043160 -34.5380195600480562
4.3304330433043390 -18.0551163125209690
4.3504350435043619 -38.8401487305527624
4.3704370437043707 -7.3845007956459980
4.3904390439043937 -10.1834784817913491
4.4104410441044166 -23.8339546113816354
4.4304430443044396 -35.6169125594110483
4.4504450445044625 -10.3841728805288831
4.4704470447044713 -14.4019247888273316
4.4904490449044943 -26.8168798341955963
4.5104510451045172 -20.8585174308357857
4.5304530453045402 -14.7761327358739720
4.5504550455045489 -49.1713681857034288
4.5704570457045719 -26.2566225048949420
4.5904590459045949 -23.1945284586436173
4.6104610461046178 -12.9565252699694966
4.6304630463046408 -33.1503102326871826
4.6504650465046495 -19.9969021306746448
4.6704670467046725 -11.3608321801304477
4.6904690469046955 -29.7602341260215830
4.7104710471047184 -30.0238182233972850
4.7304730473047414 -9.7661254818171876
4.7504750475047501 -28.4182773413592642
4.7704770477047731 -17.0112404421849384
4.7904790479047961 -23.7755407043001981
4.8104810481048190 -24.0593209590034611
4.8304830483048420 -24.7651019381469091
4.8504850485048507 -21.2691465675627320
4.8704870487048737 -27.8555391377335226
4.8904890489048967 -15.6670690569760893
4.9104910491049196 -26.9384779882459391
4.9304930493049426 -14.2241791674503357
4.9504950495049513 -32.7166871363226051
4.9704970497049743 -25.2991689638488850
4.9904990499049973 -28.0264054230279029
5.0105010501050202 -15.8230211076116589
5.0305030503050290 -13.5788694085845023
5.0505050505050519 -24.1052300802608457
5.0705070507050749 -10.9833091160012764
5.0905090509050979 -16.7698879842460471
5.1105110511051208 -25.1070616717238835
5.1305130513051296 -16.7827280960779213
5.1505150515051525 -18.3963278397611809
5.1705170517051755 -12.6095238566558798
5.1905190519051985 -24.0406601183749338
5.2105210521052214 -21.3922463313847722
5.2305230523052302 -29.6505769758687805
5.2505250525052531 -23.8305124037210092
5.2705270527052761 -32.2708019313388377
5.2905290529052991 -35.9106593232269233
5.3105310531053220 -25.1043886682997233
5.3305330533053308 -16.9644797212443912
5.3505350535053537 -32.5205086323984744
5.3705370537053767 -32.5282314568361244
5.3905390539053997 -18.1112794589179416
5.4105410541054226 -9.8172213839186302
5.4305430543054314 -27.3679120152958752
5.4505450545054543 -18.9242297486385631
5.4705470547054773 0.6829768044400666
5.4905490549055003 -28.6452490759195406
5.5105510551055090 -22.5876826337466277
5.5305530553055320 -12.6833451582843288
5.5505550555055549 -21.1077511993417311
5.5705570557055779 -17.3761534885552749
5.5905590559056009 -16.6961648319289999
5.6105610561056096 -16.4108591752756894
5.6305630563056326 -25.5430018482888386
5.6505650565056555 -33.6921736987569957
5.6705670567056785 -14.5447307805324879
5.6905690569057015 -34.8811841042424646
5.7105710571057102 -27.8743867781587653
5.7305730573057332 -23.7902017427450190
5.7505750575057561 -17.0752743825491571
5.7705770577057791 -14.7301028116618458
5.7905790579058021 -12.4796744965880677
5.8105810581058108 -2.8463225635829481
5.8305830583058338 -18.4718425621904849
5.8505850585058568 -4.7314017511215116
5.8705870587058797 -17.8422548746141878
5.8905890589059027 -29.8591469808893990
5.9105910591059114 -30.1526152230205184
5.9305930593059344 -13.0970198533016422
5.9505950595059574 -18.3150474844762954
5.9705970597059803 -27.2917549131204673
5.9905990599059891 2.6455920815868588
6.0106010601060120 -30.9072250088587737
6.0306030603060350 -29.9909963937921873
6.0506050605060580 -11.8006123202197024
6.0706070607060809 -23.9226062786268656
6.0906090609060897 -22.9610993617348562
6.1106110611061126 -35.9619176047725588
6.1306130613061356 -11.7005039304600764
6.1506150615061586 -15.8359092705276776
6.1706170617061815 -18.3738860250756133
6.1906190619061903 -22.1833608432878862
6.2106210621062132 -27.7301030487941453
6.2306230623062362 -35.4252078883225181
6.2506250625062592 -30.6173511576057678
6.2706270627062821 -30.0048216152602620
6.2906290629062909 -20.6658550547204705
6.3106310631063138 -22.6409953070963041
6.3306330633063368 -25.7742725507596795
6.3506350635063598 -5.1813417908279913
6.3706370637063827 -15.5480217668209004
6.3906390639063915 -15.2126431239876112
6.4106410641064144 -16.4774728528022685
6.4306430643064374 -15.5891679912170460
6.4506450645064604 -30.4697606776029524
6.4706470647064691 -13.3397067714111142
6.4906490649064921 -4.3329252025154741
6.5106510651065150 -20.9171478858828195
6.5306530653065380 -20.8708213471833268
6.5506550655065610 -3.2328563518527123
6.5706570657065697 -26.5471233311333670
6.5906590659065927 -15.3716554483603716
6.6106610661066156 -11.8535171364159577
6.6306630663066386 -12.8151117327505091
6.6506650665066616 -21.4766250249515238
6.6706670667066703 -19.3867948608423184
6.6906690669066933 -35.7214903835122328
6.7106710671067162 -8.0527790475104233
6.7306730673067392 -15.0166804087714887
6.7506750675067622 -17.4794592298703968
6.7706770677067709 0.8198309770351990
6.7906790679067939 -28.3480420760302252
6.8106810681068168 -2.3483065679743511
6.8306830683068398 -24.0338283713725964
6.8506850685068628 -17.7979405804460917
6.8706870687068715 -9.5439096111744419
6.8906890689068945 -11.8837868291701234
6.9106910691069174 -10.3824992003844763
6.9306930693069404 -31.2511615461039973
6.9506950695069492 -14.9600985655600986
6.9706970697069721 -7.9746564156830466
6.9906990699069951 -26.3996053619072697
7.0107010701070180 -11.2181580593524952
7.0307030703070410 -26.5522507709418178
7.0507050705070498 -12.3051183415747882
7.0707070707070727 -13.8349517008082845
7.0907090709070957 -9.0437358230051927
7.1107110711071186 -20.9243156760035447
7.1307130713071416 -18.7110438234562686
7.1507150715071504 -6.9862701182236560
7.1707170717071733 -4.8472395642326020
7.1907190719071963 -32.7362720035463468
7.2107210721072192 -14.8620766610577668
7.2307230723072422 -38.0848303320544233
7.2507250725072510 -23.5199052372670572
7.2707270727072739 -25.5234469481150299
7.2907290729072969 -19.2717377502141360
7.3107310731073198 -16.2414391574911896
7.3307330733073428 -28.5337436036501373
7.3507350735073516 -12.0940478721344729
7.3707370737073745 -7.3415377503495201
7.3907390739073975 -7.7567754559374755
7.4107410741074204 -23.9399182903158874
7.4307430743074292 -14.2890135446838009
7.4507450745074522 -8.9614925362587332
7.4707470747074751 -12.8675716637800601
7.4907490749074981 -4.7726268718944294
7.5107510751075210 -18.4499307651114037
7.5307530753075298 -3.1106169143858455
7.5507550755075528 -11.9822128988105590
7.5707570757075757 -16.0735968009144763
7.5907590759075987 -5.0546475072680384
7.6107610761076216 -15.5297914320441492
7.6307630763076304 -20.9068416550787788
7.6507650765076534 -25.1558761607198882
7.6707670767076763 -7.2158350115732581
7.6907690769076993 -26.9532633718664059
7.7107710771077222 -16.3789258616955458
7.7307730773077310 -14.1680644722687248
7.7507750775077540 -16.5577479465671260
7.7707770777077769 -6.5687167650305671
7.7907790779077999 -11.8966397326732451
7.8107810781078229 -26.0648994388915796
7.8307830783078316 -13.4980102135757214
7.8507850785078546 -8.5920773592723663
7.8707870787078775 -21.4604753280305118
7.8907890789079005 -16.1852389892609132
7.9107910791079092 -9.4585592530695823
7.9307930793079322 -15.1005756877261490
7.9507950795079552 -17.7689412405075338
7.9707970797079781 -27.0594617778969493
7.9907990799080011 -23.2269933815416465
8.0108010801080098 -15.6426812423275461
8.0308030803080328 -20.3993436811042947
8.0508050805080558 -8.3573281284581498
8.0708070807080787 -8.8862475516774300
8.0908090809081017 -15.7788051427796638
8.1108110811081104 -25.1538502062092562
8.1308130813081334 -19.7989702675398007
8.1508150815081564 -7.2928012328704783
8.1708170817081793 -15.8701102675867798
8.1908190819082023 -10.6915549320884047
8.2108210821082110 -3.3828561073734225
8.2308230823082340 -1.6128931978561525
8.2508250825082570 -10.9833576146505578
8.2708270827082799 -1.5267245345713949
8.2908290829083029 -18.9217280953978602
8.3108310831083116 -8.7239227214569937
8.3308330833083346 -9.1962929232101907
8.3508350835083576 -11.3028385728919609
8.3708370837083805 10.2082805119589164
8.3908390839083893 -10.0212788667319970
8.4108410841084122 -18.2457444962468038
8.4308430843084352 -15.2843719681741295
8.4508450845084582 -23.5589684777409012
8.4708470847084811 -7.0712270570340872
8.4908490849084899 -22.9049923174815966
8.5108510851085128 -14.1879392434357481
8.5308530853085358 -4.2000168155268067
8.5508550855085588 -13.4553277123713304
8.5708570857085817 -18.0710509724717703
8.5908590859085905 -33.9415108045830820
8.6108610861086134 -18.3602600645248089
8.6308630863086364 -8.8948350485630900
8.6508650865086594 -14.1718950363200111
8.6708670867086823 -9.2253071588952658
8.6908690869086911 -20.1621518970829072
8.7108710871087141 -0.5070411063500799
8.7308730873087370 -21.8253490964807000
8.7508750875087600 -13.4947912516944015
8.7708770877087829 -16.7021813068535963
8.7908790879087917 -16.8655350113854858
8.8108810881088147 -13.2777111960588652
8.8308830883088376 -16.3888139925121052
8.8508850885088606 1.0407260543762007
8.8708870887088693 -12.0971570480913488
8.8908890889088923 -19.8544515316493566
8.9108910891089153 -13.3947238678559959
8.9308930893089382 -10.1317892323884564
8.9508950895089612 -10.6274580909519134
8.9708970897089699 -23.8207853024801466
8.9908990899089929 -12.7887951500243364
9.0109010901090159 -10.6407224021350153
9.0309030903090388 -15.7939345742131430
9.0509050905090618 -4.7133005069085208
9.0709070907090705 -23.6018824721902938
9.0909090909090935 -21.9893926992494535
9.1109110911091165 -17.0933082155168812
9.1309130913091394 -17.3055104134604818
9.1509150915091624 -9.4371148059832244
9.1709170917091711 -21.9344592575641713
9.1909190919091941 -13.3224098754132534
9.2109210921092171 -2.4495614667917245
9.2309230923092400 -12.3595674428942690
9.2509250925092630 -13.0236172166556159
9.2709270927092717 -17.3851692147117163
9.2909290929092947 -19.4549315710778856
9.3109310931093177 -11.8534554011406890
9.3309330933093406 -14.6858699121544021
9.3509350935093494 -26.8621660723598197
9.3709370937093723 -2.1079389811696210
9.3909390939093953 -20.5420136110226359
9.4109410941094183 -11.4286058343075290
9.4309430943094412 -10.5277660882878994
9.4509450945094500 -33.3608505270356019
9.4709470947094729 -22.5671829135049613
9.4909490949094959 -16.9946079501493976
9.5109510951095189 1.9046204440259178
9.5309530953095418 -21.3554628228509671
9.5509550955095506 -18.0479818349721839
9.5709570957095735 -14.8432980434329149
9.5909590959095965 -13.9000862341902174
9.6109610961096195 -3.1949982227272677
9.6309630963096424 -10.4095425531575483
9.6509650965096512 -9.1193301963899884
9.6709670967096741 0.8301095498325282
9.6909690969096971 -18.3092291232102014
9.7109710971097201 -14.3087270148833134
9.7309730973097430 -16.3139882066397313
9.7509750975097518 -16.5267614525306321
9.7709770977097747 -8.6643087234913931
9.7909790979097977 -20.4697093087277935
9.8109810981098207 -13.9694541617257517
9.8309830983098294 2.6215285688642354
9.8509850985098524 -16.4723486523541673
9.8709870987098753 -15.1616807601102330
9.8909890989098983 -4.3761088113575317
9.9109910991099213 -12.8450909180636543
9.9309930993099300 -8.3417596531984284
9.9509950995099530 -15.5761655316758443
9.9709970997099759 -25.6315297016349319
9.9909990999099989 -9.0821876329404319
10.0110011001100219 -12.6039978396734682
10.0310031003100306 -8.5952941240632796
10.0510051005100536 -3.8231799083591103
10.0710071007100765 -9.3112642932996135
10.0910091009100995 -14.8548888118780127
10.1110111011101225 -19.9629110344729597
10.1310131013101312 -11.7956943814192670
10.1510151015101542 -11.6356103115925720
10.1710171017101771 -18.4513732612592136
10.1910191019102001 -8.1168039619601338
10.2110211021102231 -18.8467514904819069
10.2310231023102318 -17.0042167990623412
10.2510251025102548 -10.6429216594940499
10.2710271027102777 -19.3605678534512613
10.2910291029103007 -1.5227366906481734
10.3110311031103095 -8.8402928551212039
10.3310331033103324 -4.1558247203042891
10.3510351035103554 -8.2537068203901178
10.3710371037103783 -1.0435246132583291
10.3910391039104013 -9.9742593113919309
10.4110411041104101 -7.7788758050049482
10.4310431043104330 -13.1769450727451769
10.4510451045104560 -19.8470712498309254
10.4710471047104789 3.1620723320555673
10.4910491049105019 -14.1019640980637710
10.5110511051105107 -13.8940451529526641
10.5310531053105336 -5.4883063621918309
10.5510551055105566 -14.3469429999137574
10.5710571057105795 -17.7504266530668673
10.5910591059106025 -5.6748112972752649
10.6110611061106113 -5.4538340922300472
10.6310631063106342 1.8399758007474620
10.6510651065106572 -34.8560712258816281
10.6710671067106802 -23.4976627708380263
10.6910691069107031 -3.9088887874607599
10.7110711071107119 -15.5858053073708493
10.7310731073107348 4.3512491039705274
10.7510751075107578 -6.1099519932845503
10.7710771077107808 -7.1427251929736375
10.7910791079107895 -2.7407331027017570
10.8110811081108125 -18.9520507557593092
10.8310831083108354 -11.0057946358454704
10.8510851085108584 -13.0382249859761110
10.8710871087108814 -13.7597254811642742
10.8910891089108901 -6.1336975093016655
10.9110911091109131 -10.3505402065522567
10.9310931093109360 -17.4097024463524406
10.9510951095109590 -21.2987623043159289
10.9710971097109820 -11.7479915134478912
10.9910991099109907 6.5124018824705203
11.0111011101110137 -14.2384819462820094
11.0311031103110366 -16.4997534514585595
11.0511051105110596 -5.9581276562298999
11.0711071107110826 -9.2611387725479997
11.0911091109110913 -22.3985217213696082
11.1111111111111143 -4.7389996879088745
11.1311131113111372 -18.1586929310779936
11.1511151115111602 2.8827209760437622
11.1711171117111832 -16.0734993357776936
11.1911191119111919 0.0698059412039918
11.2111211121112149 -1.3126863150505699
11.2311231123112378 -15.2399796281704916
11.2511251125112608 -26.3457756655700948
11.2711271127112695 -0.9989721732192418
11.2911291129112925 -12.2331722007014942
11.3111311131113155 -11.2192500578498553
11.3311331133113384 -14.6921823935398486
11.3511351135113614 3.8190998438322712
11.3711371137113701 -19.3746926639318673
11.3911391139113931 -6.3753097967593231
11.4111411141114161 -3.9739792564545429
11.4311431143114390 -7.1433885564597137
11.4511451145114620 -0.0602642072529100
11.4711471147114707 -6.7110872705368356
11.4911491149114937 -15.4071261124400429
11.5111511151115167 -12.7897514198460982
11.5311531153115396 -8.4839377397497202
11.5511551155115626 -1.3711844440586312
11.5711571157115714 -3.6707895268179298
11.5911591159115943 -14.8115708230430165
11.6111611161116173 -23.0241371543302407
11.6311631163116402 0.0486194948480723
11.6511651165116632 -31.7436584681037921
11.6711671167116720 -18.4282055935299311
11.6911691169116949 -7.2820362736200828
11.7111711171117179 -23.2660640758506254
11.7311731173117408 -4.5441188942851003
11.7511751175117496 -12.5599836650381196
11.7711771177117726 -18.8587574316293427
11.7911791179117955 -16.3668317722669983
11.8111811181118185 1.4999542591875965
11.8311831183118414 -9.7317281634401809
11.8511851185118502 -1.4948402642470420
11.8711871187118732 -15.5889752638602914
11.8911891189118961 -9.0874988719942209
11.9111911191119191 -12.1404906981715772
11.9311931193119420 5.6718385344289413
11.9511951195119508 -14.7540269935427339
11.9711971197119738 0.2478750876820808
11.9911991199119967 -13.4103346013870404
12.0112011201120197 2.8840170055447132
12.0312031203120426 -0.7733818036096132
12.0512051205120514 6.2140963418799267
12.0712071207120744 -13.7812540571501820
12.0912091209120973 -19.9188046672649932
12.1112111211121203 -4.3070941103933036
12.1312131213121432 -16.2510346672099715
12.1512151215121520 14.2149552610277485
12.1712171217121750 -19.8174902282133729
12.1912191219121979 -7.8248091180861294
12.2112211221122209 -11.4417955030610177
12.2312231223122296 -13.2147044604693527
12.2512251225122526 -25.4277986831335809
12.2712271227122756 -12.1536922054917209
12.2912291229122985 0.8540602209640724
12.3112311231123215 -14.7156113502947985
12.3312331233123302 -6.2901389838547601
12.3512351235123532 -11.5360411539083572
12.3712371237123762 -6.6097231077632115
12.3912391239123991 -5.0292387404331702
12.4112411241124221 5.3641963096099197
12.4312431243124308 -11.4186784110881305
12.4512451245124538 -14.5100678434368433
12.4712471247124768 2.5431873702457635
12.4912491249124997 2.0589152118676690
12.5112511251125227 -17.2915546495234302
12.5312531253125314 -1.6776666249058696
12.5512551255125544 -18.9049106150832316
12.5712571257125774 -23.7993932241865558
12.5912591259126003 -7.3234966840248354
12.6112611261126233 -2.1250869024818835
12.6312631263126320 -17.0521897749066582
12.6512651265126550 -22.0538617612478873
12.6712671267126780 -15.5876100479996467
12.6912691269127009 -13.5728314563627777
12.7112711271127239 -2.5263955076517908
12.7312731273127326 -1.4247281057900025
12.7512751275127556 2.7038766681763517
12.7712771277127786 7.8719845736395246
12.7912791279128015 8.4119649618941388
12.8112811281128103 -29.3563617724469736
12.8312831283128332 -7.0253316871042806
12.8512851285128562 -21.2737147363302981
12.8712871287128792 1.6834408535212875
12.8912891289129021 -5.0137939834865239
12.9112911291129109 -7.1728851755638612
12.9312931293129338 -13.3853367967948742
12.9512951295129568 -16.4411323375149010
12.9712971297129798 -14.9557667294628338
12.9912991299130027 -1.5252110157491501
13.0113011301130115 -8.8987883524057398
13.0313031303130344 -15.4746993672488564
13.0513051305130574 -18.9220053413389060
13.0713071307130804 -1.0763910766012623
13.0913091309131033 -6.2154729583790473
13.1113111311131121 -19.6465521766990534
13.1313131313131350 1.9133679219059587
13.1513151315131580 -21.6797597505458128
13.1713171317131810 0.6122042684287852
13.1913191319132039 -13.1684032784066343
13.2113211321132127 -22.7506069468066592
13.2313231323132356 0.1294593454854747
13.2513251325132586 0.4010638205352945
13.2713271327132816 -16.0152571177405463
13.2913291329132903 -6.3135606945483307
13.3113311331133133 -9.6941489994410723
13.3313331333133362 -12.1912028629857190
13.3513351335133592 -0.2271852631278675
13.3713371337133822 -14.1182256788458211
13.3913391339133909 -21.3463793300874798
13.4113411341134139 -5.5748672002293409
13.4313431343134368 -6.9078217929183241
13.4513451345134598 0.5576912660611661
13.4713471347134828 0.2784299966090327
13.4913491349134915 -7.5702427732228932
13.5113511351135145 -13.0747827303752331
13.5313531353135375 13.7347314326058800
13.5513551355135604 -16.4352506817135762
13.5713571357135834 -19.8819401418282098
13.5913591359135921 -20.4123923167047643
13.6113611361136151 -5.9975485533786159
13.6313631363136381 -8.7341715393658674
13.6513651365136610 -1.9736533143119885
13.6713671367136840 -11.4686037125050646
13.6913691369136927 -19.7637246555543413
13.7113711371137157 -3.3255487620652726
13.7313731373137387 -12.4888390984801667
13.7513751375137616 1.7028434663350271
13.7713771377137704 1.0477808712310415
13.7913791379137933 -3.1407359357997660
13.8113811381138163 1.5375395964524730
13.8313831383138393 -8.7332526625875158
13.8513851385138622 7.5499543218810850
13.8713871387138710 -4.0882095692829274
13.8913891389138939 -14.2926627711176693
13.9113911391139169 -1.0215826406912258
13.9313931393139399 -10.4660199881197045
13.9513951395139628 -20.5695865746629813
13.9713971397139716 -10.0030261143710515
13.9913991399139945 -2.1686865552290575
14.0114011401140175 3.0981273572276447
14.0314031403140405 -0.6112672697251051
14.0514051405140634 -25.8530849016583097
14.0714071407140722 -6.4875531284019772
14.0914091409140951 -11.8528075325632578
14.1114111411141181 -9.0281670649666648
14.1314131413141411 1.0755738732689100
14.1514151415141640 -1.0084196562271570
14.1714171417141728 -23.8220412825643244
14.1914191419141957 -9.8155079506498915
14.2114211421142187 -6.1172046662842909
14.2314231423142417 -7.0156463439339909
14.2514251425142504 -3.3864397619577424
14.2714271427142734 -20.0432053441964158
14.2914291429142963 -17.3163764594242870
14.3114311431143193 -15.1307882418118709
14.3314331433143423 -2.0609115179934729
14.3514351435143510 0.5018429700272122
14.3714371437143740 -2.6992657027443885
14.3914391439143969 -13.8781988132434790
14.4114411441144199 -3.8330946918162008
14.4314431443144429 -9.5260433046204529
14.4514451445144516 -5.7683529458239384
14.4714471447144746 -27.2835954376934708
14.4914491449144975 -16.3306633420678224
14.5114511451145205 3.5674123885165985
14.5314531453145435 -18.0307270675922346
14.5514551455145522 -8.6481261381932342
14.5714571457145752 -5.3084423810214076
14.5914591459145981 1.2399274421680291
14.6114611461146211 -6.8307605537482612
14.6314631463146441 5.4039460931869732
14.6514651465146528 -26.2394923130538658
14.6714671467146758 -4.8081950590436868
14.6914691469146987 -21.0025548474115631
14.7114711471147217 -6.4325862611875824
14.7314731473147305 -14.3503333078171416
14.7514751475147534 -2.6832762931142691
14.7714771477147764 -23.4084942767934372
14.7914791479147993 -8.6208917899822097
14.8114811481148223 -5.0467171393001440
14.8314831483148311 -0.1394182774579562
14.8514851485148540 -17.3081308850284010
14.8714871487148770 -18.3026328491193233
14.8914891489148999 -13.5084940437765546
14.9114911491149229 -11.9884887700644693
14.9314931493149317 -7.6738856207646196
14.9514951495149546 -5.1163792480201788
14.9714971497149776 -5.8198038869442703
14.9914991499150005 -12.8171575687252535
15.0115011501150235 1.3629583708839590
15.0315031503150323 -6.8772024833121570
15.0515051505150552 2.8390315848868779
15.0715071507150782 7.8995638892013815
15.0915091509151011 -8.3354723680309259
15.1115111511151241 -6.8867180203546416
15.1315131513151329 -10.5550171989450678
15.1515151515151558 -9.9035563330658931
15.1715171517151788 -8.4245346153968441
15.1915191519152017 -2.4410378341183803
15.2115211521152105 -9.3458882174822477
15.2315231523152335 4.9577564783779255
15.2515251525152564 -4.9828885549023356
15.2715271527152794 -0.3267051378313077
15.2915291529153023 -0.8669387773853794
15.3115311531153111 6.5022169287497880
15.3315331533153341 -2.4220402197720992
15.3515351535153570 -15.7149727952866129
15.3715371537153800 8.9905003970013304
15.3915391539154029 -5.2361992679495737
15.4115411541154117 0.7029296424512985
15.4315431543154347 -7.1484753909240570
15.4515451545154576 -6.8744369545936852
15.4715471547154806 6.0345028548098423
15.4915491549155036 -5.2435510919198460
15.5115511551155123 10.1388543179118429
15.5315531553155353 -7.6304025747648510
15.5515551555155582 -8.4519447373299137
15.5715571557155812 7.0512431753817806
15.5915591559156042 -1.0067729497324693
15.6115611561156129 0.5119576067346916
15.6315631563156359 -5.6447217755573371
15.6515651565156588 -5.3973218850645424
15.6715671567156818 13.3903789953772545
15.6915691569156905 -10.1031359077776521
15.7115711571157135 -13.7296340137062387
15.7315731573157365 -3.4210056219098384
15.7515751575157594 -13.1018400587571904
15.7715771577157824 13.5394940627237279
15.7915791579157911 6.1455045358080493
15.8115811581158141 12.4252779760928700
15.8315831583158371 2.6039518149119765
15.8515851585158600 -18.3778064113513224
15.8715871587158830 -8.1261288718333589
15.8915891589158917 -6.9128230943536506
15.9115911591159147 -5.9745293556800441
15.9315931593159377 -20.0911474916575337
15.9515951595159606 -0.7231952826943031
15.9715971597159836 10.6840294617522495
15.9915991599159923 -7.8321438754889572
16.0116011601160153 -10.1573780800565530
16.0316031603160383 -9.0101083135920845
16.0516051605160612 -4.8341940950286695
16.0716071607160842 5.9595950292565494
16.0916091609160929 -13.7868404742112425
16.1116111611161159 -1.0110394928292950
16.1316131613161389 0.1514677122288841
16.1516151615161618 -17.2842267789913109
16.1716171617161706 -0.2520341050902930
16.1916191619161935 -2.6833367450773764
16.2116211621162165 9.7838725909087305
16.2316231623162395 -3.3839254337758042
16.2516251625162624 -8.0092128659222688
16.2716271627162712 -8.9141211920421650
16.2916291629162941 -4.0484876139267545
16.3116311631163171 -2.4537999437708065
16.3316331633163401 -10.9139468315220043
16.3516351635163630 -20.3421611274573912
16.3716371637163718 -3.5047912014982403
16.3916391639163948 -9.6623304073082465
16.4116411641164177 4.1691941829089405
16.4316431643164407 -3.6386080962982215
16.4516451645164636 -7.8795727745780475
16.4716471647164724 6.4366985196608173
16.4916491649164954 -1.1621967575408156
16.5116511651165183 -8.6279732553848376
16.5316531653165413 -2.8939035925682020
16.5516551655165642 -8.9155018883967081
16.5716571657165730 -15.7488938537570835
16.5916591659165960 2.4796757866274604
16.6116611661166189 8.8584371683536567
16.6316631663166419 -1.1114040259471336
16.6516651665166506 -15.2773781573009604
16.6716671667166736 -8.8956019808596878
16.6916691669166966 3.7680519021462002
16.7116711671167195 -6.4121237281991652
16.7316731673167425 -1.9763744564133354
16.7516751675167512 2.2963344465837148
16.7716771677167742 -4.9220263619428666
16.7916791679167972 3.2408923909606075
16.8116811681168201 0.1899297848878669
16.8316831683168431 -8.6496333706882602
16.8516851685168518 1.2510279305378686
16.8716871687168748 -19.6076002951945654
16.8916891689168978 -1.2938928176837048
16.9116911691169207 -14.6680052537938437
16.9316931693169437 -17.9302691264619440
16.9516951695169524 -6.7306885947965736
16.9716971697169754 -4.3707702182838641
16.9916991699169984 7.4019164001716140
17.0117011701170213 -0.4770556202063441
17.0317031703170443 -13.0136003766185731
17.0517051705170530 -11.1070057655451055
17.0717071707170760 -0.8638868502768009
17.0917091709170990 -13.1409708603855861
17.1117111711171219 -4.7389481328790195
17.1317131713171307 -4.5055676960232773
17.1517151715171536 -7.0255829317174960
17.1717171717171766 -16.5370278448374677
17.1917191719171996 3.1612934782048328
17.2117211721172225 -9.8242957371683133
17.2317231723172313 -1.4427612562620267
17.2517251725172542 7.6115111599351621
17.2717271727172772 -7.5484607640047079
17.2917291729173002 -22.9145811277536176
17.3117311731173231 -0.2689491893163396
17.3317331733173319 -4.0441175973971344
17.3517351735173548 10.5923586809642103
17.3717371737173778 0.1713248269491965
17.3917391739174008 7.1948292073259390
17.4117411741174237 -4.4390940989484449
17.4317431743174325 10.9085196921497420
17.4517451745174554 -9.7118412267178265
17.4717471747174784 4.4531975724822441
17.4917491749175014 -3.4933043934519663
17.5117511751175243 -14.0875971380952176
17.5317531753175331 -15.2015854908815307
17.5517551755175560 -3.4866882247980069
17.5717571757175790 -18.1606152779355057
17.5917591759176020 -10.7248968758933572
17.6117611761176107 -8.3702192595900993
17.6317631763176337 -2.3704906814804656
17.6517651765176566 7.4537863366432937
17.6717671767176796 -0.0417291978705103
17.6917691769177026 -11.3331128993796177
17.7117711771177113 -8.0087641623470489
17.7317731773177343 -16.1918246592960600
17.7517751775177572 -10.7917853820508682
17.7717771777177802 1.2979273760208665
17.7917791779178032 3.9413253376368100
17.8117811781178119 -0.6237649174184963
17.8317831783178349 3.6095015652312208
17.8517851785178578 3.7729748185811589
17.8717871787178808 -8.9460347513502079
17.8917891789179038 -4.4614054554886033
17.9117911791179125 -8.3529048869129969
17.9317931793179355 -13.6843127163339879
17.9517951795179584 -11.6348901990548050
17.9717971797179814 3.4881562460980247
17.9917991799180044 5.6855330930690107
18.0118011801180131 -3.0394280757561010
18.0318031803180361 -8.1507114632016862
18.0518051805180590 3.6429506113668637
18.0718071807180820 -10.5390585769697260
18.0918091809180908 -9.3494104578397561
18.1118111811181137 -12.2430141282273119
18.1318131813181367 -10.4645211530543136
18.1518151815181596 4.0763343725173566
18.1718171817181826 2.9473793826599088
18.1918191819181914 -1.3908941736419926
18.2118211821182143 0.6702410326669757
18.2318231823182373 -10.2125766673671858
18.2518251825182602 -12.8529175869918060
18.2718271827182832 -0.3342497588820894
18.2918291829182920 -12.4794179746010983
18.3118311831183149 -16.0863957253863745
18.3318331833183379 -2.7993846084819838
18.3518351835183609 7.3659283020475455
18.3718371837183838 -0.2231972360500416
18.3918391839183926 -4.1306231621115268
18.4118411841184155 -11.8118693740295413
18.4318431843184385 -4.6683864792396994
18.4518451845184615 3.9142947970755104
18.4718471847184844 -20.1014964922759773
18.4918491849184932 0.2314174534558804
18.5118511851185161 -6.8161141758647092
18.5318531853185391 5.7843630378534954
18.5518551855185621 -24.1919626405973816
18.5718571857185708 7.1732821572355672
18.5918591859185938 -1.1159708992906139
18.6118611861186167 -11.4924787258184260
18.6318631863186397 7.1425286108575969
18.6518651865186627 -26.1445078837999461
18.6718671867186714 -4.3622795713417251
18.6918691869186944 19.7733342269627066
18.7118711871187173 -12.3141011759957006
18.7318731873187403 -19.6289558665056205
18.7518751875187633 -2.1006383065281895
18.7718771877187720 -26.0571154533055029
18.7918791879187950 3.8167671624879755
18.8118811881188179 -3.5941642406280181
18.8318831883188409 2.3275141672737476
18.8518851885188639 -11.8298874497645574
18.8718871887188726 9.8872025108522479
18.8918891889188956 5.1350874443780032
18.9118911891189185 -18.0691779094306781
18.9318931893189415 -2.9217217974574186
18.9518951895189645 -2.7233889283319206
18.9718971897189732 -3.5627950156661914
18.9918991899189962 3.1375190635415313
19.0119011901190191 6.1998418075659352
19.0319031903190421 2.9460213938667055
19.0519051905190508 -20.2854187878732048
19.0719071907190738 10.8179300313777631
19.0919091909190968 -4.7680838215497880
19.1119111911191197 5.9364811545019345
19.1319131913191427 -10.2656932404180452
19.1519151915191514 -24.7233102211497204
19.1719171917191744 9.1770448444675274
19.1919191919191974 -11.7014576482576587
19.2119211921192203 -2.8073304784185464
19.2319231923192433 -3.7281862509080885
19.2519251925192521 -8.1483631347862744
19.2719271927192750 -21.3374924982675687
19.2919291929192980 -4.8955228924372136
19.3119311931193209 -6.1576992207839174
19.3319331933193439 -7.7700036700300883
19.3519351935193527 -17.0838136683446393
19.3719371937193756 1.7167457091878617
19.3919391939193986 5.4656655025889815
19.4119411941194215 2.7328450664157593
19.4319431943194445 -14.0248079874420419
19.4519451945194533 2.6354871460558558
19.4719471947194762 -8.6035415845142182
19.4919491949194992 -8.6375985018369068
19.5119511951195221 -8.2703015606232917
19.5319531953195309 6.4135684192460003
19.5519551955195539 -2.2395763984094677
19.5719571957195768 -8.6719262794236283
19.5919591959195998 -10.9096995379796127
19.6119611961196227 -2.9401564345978093
19.6319631963196315 -4.4354897195156102
19.6519651965196545 7.6995068344781075
19.6719671967196774 -0.1514760294911479
19.6919691969197004 6.1598586024322284
19.7119711971197233 6.3341097167081220
19.7319731973197321 -22.0959331263918628
19.7519751975197551 -13.7952465148130088
19.7719771977197780 7.8026158109632533
19.7919791979198010 -6.2119024141934762
19.8119811981198239 -3.2058816096956608
19.8319831983198327 3.0326136969067203
19.8519851985198557 -5.0084304568798075
19.8719871987198786 -11.7253965058541567
19.8919891989199016 -7.8276141491326312
19.9119911991199245 -6.8068494458362991
19.9319931993199333 -0.1655269555744336
19.9519951995199563 -3.1413341915601372
19.9719971997199792 -19.5537688478914085
19.9919991999200022 2.5292209102791210
20.0120012001200109 -10.1727130942422406
20.0320032003200339 7.1342350706920588
20.0520052005200569 -9.1270415970450998
20.0720072007200798 -17.6192127002917651
20.0920092009201028 -16.3817091905618319
20.1120112011201115 2.0736940281567389
20.1320132013201345 6.0103874403322166
20.1520152015201575 1.3170030671987067
20.1720172017201804 -13.1987244568669162
20.1920192019202034 -2.7292538572574747
20.2120212021202121 -9.7969137531463808
20.2320232023202351 8.8703829071295850
20.2520252025202581 -0.3501811030304882
20.2720272027202810 20.2919608829432683
20.2920292029203040 -9.5796466075496181
20.3120312031203127 -0.7111797460292322
20.3320332033203357 -8.0093644378506443
20.3520352035203587 -21.9006015488206529
20.3720372037203816 -4.3046933182536806
20.3920392039204046 9.6542608615105330
20.4120412041204133 -8.2424547963101080
20.4320432043204363 -12.1210560064636130
20.4520452045204593 -8.8964342134466570
20.4720472047204822 -2.6991653519065433
20.4920492049204910 -3.9285839970976273
20.5120512051205139 -6.1529693012100237
20.5320532053205369 14.5739748043271504
20.5520552055205599 -20.3333523784614734
20.5720572057205828 -3.4507958376290508
20.5920592059205916 15.3940275319862288
20.6120612061206145 -15.0063194141574829
20.6320632063206375 6.4405248500636700
20.6520652065206605 3.8038982975890425
20.6720672067206834 5.0390555022285843
20.6920692069206922 -12.0469422675442601
20.7120712071207151 -0.2679951009486832
20.7320732073207381 8.1268156434821002
20.7520752075207611 -8.0630363735865913
20.7720772077207840 -1.6744241318476352
20.7920792079207928 -7.1958214355800756
20.8120812081208157 -3.5196624327748971
20.8320832083208387 1.9647969844499515
20.8520852085208617 2.2972599842085000
20.8720872087208846 -12.3851591040369104
20.8920892089208934 -11.2059649273044375
20.9120912091209163 -15.2605550540974981
20.9320932093209393 -11.6719483490687388
20.9520952095209623 5.2590509658121745
20.9720972097209710 -2.2219417771079191
20.9920992099209940 -8.7042596033540498
21.0121012101210169 -3.5448624994737981
21.0321032103210399 -12.7794269770297646
21.0521052105210629 -10.9399494429869168
21.0721072107210716 1.4629902676065303
21.0921092109210946 -6.4449980524277350
21.1121112111211175 -9.7967188495784008
21.1321132113211405 2.2123217456170652
21.1521152115211635 -2.9604401681003045
21.1721172117211722 2.7342349777000470
21.1921192119211952 -13.2102130708397425
21.2121212121212182 6.3240145729861315
21.2321232123212411 -12.2122057157498869
21.2521252125212641 2.9038386459616286
21.2721272127212728 -10.7899737182171620
21.2921292129212958 -6.9250748364586698
21.3121312131213188 -17.2908919847088640
21.3321332133213417 3.2066523977391768
21.3521352135213647 -5.1500105212360490
21.3721372137213734 -5.1593596417647065
21.3921392139213964 -13.3749765923543738
21.4121412141214194 -10.5126828625467805
21.4321432143214423 -1.0033935457648226
21.4521452145214511 -5.6874994719501792
21.4721472147214740 0.1825733468969437
21.4921492149214970 -7.7878468514607517
21.5121512151215200 -16.9599865180932490
21.5321532153215429 -13.5638663902140593
21.5521552155215517 -6.6997638175267857
21.5721572157215746 -7.5674986797737827
21.5921592159215976 -4.6617604894534228
21.6121612161216206 -9.0627060587144666
21.6321632163216435 7.3030388037349532
21.6521652165216523 -12.9678156494095909
21.6721672167216752 -4.9180036293112002
21.6921692169216982 -5.8204584766018082
21.7121712171217212 2.8060445614279113
21.7321732173217441 -1.7855077534476003
21.7521752175217529 -6.8016765472781353
21.7721772177217758 0.5540363315386880
21.7921792179217988 -13.0471848676495412
21.8121812181218218 0.6945730572131374
21.8321832183218447 -10.1047259353830512
21.8521852185218535 -14.0448992644355535
21.8721872187218764 0.4464915248526848
21.8921892189218994 -1.7967883618533729
21.9121912191219224 -8.3486136758201308
21.9321932193219311 -20.8369404145869623
21.9521952195219541 -18.1424461051825077
21.9721972197219770 1.3687920201245021
21.9921992199220000 6.0304620737127772
22.0122012201220230 -10.4343606468506191
22.0322032203220317 2.4913049091279653
22.0522052205220547 1.8109593676524618
22.0722072207220776 -9.6809512877926451
22.0922092209221006 -11.0589873676477204
22.1122112211221236 13.1677009667825597
22.1322132213221323 -4.1723428818895654
22.1522152215221553 -5.1206257894674092
22.1722172217221782 -16.2354853368879901
22.1922192219222012 -0.5572648898568850
22.2122212221222242 -5.7237940932328311
22.2322232223222329 0.8202051736646228
22.2522252225222559 -15.2526032107824765
22.2722272227222788 -7.8880012798204824
22.2922292229223018 -1.8897625823048427
22.3122312231223248 -6.5586318623844830
22.3322332233223335 -10.5636774924739782
22.3522352235223565 -1.4345813636705040
22.3722372237223794 -11.6272915549304781
22.3922392239224024 -12.6202328493032425
22.4122412241224112 -7.4605337431985710
22.4322432243224341 11.5419526370895120
22.4522452245224571 3.1985003905909624
22.4722472247224800 -2.9596882893728660
22.4922492249225030 3.5716850681847294
22.5122512251225118 -5.4194450220351182
22.5322532253225347 -15.6416960831329988
22.5522552255225577 16.1956051555952669
22.5722572257225806 -12.6609907184740003
22.5922592259226036 -16.7127768884196115
22.6122612261226124 -16.6178072206813567
22.6322632263226353 -14.0253174186620946
22.6522652265226583 -16.6710427826006864
22.6722672267226812 -2.3356058193023381
22.6922692269227042 9.0708483893460503
22.7122712271227130 -3.4838425089475100
22.7322732273227359 -15.8217961907526998
22.7522752275227589 9.2986394074802607
22.7722772277227818 1.8123669444498933
22.7922792279228048 5.7925187487777086
22.8122812281228136 -6.8354143340886075
22.8322832283228365 -8.0966020390154583
22.8522852285228595 3.3813021151164344
22.8722872287228824 -0.2980226320868269
22.8922892289228912 -0.7544764854073795
22.9122912291229142 -2.5609897151955492
22.9322932293229371 -7.2051569243285805
22.9522952295229601 3.4927880190226999
22.9722972297229830 2.1708315640725591
22.9922992299229918 11.9067236805957641
23.0123012301230148 1.6580640124301445
23.0323032303230377 -5.6701794465247470
23.0523052305230607 -5.7502808435053243
23.0723072307230836 -6.3050253311024429
23.0923092309230924 6.4371965215599127
23.1123112311231154 -0.3236392870081710
23.1323132313231383 -17.9083748836536927
23.1523152315231613 -9.0703163358433638
23.1723172317231842 12.6661015073947247
23.1923192319231930 6.2970057191074158
23.2123212321232160 -6.8948547424410984
23.2323232323232389 1.7938341716903414
23.2523252325232619 -0.9479521992240283
23.2723272327232849 -3.2863840141717855
23.2923292329232936 -14.8776853063640218
23.3123312331233166 -6.6294133372382493
23.3323332333233395 -13.7560242785044018
23.3523352335233625 -5.7140732727955577
23.3723372337233855 -6.3053570963069454
23.3923392339233942 -3.0869101812913939
23.4123412341234172 -0.1076434938675730
23.4323432343234401 10.1066659775568013
23.4523452345234631 -16.7072187507118990
23.4723472347234718 8.1184406565838412
23.4923492349234948 -11.1862132983582754
23.5123512351235178 -9.1173157902446036
23.5323532353235407 -15.5547426454577504
23.5523552355235637 0.8007777667536953
23.5723572357235724 -4.8766955391682600
23.5923592359235954 -7.8352202694963946
23.6123612361236184 -12.8636483711339480
23.6323632363236413 -8.2856919385952956
23.6523652365236643 -6.8754964993078467
23.6723672367236730 -12.7297686590922101
23.6923692369236960 -12.4657283668071255
23.7123712371237190 -10.5263918278148090
23.7323732373237419 -26.3300459640486721
23.7523752375237649 -7.8312940536291995
23.7723772377237736 -6.3344722207298068
23.7923792379237966 -8.6016113456268126
23.8123812381238196 -4.0725372693369559
23.8323832383238425 -12.1506264499693870
23.8523852385238655 -21.9579592481606944
23.8723872387238742 6.9605948749238360
23.8923892389238972 9.0100984828676864
23.9123912391239202 -0.2452853140511513
23.9323932393239431 -7.8047297914929556
23.9523952395239519 -13.4431447714876917
23.9723972397239748 -16.0216829025955363
23.9923992399239978 -11.2970780427094084
24.0124012401240208 -25.2583078890932455
24.0324032403240437 -0.8897121819407356
24.0524052405240525 -12.8218766043977705
24.0724072407240755 -22.8563305162628474
24.0924092409240984 -10.1660403791296616
24.1124112411241214 -6.5147620570513416
24.1324132413241443 -37.3340683582843198
24.1524152415241531 1.9526643755604960
24.1724172417241761 -5.2510830705924203
24.1924192419241990 -21.6155165346321105
24.2124212421242220 1.0407438431866609
24.2324232423242449 -0.9894310190650311
24.2524252425242537 5.3986879647829689
24.2724272427242767 -0.0439659246551747
24.2924292429242996 -19.3222260442957428
24.3124312431243226 -16.9777510020556335
24.3324332433243455 -4.0100623028072357
24.3524352435243543 -6.9463909139183055
24.3724372437243773 -5.9413179361927009
24.3924392439244002 -14.1137912515221888
24.4124412441244232 -16.7238633648343047
24.4324432443244319 -16.6137870066089519
24.4524452445244549 -11.9775465369144101
24.4724472447244779 -5.8914937971760395
24.4924492449245008 7.0711300022732004
24.5124512451245238 -3.5927367396258445
24.5324532453245325 -27.2251206450786967
24.5524552455245555 6.5868262866401652
24.5724572457245785 4.1300895784601588
24.5924592459246014 -9.3850681078577409
24.6124612461246244 -6.6327876570983797
24.6324632463246331 -0.0515023041967382
24.6524652465246561 -4.8722920223224557
24.6724672467246791 0.4278605449141573
24.6924692469247020 -13.1129351369264064
24.7124712471247250 -0.5058948687607385
24.7324732473247337 -4.7049760428426115
24.7524752475247567 -2.6301606554069812
24.7724772477247797 -6.4868393342741371
24.7924792479248026 -14.0713330600606810
24.8124812481248256 -4.6697957280650710
24.8324832483248343 10.5558687589925366
24.8524852485248573 -14.7769201024437713
24.8724872487248803 -10.8938614147335020
24.8924892489249032 -4.8179987688110355
24.9124912491249120 -3.4679949918099773
24.9324932493249349 -9.1363325928953021
24.9524952495249579 -9.6324936146424562
24.9724972497249809 0.7456035860901533
24.9924992499250038 -26.6776972050673677
25.0125012501250126 -15.3540156462656245
25.0325032503250355 0.1854470196115905
25.0525052505250585 -4.8717073981551575
25.0725072507250815 -13.6437748733156781
25.0925092509251044 -14.2589371636992723
25.1125112511251132 -13.4211709199492617
25.1325132513251361 -19.6363582497183806
25.1525152515251591 -8.9685850681776706
25.1725172517251821 -8.8232319572230811
25.1925192519252050 -22.1681695351408976
25.2125212521252138 -10.2279528219198745
25.2325232523252367 1.1465474919149941
25.2525252525252597 -10.0613545929859072
25.2725272527252827 -9.7710339661280301
25.2925292529253056 -25.0635975805400157
25.3125312531253144 -5.6132575656124786
25.3325332533253373 -6.6231792942145438
25.3525352535253603 -24.0177261285538606
25.3725372537253833 -15.7263607993125696
25.3925392539253920 2.0183763292668093
25.4125412541254150 -0.8734838050247289
25.4325432543254379 -14.8943135612950410
25.4525452545254609 -5.2623466501124936
25.4725472547254839 -10.4847918558889752
25.4925492549254926 -12.6948925418113401
25.5125512551255156 -20.9364307417783593
25.5325532553255385 -4.7377337252655414
25.5525552555255615 -12.5163599100959306
25.5725572557255845 -13.9446901745040002
25.5925592559255932 1.6360073955517578
25.6125612561256162 -11.9364601576111227
25.6325632563256391 -10.6668658066158422
25.6525652565256621 -2.3016366305217888
25.6725672567256851 -5.0414048688154320
25.6925692569256938 -25.5595377800488635
25.7125712571257168 -6.8259110593047678
25.7325732573257397 2.8332190992267208
25.7525752575257627 -11.0002938040566960
25.7725772577257857 -13.1887047159439845
25.7925792579257944 -7.6854697616084851
25.8125812581258174 -8.9327926557545201
25.8325832583258403 0.2397536449824749
25.8525852585258633 -16.8640286694382588
25.8725872587258721 -6.5370613021712138
25.8925892589258950 0.5719948283204008
25.9125912591259180 -3.3071660248929113
25.9325932593259409 -6.0255432990215105
25.9525952595259639 -18.6876242269730461
25.9725972597259727 -0.0148890706996720
25.9925992599259956 -3.5815437843580797
26.0126012601260186 -12.0902800597531890
26.0326032603260415 -12.7093577502122379
26.0526052605260645 -7.9947981909828680
26.0726072607260733 -8.8920446335572585
26.0926092609260962 -8.3808124395270145
26.1126112611261192 -7.5500823623999391
26.1326132613261422 -6.9886941993036267
26.1526152615261651 -18.0197836703188621
26.1726172617261739 -25.9202867947675486
26.1926192619261968 -1.9615931011825909
26.2126212621262198 -20.4571944326377597
26.2326232623262428 -18.1747552449923049
26.2526252625262657 2.2965010861982940
26.2726272627262745 -22.1343342082921772
26.2926292629262974 5.2017761285231856
26.3126312631263204 -11.3975369605496049
26.3326332633263434 -2.3420305847260074
26.3526352635263521 -4.7425942601703728
26.3726372637263751 -4.9105145199686566
26.3926392639263980 -15.0480100586112471
26.4126412641264210 -11.0106242562085388
26.4326432643264440 -5.8196792966451243
26.4526452645264527 -0.3352126625453131
26.4726472647264757 -11.3267284781544078
26.4926492649264986 -22.3336571211479473
26.5126512651265216 -15.5211207530056647
26.5326532653265446 -2.7739980928889185
26.5526552655265533 -31.5993801156561673
26.5726572657265763 -13.5654453688244256
26.5926592659265992 -11.7187907195293963
26.6126612661266222 -12.1629051299463704
26.6326632663266452 -4.9742171155895463
26.6526652665266539 -28.2739645121816778
26.6726672667266769 -10.8689127178475538
26.6926692669266998 1.5116891696515093
26.7126712671267228 -18.3882421564426863
26.7326732673267458 -9.1622842923104031
26.7526752675267545 -18.9654128614637578
26.7726772677267775 -0.9504159479807672
26.7926792679268004 -13.2310196088526517
26.8126812681268234 -22.5553013707643402
26.8326832683268321 -13.2139370742022795
26.8526852685268551 -17.3541265022150526
26.8726872687268781 9.0790541715405855
26.8926892689269010 -8.6864768721132215
26.9126912691269240 -8.7289336243457125
26.9326932693269328 3.9720935611620209
26.9526952695269557 -0.1764740827047291
26.9726972697269787 -10.9351417129767690
26.9926992699270016 -16.2345276266940246
27.0127012701270246 -21.9823116654906130
27.0327032703270334 -12.1998384137856242
27.0527052705270563 -3.0567531256149625
27.0727072707270793 -0.3981916144815774
27.0927092709271022 -6.1242667658355412
27.1127112711271252 -4.6250623930697037
27.1327132713271340 -8.4576386463079363
27.1527152715271569 -16.7876562796711575
27.1727172717271799 -14.5614838209418096
27.1927192719272028 -10.5905363805294250
27.2127212721272258 -7.2589803787724154
27.2327232723272346 1.2045686614417281
27.2527252725272575 -16.0195838405946986
27.2727272727272805 -13.5435030019533826
27.2927292729273034 -6.4609686473279089
27.3127312731273122 -16.0104726618034547
27.3327332733273352 -2.5077316915391243
27.3527352735273581 -14.2181944283911363
27.3727372737273811 6.9112100813867343
27.3927392739274040 -19.8185106113286267
27.4127412741274128 -19.5664605971395886
27.4327432743274358 -12.7829033165098203
27.4527452745274587 -5.4249634989081628
27.4727472747274817 -7.2175957637101549
27.4927492749275046 2.8719086626618751
27.5127512751275134 -11.2659321405131507
27.5327532753275364 -6.7308855020956901
27.5527552755275593 -6.1937190830966298
27.5727572757275823 -16.1167929769578429
27.5927592759276052 -8.4063030175644915
27.6127612761276140 -19.3163458449083727
27.6327632763276370 -35.4053560396546985
27.6527652765276599 -26.9985679562218763
27.6727672767276829 -8.1176036329570262
27.6927692769277058 -10.9126364037043544
27.7127712771277146 -5.4147746280773115
27.7327732773277376 -11.6104459441902925
27.7527752775277605 -11.9343210659016812
27.7727772777277835 -12.7045877441237423
27.7927792779277922 -10.6166271139974633
27.8127812781278152 -8.4165567147692997
27.8327832783278382 -16.8386536674589919
27.8527852785278611 -21.1783392679274947
27.8727872787278841 -20.0769513999675837
27.8927892789278928 -16.3090145152944999
27.9127912791279158 -8.3309470973428326
27.9327932793279388 -30.4991637643054432
27.9527952795279617 -4.3922696372888224
27.9727972797279847 -15.1785273412904154
27.9927992799279934 -9.2043756409556199
28.0128012801280306 -7.8805493931161354
28.0328032803280394 -22.6288044490675091
28.0528052805280481 -13.9838132143699063
28.0728072807280853 -11.3007937695092142
28.0928092809280940 -11.6289535666278674
28.1128112811281312 -17.0477117157839793
28.1328132813281400 -6.9943591958772089
28.1528152815281487 -22.3112063263732665
28.1728172817281859 -2.5087269053609820
28.1928192819281946 -3.5702061793956652
28.2128212821282318 -6.3345020959526064
28.2328232823282406 -22.9273080808290679
28.2528252825282493 -8.9656933229503686
28.2728272827282865 -16.9363160664835561
28.2928292829282952 -16.8862145084166606
28.3128312831283324 -17.6189341814777336
28.3328332833283412 -19.6265322694735502
28.3528352835283499 -7.7752143497297634
28.3728372837283871 -11.5465440495720415
28.3928392839283958 -3.5864495586713527
28.4128412841284330 -9.9752866205383217
28.4328432843284418 0.0817425027223475
28.4528452845284505 -4.6051984441343841
28.4728472847284877 -8.5983234504995458
28.4928492849284964 -9.6700984986759426
28.5128512851285052 -15.9886080193664029
28.5328532853285424 -21.7818692302956975
28.5528552855285511 -14.0682298942042969
28.5728572857285883 -4.0444038273645475
28.5928592859285970 -10.3361760382937273
28.6128612861286058 -14.3611707053146276
28.6328632863286430 -21.5724950811244867
28.6528652865286517 -6.0669161958160389
28.6728672867286889 -16.5486018908190466
28.6928692869286976 -22.3731145584999211
28.7128712871287064 -10.3776157633673236
28.7328732873287436 -5.4798265664719654
28.7528752875287523 -7.3862563092730404
28.7728772877287895 -16.2049554690977686
28.7928792879287982 -1.1579643432182962
28.8128812881288070 -8.1956789336098126
28.8328832883288442 -27.5018409563936324
28.8528852885288529 -10.0046517547491174
28.8728872887288901 -11.6062489121598293
28.8928892889288988 -7.8333367832661240
28.9128912891289076 -14.6865481729568081
28.9328932893289448 -12.0138811468289806
28.9528952895289535 -17.7582319490197165
28.9728972897289907 -13.4317389986457041
28.9928992899289995 0.8975798613367605
29.0129012901290082 -13.5317235249211105
29.0329032903290454 -23.0827175044588984
29.0529052905290541 -13.2176821509995026
29.0729072907290913 -6.2524309703915932
29.0929092909291001 -11.5292143864260321
29.1129112911291088 -4.0316617276993476
29.1329132913291460 -5.0079514669693062
29.1529152915291547 -15.8115653853917486
29.1729172917291919 1.0450543972980846
29.1929192919292007 -21.8906555990582383
29.2129212921292094 -20.6017112262002371
29.2329232923292466 -15.0879174644690597
29.2529252925292553 -13.9383216812759247
29.2729272927292925 -12.8203868766037612
29.2929292929293013 -14.6024309611856040
29.3129312931293100 -17.3563082955772110
29.3329332933293472 -14.3531851492827940
29.3529352935293559 -4.2877677072699285
29.3729372937293931 -24.8317300701892307
29.3929392939294019 -14.1086930566040358
29.4129412941294106 -22.3432927406968460
29.4329432943294478 -23.3317721407394032
29.4529452945294565 -23.3343867375245075
29.4729472947294653 -16.6805128963102867
29.4929492949295025 -20.9507530136600586
29.5129512951295112 -16.2249520529669411
29.5329532953295484 -13.2833910791586831
29.5529552955295571 -8.2847896982735207
29.5729572957295659 -9.7605391038907641
29.5929592959296031 -2.3496145756502056
29.6129612961296118 -9.2919151720849733
29.6329632963296490 -20.4405838548051300
29.6529652965296577 -18.2265486711170510
29.6729672967296665 -16.7651465851455796
29.6929692969297037 -6.9895160317347003
29.7129712971297124 -1.4513708660726650
29.7329732973297496 -24.2495918182094279
29.7529752975297583 -20.1545229626923117
29.7729772977297671 -0.3632244083834966
29.7929792979298043 -11.3495571926302468
29.8129812981298130 -5.1270547184174653
29.8329832983298502 -19.2301400839308094
29.8529852985298589 -10.8120642809813532
29.8729872987298677 -30.1394365104407171
29.8929892989299049 -7.1141065000835741
29.9129912991299136 -11.8850299699877162
29.9329932993299508 -25.9809476141903133
29.9529952995299595 -8.9264533581217922
29.9729972997299683 -17.8153618000072669
29.9929992999300055 -32.5848806333071934
30.0130013001300142 -22.5793330849062137
30.0330033003300514 -6.4450391212562010
30.0530053005300601 -20.7054426189392125
30.0730073007300689 -12.0069152129305490
30.0930093009301061 -28.6707180634735792
30.1130113011301148 -18.6007500078739625
30.1330133013301520 -16.1547160149659668
30.1530153015301607 -12.7911577880581078
30.1730173017301695 -25.8562353723803078
30.1930193019302067 -8.2153796322471102
30.2130213021302154 -21.1149442753396457
30.2330233023302526 -19.2340086185950021
30.2530253025302613 -21.7994004291502854
30.2730273027302701 -10.5287325632746267
30.2930293029303073 -12.0723952180482890
30.3130313031303160 -20.1650373760302095
30.3330333033303532 -21.8791178316962842
30.3530353035303619 -21.7897555246235939
30.3730373037303707 -34.1236669901789469
30.3930393039304079 -37.7419997856675167
30.4130413041304166 -20.9530806670404317
30.4330433043304254 1.2906991331099853
30.4530453045304625 -20.1263164586498959
30.4730473047304713 -23.4735824088947318
30.4930493049305085 1.7440042511466238
30.5130513051305172 -16.7423848869435794
30.5330533053305260 -18.6385995044861126
30.5530553055305631 -23.0118485363262444
30.5730573057305719 -23.0033132252256252
30.5930593059306091 -22.5038161455312213
30.6130613061306178 -6.9243183472292706
30.6330633063306266 -19.5848814047888631
30.6530653065306637 -17.4600927679129256
30.6730673067306725 -19.2125016992250153
30.6930693069307097 -4.0879643824283480
30.7130713071307184 -32.0542517110278027
30.7330733073307272 -15.7414427330953455
30.7530753075307643 -11.3360183265672987
30.7730773077307731 -21.3826509952868165
30.7930793079308103 -23.0363117410434910
30.8130813081308190 -4.6510728642343064
30.8330833083308278 -23.8008562251717493
30.8530853085308649 -3.9634945086321203
30.8730873087308737 -33.1652232034253700
30.8930893089309109 -11.3928048921604166
30.9130913091309196 -18.1959024694951914
30.9330933093309284 -8.5677617491735205
30.9530953095309656 -9.0780568048795214
30.9730973097309743 -18.7573457494249602
30.9930993099310115 -18.4260968015468478
31.0131013101310202 7.1050193060071010
31.0331033103310290 -8.1826575680074995
31.0531053105310662 -25.1462135665976412
31.0731073107310749 -26.0331910768495263
31.0931093109311121 -22.2950768749956154
31.1131113111311208 -15.2699985220432026
31.1331133113311296 -8.3276198047514320
31.1531153115311668 -26.0436226710602305
31.1731173117311755 -17.9927131904445368
31.1931193119312127 -12.3230749743633741
31.2131213121312214 -8.7859210958634080
31.2331233123312302 -24.9609855210394826
31.2531253125312674 -36.4344648057039535
31.2731273127312761 -12.0236915971500515
31.2931293129313133 -13.1866801247491257
31.3131313131313220 -13.1974437285977046
31.3331333133313308 -39.6845010356101469
31.3531353135313680 -11.3839960521103656
31.3731373137313767 -17.1818310609167888
31.3931393139313855 -16.6961660900956055
31.4131413141314226 -34.1450420256260188
31.4331433143314314 -17.2338862442126235
31.4531453145314686 -12.9887815226339729
31.4731473147314773 -12.6375211517890627
31.4931493149314861 -29.5502088563655576
31.5131513151315232 -18.1343081392672936
31.5331533153315320 -14.1030856279330692
31.5531553155315692 -21.2220195849803339
31.5731573157315779 -18.8471140823858008
31.5931593159315867 -22.2912846587265747
31.6131613161316238 -17.6951483205382729
31.6331633163316326 -22.5499929682897680
31.6531653165316698 -17.8278877601268952
31.6731673167316785 -9.5308104784964378
31.6931693169316873 -8.9797051313188891
31.7131713171317244 -26.7226860852027173
31.7331733173317332 -10.2424626566187396
31.7531753175317704 -14.9767289756801087
31.7731773177317791 -9.7657568921043119
31.7931793179317879 -21.9397799824381963
31.8131813181318250 -35.5467262495406118
31.8331833183318338 -26.5190743004179907
31.8531853185318710 -24.7577808072983920
31.8731873187318797 -14.0464295603294538
31.8931893189318885 -27.3991672590820770
31.9131913191319256 -16.7644198603071217
31.9331933193319344 -8.5888894548232511
31.9531953195319716 -14.6202259860551464
31.9731973197319803 -27.7183937650216272
31.9931993199319891 -8.5820318673379212
32.0132013201320262 -14.4404464259686112
32.0332033203320350 -12.9839878556879640
32.0532053205320722 -15.3375159268173782
32.0732073207320809 -31.0292450462758822
32.0932093209320897 -17.6552170206162629
32.1132113211321268 -16.4543817353687842
32.1332133213321356 -18.5110063992046605
32.1532153215321728 -20.2555627783629220
32.1732173217321815 -22.1438526003762348
32.1932193219321903 -26.1021386168533809
32.2132213221322274 -25.7788146830939340
32.2332233223322362 -18.1442111978949399
32.2532253225322734 -10.9270944383969368
32.2732273227322821 -18.9912730141363291
32.2932293229322909 -23.2933227949177279
32.3132313231323280 -21.2703978000637868
32.3332333233323368 -17.9177858408549930
32.3532353235323455 -4.8786519922397318
32.3732373237323827 -11.1608073436134418
32.3932393239323915 -10.7501810710875176
32.4132413241324286 -5.5739758531679531
32.4332433243324374 -11.4637586718199760
32.4532453245324461 -16.0120831635403036
32.4732473247324833 -27.0667313558339160
32.4932493249324921 -21.4667039512357540
32.5132513251325292 -8.6745644112009295
32.5332533253325380 -14.1801472597910436
32.5532553255325467 -18.9833777334821114
32.5732573257325839 -28.5711077171011709
32.5932593259325927 -13.7431334618743399
32.6132613261326298 -35.6729517863046794
32.6332633263326386 -17.5223447471045510
32.6532653265326474 -21.7979575106387919
32.6732673267326845 -22.8969855729022207
32.6932693269326933 -27.0292089466698897
32.7132713271327304 -27.9463004490395264
32.7332733273327392 -26.5702213391904110
32.7532753275327480 -2.7092941812841005
32.7732773277327851 -16.0407958981857846
32.7932793279327939 -12.9739921932675646
32.8132813281328310 -25.4137241512435459
32.8332833283328398 -18.2903061560244602
32.8532853285328486 -22.4389441874387181
32.8732873287328857 -12.9525103468492873
32.8932893289328945 -10.1146992429504472
32.9132913291329317 -18.6446504369244188
32.9332933293329404 -24.1788884823637318
32.9532953295329492 -19.4872259037492483
32.9732973297329863 -6.4244768690933398
32.9932993299329951 -38.0142460760791892
33.0133013301330323 -21.1074234352480872
33.0333033303330410 -27.7182463772689474
33.0533053305330498 -31.3052336341991797
33.0733073307330869 -29.2622562138667526
33.0933093309330957 -19.1775664878655725
33.1133113311331329 -25.2227136801359961
33.1333133313331416 -29.5267802981659955
33.1533153315331504 -15.6648392091974475
33.1733173317331875 -39.9435813079735524
33.1933193319331963 -16.4332140812770611
33.2133213321332335 -20.7323747176264028
33.2333233323332422 -31.9544372469116453
33.2533253325332510 -18.2919474566648361
33.2733273327332881 -39.7833586287197249
33.2933293329332969 -18.7652288838433421
33.3133313331333341 -13.0411040887912453
33.3333333333333428 -7.8149694638578033
33.3533353335333516 -43.8605823516278974
33.3733373337333887 -15.4827239539842623
33.3933393339333975 -10.8237903710936223
33.4133413341334062 -17.0160136094937897
33.4333433343334434 -34.9668405182741964
33.4533453345334522 -21.8851309850031370
33.4733473347334893 -23.0458394232036063
33.4933493349334981 -10.0535484673803257
33.5133513351335068 -34.9546452632707769
33.5333533353335440 -19.9097983279980966
33.5533553355335528 -25.6663939602111277
33.5733573357335899 -33.8544478383620913
33.5933593359335987 -24.6865036449605668
33.6133613361336074 -22.6533093305237152
33.6333633363336446 -24.2638172829724041
33.6533653365336534 -1.4749064158090235
33.6733673367336905 -21.5638943509585985
33.6933693369336993 -21.8663533787360009
33.7133713371337080 -3.0782645241688691
33.7333733373337452 -24.7133767036580601
33.7533753375337540 -34.6613260319830019
33.7733773377337911 -27.3564997112283663
33.7933793379337999 -33.7574563508349499
33.8133813381338086 -28.1458121368639809
33.8333833383338458 -14.5306662650546627
33.8533853385338546 -13.5199039028780437
33.8733873387338917 -14.9007710817139110
33.8933893389339005 -21.9351027948880244
33.9133913391339092 -23.3308605832394953
33.9333933393339464 -19.9061573028914225
33.9533953395339552 -28.0972660573277295
33.9733973397339923 -32.7545478389274720
33.9933993399340011 -24.3675549501744619
34.0134013401340098 -30.6714015399191631
34.0334033403340470 -18.5278602910548074
34.0534053405340558 -27.4448607563156735
34.0734073407340929 -18.1117498411215081
34.0934093409341017 -21.3001231777108231
34.1134113411341104 -33.6332264574219693
34.1334133413341476 -26.6859556412314838
34.1534153415341564 -28.9665122976483964
34.1734173417341935 -25.2906543800606727
34.1934193419342023 -27.2391360477988584
34.2134213421342110 -25.5842505471427870
34.2334233423342482 -24.3801098764873707
34.2534253425342570 -25.0107936045718624
34.2734273427342941 -35.7107174557880214
34.2934293429343029 -32.1593997046980178
34.3134313431343116 -23.4442908415203526
34.3334333433343488 -33.7529766570274674
34.3534353435343576 -29.7110866719366982
34.3734373437343663 -34.3703321164014355
34.3934393439344035 -12.7093372318641400
34.4134413441344122 -26.5670184620573586
34.4334433443344494 -20.9418271930137436
34.4534453445344582 -26.1208494730229397
34.4734473447344669 -41.9472813968265967
34.4934493449345041 -19.1473192568583954
34.5134513451345128 -16.4857191835489800
34.5334533453345500 -25.0746899891344448
34.5534553455345588 -12.0006860824079666
34.5734573457345675 -29.8411237601802561
34.5934593459346047 -16.2274101522644827
34.6134613461346134 -36.5336759346251654
34.6334633463346506 -32.1585844084689256
34.6534653465346594 -29.3149113385784688
34.6734673467346681 -42.2895710377677290
34.6934693469347053 -33.0486391235014523
34.7134713471347141 -11.3853661200384000
34.7334733473347512 -22.5573200681354855
34.7534753475347600 -23.5930846149347850
34.7734773477347687 -39.5451368687786697
34.7934793479348059 -29.6873246788582072
34.8134813481348147 -29.4832313007104219
34.8334833483348518 -14.0618507741243146
34.8534853485348606 -30.3125178254916285
34.8734873487348693 -42.5080102650346134
34.8934893489349065 -26.2005100420801895
34.9134913491349153 -31.1064929997565862
34.9334933493349524 -29.8364508373757822
34.9534953495349612 -22.4989024607778418
34.9734973497349699 -26.5447715835211753
34.9934993499350071 -32.2972356995106011
35.0135013501350159 -29.8866240792730871
35.0335033503350530 -14.3171912002407016
35.0535053505350618 -28.0913695564559767
35.0735073507350705 -35.2857671342623505
35.0935093509351077 -12.1906096188601119
35.1135113511351165 -22.0226669501511196
35.1335133513351536 -30.1689547243431235
35.1535153515351624 -37.8381212309717654
35.1735173517351711 -27.2061295214698191
35.1935193519352083 -29.1457445312002541
35.2135213521352171 -28.3043786538856921
35.2335233523352542 -20.3077384747267722
35.2535253525352630 -17.2004386784771128
35.2735273527352717 -31.0173942169287429
35.2935293529353089 -37.6615942529230878
35.3135313531353177 -29.5949008468232933
35.3335333533353264 -20.8918358775543922
35.3535353535353636 -40.6527503683311835
35.3735373537353723 -27.1854296050684887
35.3935393539354095 -27.3625750669560759
35.4135413541354183 -21.1571978826957761
35.4335433543354270 -32.9289988441987376
35.4535453545354642 -30.7889160984078387
35.4735473547354729 -28.5653828297751460
35.4935493549355101 -35.2193986462911255
35.5135513551355189 -28.3168145333549788
35.5335533553355276 -31.2903104073428402
35.5535553555355648 -16.4237258161487745
35.5735573557355735 -36.7162447824299107
35.5935593559356107 -26.4801415675644911
35.6135613561356195 -26.3141557305133773
35.6335633563356282 -30.0047734757311204
35.6535653565356654 -19.4318438792158972
35.6735673567356741 -27.7400274133315214
35.6935693569357113 -42.6699600454840464
35.7135713571357201 -32.6372653166107014
35.7335733573357288 -14.5961523393057924
35.7535753575357660 -27.9377272557041429
35.7735773577357747 -26.5913604312835048
35.7935793579358119 -31.4533091268640099
35.8135813581358207 -38.1628915093932122
35.8335833583358294 -38.5930559808692664
35.8535853585358666 -26.6460005477997441
35.8735873587358753 -20.9409516303287688
35.8935893589359125 -32.7000178943553479
35.9135913591359213 -22.3456479564707067
35.9335933593359300 -32.0148995472004643
35.9535953595359672 -31.6788922835481443
35.9735973597359759 -29.0643218368594880
35.9935993599360131 -35.6447107205014433
36.0136013601360219 -23.0221034244821325
36.0336033603360306 -21.7218693231957332
36.0536053605360678 -27.5610677972775910
36.0736073607360765 -46.1370013003707271
36.0936093609361137 -24.0776865069284121
36.1136113611361225 -39.8674513554903953
36.1336133613361312 -29.6406963740630793
36.1536153615361684 -23.4262611754734671
36.1736173617361771 -23.0791130124102963
36.1936193619362143 -41.2267239876764435
36.2136213621362231 -34.8488097263857739
36.2336233623362318 -11.3511395644548223
36.2536253625362690 -29.3405307312870818
36.2736273627362777 -34.2861146522732625
36.2936293629362865 -29.1618633287623830
36.3136313631363237 -36.3201596094501795
36.3336333633363324 -40.2474749560122476
36.3536353635363696 -27.8572732550249818
36.3736373637363783 -40.8399540659433455
36.3936393639363871 -27.7244748249967934
36.4136413641364243 -36.4211926795829228
36.4336433643364330 -30.5627785957450158
36.4536453645364702 -27.2911407653127185
36.4736473647364789 -21.0593282290304096
36.4936493649364877 -33.9371469846872884
36.5136513651365249 -27.5043002017553064
36.5336533653365336 -36.7882262413665870
36.5536553655365708 -34.5575553757398382
36.5736573657365795 -25.2481403346472959
36.5936593659365883 -29.1834795298117307
36.6136613661366255 -15.5661628590855337
36.6336633663366342 -30.5258613169614286
36.6536653665366714 -50.3389874325460340
36.6736673667366802 -44.2949609177076340
36.6936693669366889 -26.4782391696494521
36.7136713671367261 -16.7619617822625564
36.7336733673367348 -37.7779626157479314
36.7536753675367720 -30.0960262349847660
36.7736773677367808 -23.9977039012436464
36.7936793679367895 -20.5125197110486042
36.8136813681368267 -36.0381026688164638
36.8336833683368354 -32.9990180039046876
36.8536853685368726 -25.3580078697581044
36.8736873687368814 -24.0881976033360061
36.8936893689368901 -33.6546594818246447
36.9136913691369273 -30.5247541503692155
36.9336933693369360 -37.9543347569996428
36.9536953695369732 -7.4848715478829710
36.9736973697369820 -33.8881710197013533
36.9936993699369907 -23.5761843848509685
37.0137013701370279 -40.7420215153947325
37.0337033703370366 -15.8485848425332669
37.0537053705370738 -31.0499204777470190
37.0737073707370826 -48.5619758192820044
37.0937093709370913 -23.8488331251428463
37.1137113711371285 -33.1648768315356861
37.1337133713371372 -25.2909729876400000
37.1537153715371744 -33.0211853065795182
37.1737173717371832 -28.7339771336176248
37.1937193719371919 -38.4623633287154476
37.2137213721372291 -32.2075397869962217
37.2337233723372378 -29.1532759729863500
37.2537253725372466 -28.2431458601731862
37.2737273727372838 -35.2970618318898275
37.2937293729372925 -34.7445081632812673
37.3137313731373297 -37.3766960309187652
37.3337333733373384 -18.8430087975865099
37.3537353735373472 -34.2993389191774298
37.3737373737373844 -31.0365039747616400
37.3937393739373931 -41.7732536799593390
37.4137413741374303 -37.8046292977463239
37.4337433743374390 -46.3185692055028397
37.4537453745374478 -32.0419563478583385
37.4737473747374850 -33.4699498303250564
37.4937493749374937 -37.0456074852536119
37.5137513751375309 -24.1735834880181670
37.5337533753375396 -47.8444548570348616
37.5537553755375484 -28.7077639896745573
37.5737573757375856 -41.3177915863994230
37.5937593759375943 -52.7172490487861580
37.6137613761376315 -29.2712652841682939
37.6337633763376402 -40.2456527655806724
37.6537653765376490 -29.2665645205761216
37.6737673767376862 -16.5479221227845237
37.6937693769376949 -26.8487305434579540
37.7137713771377321 -29.1166310522976417
37.7337733773377408 -34.4388965165070218
37.7537753775377496 -37.6041431574699700
37.7737773777377868 -23.8813964744345384
37.7937793779377955 -49.0651136925424538
37.8137813781378327 -35.6132539183274517
37.8337833783378414 -24.4177234008334878
37.8537853785378502 -37.7751633399051272
37.8737873787378874 -29.4265994957543811
37.8937893789378961 -31.7436775543648331
37.9137913791379333 -32.0147069184774224
37.9337933793379420 -48.0472835572347066
37.9537953795379508 -31.0015199466413947
37.9737973797379880 -31.4736184892712814
37.9937993799379967 -35.1024225801325684
38.0138013801380339 -40.7845727210367173
38.0338033803380426 -28.4215156601513712
38.0538053805380514 -34.2273552552077831
38.0738073807380886 -34.1333086866787312
38.0938093809380973 -38.4935031662641052
38.1138113811381345 -32.9280052620210526
38.1338133813381432 -33.1108612390709709
38.1538153815381520 -41.9412598847648610
38.1738173817381892 -51.6433583899087196
38.1938193819381979 -39.8480174612332050
38.2138213821382067 -40.6396718150979552
38.2338233823382438 -26.2177500068632732
38.2538253825382526 -29.0732902244170148
38.2738273827382898 -49.1143426036177715
38.2938293829382985 -51.8506265654398533
38.3138313831383073 -42.1618129550170266
38.3338333833383444 -32.1644933964450175
38.3538353835383532 -38.3422488957759100
38.3738373837383904 -37.7547036097175734
38.3938393839383991 -37.4166768464833623
38.4138413841384079 -41.6668999629295342
38.4338433843384450 -40.4181380204667420
38.4538453845384538 -45.2577383843893415
38.4738473847384910 -45.5658083547275652
38.4938493849384997 -45.7943018523402543
38.5138513851385085 -37.3716095659540386
38.5338533853385456 -34.7642891511545429
38.5538553855385544 -36.3798797744964304
38.5738573857385916 -34.0372374882637985
38.5938593859386003 -40.6033911795489360
38.6138613861386091 -43.4519501950707081
38.6338633863386463 -47.9976784931764655
38.6538653865386550 -29.3887162584255002
38.6738673867386922 -47.1324268336586911
38.6938693869387009 -40.3397360973297978
38.7138713871387097 -44.3576091084253932
38.7338733873387469 -40.9031294870075826
38.7538753875387556 -26.6041118127739047
38.7738773877387928 -45.7765316272047471
38.7938793879388015 -45.6690194163745744
38.8138813881388103 -37.6053223345530583
38.8338833883388475 -47.1455450646538168
38.8538853885388562 -36.9350876248608913
38.8738873887388934 -41.7518921154496496
38.8938893889389021 -33.3241066659264931
38.9138913891389109 -39.5970315810787596
38.9338933893389481 -34.2618789719393462
38.9538953895389568 -30.0652884710614323
38.9738973897389940 -42.2081375750693013
38.9938993899390027 -40.4980314439138809
39.0139013901390115 -25.6343521558703742
39.0339033903390487 -13.2035558502877741
39.0539053905390574 -44.8002347781852990
39.0739073907390946 -30.9014370942249421
39.0939093909391033 -49.6586628639306227
39.1139113911391121 -24.0427577200178355
39.1339133913391493 -53.3069017319284129
39.1539153915391580 -35.6726746933397223
39.1739173917391668 -27.8523066293742545
39.1939193919392039 -46.3205606219122146
39.2139213921392127 -36.6352677878171988
39.2339233923392499 -23.4806514650900766
39.2539253925392586 -29.4138785705751857
39.2739273927392674 -38.9697305836113514
39.2939293929393045 -39.4415095057237224
39.3139313931393133 -41.5319526491483515
39.3339333933393505 -44.6509809221226206
39.3539353935393592 -33.3567332957505087
39.3739373937393680 -44.5433054752391371
39.3939393939394051 -42.1140774203420918
39.4139413941394139 -46.9843463883631216
39.4339433943394511 -30.0615570714827314
39.4539453945394598 -37.0168167927627181
39.4739473947394686 -49.0403630338779166
39.4939493949395057 -35.6679168366850661
39.5139513951395145 -42.3998082767068496
39.5339533953395517 -36.2551249961377806
39.5539553955395604 -30.6854924180114210
39.5739573957395692 -30.7635167341949654
39.5939593959396063 -31.9772502377691374
39.6139613961396151 -24.5237310251085852
39.6339633963396523 -44.5272795843223719
39.6539653965396610 -38.1981984170756732
39.6739673967396698 -39.9496731214172982
39.6939693969397069 -22.3856726866977027
39.7139713971397157 -58.0175707602649311
39.7339733973397529 -41.6027221496123758
39.7539753975397616 -37.6528119361096216
39.7739773977397704 -35.1146098690981034
39.7939793979398075 -44.4237218649106254
39.8139813981398163 -41.2857008172295465
39.8339833983398535 -48.6035274900025769
39.8539853985398622 -41.7841929951272490
39.8739873987398710 -48.9044575876362657
39.8939893989399081 -40.7140840418820034
39.9139913991399169 -40.4361441237818440
39.9339933993399541 -18.4651265519189351
39.9539953995399628 -34.7112571536150298
39.9739973997399716 -30.1849262560218818
39.9939993999400087 -35.5899704495658469
40.0140014001400175 -51.9142229818061338
40.0340034003400547 -37.9534078926426091
40.0540054005400634 -47.0452378800604833
40.0740074007400722 -45.9340339785134759
40.0940094009401093 -40.1634216106137814
40.1140114011401181 -40.4385777158634880
40.1340134013401268 -40.3511950250619051
40.1540154015401640 -45.4163560476677688
40.1740174017401728 -21.9003413502348288
40.1940194019402099 -47.1101622166672698
40.2140214021402187 -34.5215337662992283
40.2340234023402274 -44.0350501627141284
40.2540254025402646 -21.6653291642081669
40.2740274027402734 -23.2312254975303425
40.2940294029403105 -45.2142394745019160
40.3140314031403193 -59.5447596413664542
40.3340334033403281 -39.1363366308314298
40.3540354035403652 -51.3347900405737576
40.3740374037403740 -40.2688964019138425
40.3940394039404111 -34.7274355695222781
40.4140414041404199 -46.4318385634367843
40.4340434043404287 -36.8813151151190439
40.4540454045404658 -54.1062721928276602
40.4740474047404746 -47.5590586625192913
40.4940494049405117 -37.5934023215431026
40.5140514051405205 -44.1234858082429469
40.5340534053405293 -35.9000749677024444
40.5540554055405664 -27.6373556540438052
40.5740574057405752 -47.6255946016399747
40.5940594059406124 -42.0197306428215214
40.6140614061406211 -46.3110319566013331
40.6340634063406299 -35.8380858763313697
40.6540654065406670 -35.5110991668167628
40.6740674067406758 -44.2797775403556528
40.6940694069407130 -26.7224807846163976
40.7140714071407217 -57.1936514697676230
40.7340734073407305 -59.0870079283740139
40.7540754075407676 -27.0106768737659664
40.7740774077407764 -35.7961336227225217
40.7940794079408136 -41.1725372261206530
40.8140814081408223 -44.6039930209024220
40.8340834083408311 -25.1127157969382395
40.8540854085408682 -62.4618473871209829
40.8740874087408770 -41.9488281120762991
40.8940894089409142 -37.8407674136535519
40.9140914091409229 -31.3995932817149601
40.9340934093409317 -40.4390451911818118
40.9540954095409688 -31.8834090933878294
40.9740974097409776 -48.0107949867229351
40.9940994099410148 -38.2015217089737789
41.0141014101410235 -39.6091462748030736
41.0341034103410323 -46.9239311255902862
41.0541054105410694 -52.1664542642856901
41.0741074107410782 -42.4437398354479427
41.0941094109410869 -42.0025024575785437
41.1141114111411241 -45.9705337280856838
41.1341134113411329 -50.9037244142022587
41.1541154115411700 -52.5325949591184482
41.1741174117411788 -27.1558449988062378
41.1941194119411875 -39.8070732943683652
41.2141214121412247 -44.6168361393841550
41.2341234123412335 -43.9798861511175474
41.2541254125412706 -53.5466996689513763
41.2741274127412794 -52.1442910637096304
41.2941294129412881 -44.3547853864074924
41.3141314131413253 -41.7161449700396147
41.3341334133413341 -37.4017649834791541
41.3541354135413712 -53.8129013929037114
41.3741374137413800 -45.5941187938442809
41.3941394139413887 -39.7652811007418947
41.4141414141414259 -61.7039677774833564
41.4341434143414347 -45.9718139250506184
41.4541454145414718 -41.9394419433030663
41.4741474147414806 -45.0585765313925179
41.4941494149414893 -54.8958241418458357
41.5141514151415265 -42.0424501094737550
41.5341534153415353 -45.6963993935217516
41.5541554155415724 -39.2889152980464544
41.5741574157415812 -39.4769820485261818
41.5941594159415899 -42.3119053372837968
41.6141614161416271 -45.7602365481252065
41.6341634163416359 -66.4507573519848336
41.6541654165416730 -40.3271435285932185
41.6741674167416818 -45.7349880719397035
41.6941694169416905 -31.6819755455664023
41.7141714171417277 -30.7774617587872257
41.7341734173417365 -56.3382203123012246
41.7541754175417736 -30.0943396124940286
41.7741774177417824 -36.6481555894509796
41.7941794179417911 -53.4266146556911963
41.8141814181418283 -55.2602320710232178
41.8341834183418371 -54.2072700434684620
41.8541854185418742 -41.9466070830452935
41.8741874187418830 -54.2324138386486112
41.8941894189418917 -52.1836335412270387
41.9141914191419289 -49.9536340926956157
41.9341934193419377 -44.1459648644814635
41.9541954195419748 -38.6467491486460588
41.9741974197419836 -42.9374903424341312
41.9941994199419923 -52.2730725347140250
42.0142014201420295 -43.3608318218864355
42.0342034203420383 -45.8067576447152547
42.0542054205420470 -49.8009278984600741
42.0742074207420842 -42.8922185873036170
42.0942094209420929 -35.5994693810743570
42.1142114211421301 -51.3071049574531131
42.1342134213421389 -44.7341310430664194
42.1542154215421476 -43.9534390684254959
42.1742174217421848 -50.1565924887710466
42.1942194219421935 -52.2905279297845169
42.2142214221422307 -57.3628947520209778
42.2342234223422395 -30.5002077599640842
42.2542254225422482 -50.5977370268111812
42.2742274227422854 -50.7447925467527128
42.2942294229422941 -37.6447768693115563
42.3142314231423313 -42.6426239356585484
42.3342334233423401 -47.5366617203208364
42.3542354235423488 -43.4694364783939307
42.3742374237423860 -60.4099836111349759
42.3942394239423948 -47.3735515149712612
42.4142414241424319 -55.5036703432698957
42.4342434243424407 -50.1515632670275693
42.4542454245424494 -37.5526998695455774
42.4742474247424866 -32.7838302786437765
42.4942494249424954 -36.9303586004945146
42.5142514251425325 -40.8899731090354095
42.5342534253425413 -41.9193037041654506
42.5542554255425500 -47.4351254857954530
42.5742574257425872 -50.5481433291809594
42.5942594259425960 -38.8681336733114549
42.6142614261426331 -46.5283372020171768
42.6342634263426419 -44.3347162253946436
42.6542654265426506 -56.7930739890750758
42.6742674267426878 -50.9704437331988487
42.6942694269426966 -49.7132196349176638
42.7142714271427337 -33.5103520848393686
42.7342734273427425 -58.5138851476027781
42.7542754275427512 -47.1067210913745598
42.7742774277427884 -53.9212941739855296
42.7942794279427972 -52.8569771177074088
42.8142814281428343 -58.3309257128526042
42.8342834283428431 -44.9324174840210659
42.8542854285428518 -53.7986087341497097
42.8742874287428890 -56.3746161803703814
42.8942894289428978 -60.3106724349396188
42.9142914291429349 -49.6771428287752315
42.9342934293429437 -36.9413161870032951
42.9542954295429524 -51.6654271794152393
42.9742974297429896 -57.1112419608450708
42.9942994299429984 -47.3635137176840573
43.0143014301430071 -48.7703822874659636
43.0343034303430443 -50.5996111045145440
43.0543054305430530 -48.6742303744697224
43.0743074307430902 -45.8319687476243942
43.0943094309430990 -55.4036757870079839
43.1143114311431077 -42.0451419133880933
43.1343134313431449 -51.4364441092386855
43.1543154315431536 -34.5885551599940868
43.1743174317431908 -56.5546222617627947
43.1943194319431996 -51.1737311032460198
43.2143214321432083 -45.4253042887182588
43.2343234323432455 -51.5831740842213762
43.2543254325432542 -42.7790317376459299
43.2743274327432914 -33.9439590853991788
43.2943294329433002 -51.1503679798905537
43.3143314331433089 -53.1981226520246864
43.3343334333433461 -58.9303159646286616
43.3543354335433548 -50.7904400421766837
43.3743374337433920 -56.8772493842418001
43.3943394339434008 -52.7739501862713212
43.4143414341434095 -53.3771794626091349
43.4343434343434467 -51.8597675701473264
43.4543454345434554 -53.1122557930622747
43.4743474347434926 -57.6905066010001093
43.4943494349435014 -60.9436685099904025
43.5143514351435101 -55.3601973313179343
43.5343534353435473 -56.2698513093830499
43.5543554355435560 -46.1309900380827287
43.5743574357435932 -51.0926523153216934
43.5943594359436020 -52.0243425991749646
43.6143614361436107 -67.0869235239701425
43.6343634363436479 -52.9361397621546956
43.6543654365436566 -43.3138380171181154
43.6743674367436938 -53.0433760674193238
43.6943694369437026 -53.8901067909229781
43.7143714371437113 -45.8317912887404191
43.7343734373437485 -49.4262595149838688
43.7543754375437572 -46.7242593916278821
43.7743774377437944 -66.5927929225583171
43.7943794379438032 -39.4895920698740994
43.8143814381438119 -54.6662024404695828
43.8343834383438491 -44.2732674939971460
43.8543854385438578 -37.9526344339902479
43.8743874387438950 -49.7880324258031237
43.8943894389439038 -42.8226660629605576
43.9143914391439125 -59.6198701090657650
43.9343934393439497 -53.7929626698859877
43.9543954395439584 -51.6891210475790999
43.9743974397439956 -49.1305937585772554
43.9943994399440044 -56.1335202166960912
44.0144014401440131 -57.1635956275033195
44.0344034403440503 -43.6191567791726627
44.0544054405440590 -56.2105536164523087
44.0744074407440678 -59.9421389890011085
44.0944094409441050 -58.4954916243818346
44.1144114411441137 -63.5890158804461549
44.1344134413441509 -41.2889231789230209
44.1544154415441596 -37.9914633801300141
44.1744174417441684 -62.0485848641184745
44.1944194419442056 -59.7596734547645170
44.2144214421442143 -62.0691780688041561
44.2344234423442515 -41.6836653315712979
44.2544254425442602 -56.5968003038369147
44.2744274427442690 -47.6836322390823639
44.2944294429443062 -57.8697623309669780
44.3144314431443149 -45.0794111733577267
44.3344334433443521 -59.5874135880190039
44.3544354435443609 -65.2347055928810562
44.3744374437443696 -59.5628256539578587
44.3944394439444068 -38.5510394747299046
44.4144414441444155 -55.1695010408982967
44.4344434443444527 -80.8916033340874776
44.4544454445444615 -41.7200026210965120
44.4744474447444702 -60.1169103500427511
44.4944494449445074 -66.1380974980621232
44.5144514451445161 -61.2309909520480957
44.5344534453445533 -52.4635426417973108
44.5544554455445621 -58.0174467522164008
44.5744574457445708 -66.5367062267306721
44.5944594459446080 -35.1865981131376842
44.6144614461446167 -36.7868267485871314
44.6344634463446539 -55.6784128418058799
44.6544654465446627 -52.5545138015556503
44.6744674467446714 -53.7053436488644564
44.6944694469447086 -52.2292227160405034
44.7144714471447173 -48.4851255547570119
44.7344734473447545 -60.7682695211579542
44.7544754475447633 -44.7059571105730171
44.7744774477447720 -55.2474418851358848
44.7944794479448092 -54.4167792836447006
44.8144814481448179 -52.5588454051659113
44.8344834483448551 -40.3163254497421022
44.8544854485448639 -45.6731944447239329
44.8744874487448726 -38.4298815640324278
44.8944894489449098 -54.8516098760434545
44.9144914491449185 -50.2271415798603016
44.9344934493449557 -48.6447701104281478
44.9544954495449645 -46.7935708418057175
44.9744974497449732 -53.3492001448530502
44.9944994499450104 -64.0051183049080237
45.0145014501450191 -50.5962586129583727
45.0345034503450279 -67.8769149997279158
45.0545054505450651 -58.4698473116966824
45.0745074507450738 -69.5748827520405513
45.0945094509451110 -50.3674591954851323
45.1145114511451197 -48.7778537933376697
45.1345134513451285 -44.2011695388187889
45.1545154515451657 -59.8369550296383892
45.1745174517451744 -56.8996357875023193
45.1945194519452116 -47.8847880718448238
45.2145214521452203 -59.7216834577733877
45.2345234523452291 -61.1037483229112866
45.2545254525452663 -63.7282482521546783
45.2745274527452750 -58.3900934020759905
45.2945294529453122 -43.2384019753133231
45.3145314531453209 -61.8199244475177707
45.3345334533453297 -50.9480064963083805
45.3545354535453669 -63.8991974938827454
45.3745374537453756 -67.4120427752071407
45.3945394539454128 -52.2245874311829752
45.4145414541454215 -51.1010162673654662
45.4345434543454303 -51.4319699923063212
45.4545454545454675 -56.6629138942128066
45.4745474547454762 -58.3327838591065486
45.4945494549455134 -48.4814553538681494
45.5145514551455221 -70.8950931255644292
45.5345534553455309 -65.7568239488925030
45.5545554555455681 -53.9410638704797947
45.5745574557455768 -63.5516791443046500
45.5945594559456140 -53.1312267991476332
45.6145614561456227 -61.3164145941697427
45.6345634563456315 -61.2085496260438404
45.6545654565456687 -68.3178714496826984
45.6745674567456774 -52.1332402134452906
45.6945694569457146 -43.3688929805292460
45.7145714571457233 -48.5662440944814051
45.7345734573457321 -47.7532759955032446
45.7545754575457693 -43.4763176953236368
45.7745774577457780 -61.3389439814832116
45.7945794579458152 -62.1480281694240304
45.8145814581458239 -66.9892516257722122
45.8345834583458327 -61.1225361293342928
45.8545854585458699 -48.4719017276248110
45.8745874587458786 -32.4708085891534850
45.8945894589459158 -63.3543446699879453
45.9145914591459245 -46.7365088154052088
45.9345934593459333 -55.1248858472028616
45.9545954595459705 -44.9424831830161722
45.9745974597459792 -57.0776635358414381
45.9945994599459880 -59.2285256477316651
46.0146014601460251 -48.8066323024296409
46.0346034603460339 -52.7261503117387562
46.0546054605460711 -61.1383340363796037
46.0746074607460798 -61.4283433896052529
46.0946094609460886 -69.9657856084177325
46.1146114611461257 -64.5669337125547713
46.1346134613461345 -64.6156927438715627
46.1546154615461717 -68.1124736513745006
46.1746174617461804 -65.2043165010487371
46.1946194619461892 -72.9885890646966260
46.2146214621462263 -48.2117808517093422
46.2346234623462351 -60.5978934734860673
46.2546254625462723 -56.4774295657734271
46.2746274627462810 -58.4445098585334364
46.2946294629462898 -66.9258479992076190
46.3146314631463270 -63.1936323343395685
46.3346334633463357 -58.7269992493517776
46.3546354635463729 -71.1426732714994614
46.3746374637463816 -51.0682904739598982
46.3946394639463904 -54.8227244763997561
46.4146414641464276 -67.5902827967668571
46.4346434643464363 -54.8030982230704637
46.4546454645464735 -53.1132544800753124
46.4746474647464822 -72.3672647059429011
46.4946494649464910 -51.8194160561850907
46.5146514651465282 -50.6032496272784869
46.5346534653465369 -55.6197371126832252
46.5546554655465741 -55.3682572231392385
46.5746574657465828 -49.6960804934015030
46.5946594659465916 -55.3324069919670549
46.6146614661466288 -48.9274687432445461
46.6346634663466375 -43.5265055874483693
46.6546654665466747 -77.0903584321076210
46.6746674667466834 -52.9536833039837802
46.6946694669466922 -67.6967592890398464
46.7146714671467294 -44.4620147220762902
46.7346734673467381 -49.2267479651084301
46.7546754675467753 -61.3754109757445718
46.7746774677467840 -82.8232464327853819
46.7946794679467928 -72.2892294655644037
46.8146814681468300 -54.0443730995032752
46.8346834683468387 -35.1407544654199029
46.8546854685468759 -69.1386788263710343
46.8746874687468846 -57.3618747708767813
46.8946894689468934 -48.0089165081780322
46.9146914691469306 -49.9555773722452443
46.9346934693469393 -60.5397438080342383
46.9546954695469481 -61.2182225140723446
46.9746974697469852 -63.6221476568894531
46.9946994699469940 -40.0954795717591850
47.0147014701470312 -58.3317017282240471
47.0347034703470399 -62.1196777911544089
47.0547054705470487 -61.4669776012111697
47.0747074707470858 -69.7685217645639568
47.0947094709470946 -52.5458072707138442
47.1147114711471318 -68.9851331947078563
47.1347134713471405 -62.7975784598112838
47.1547154715471493 -61.4049318232971331
47.1747174717471864 -53.8426654685161878
47.1947194719471952 -62.7845718579935479
47.2147214721472324 -55.9391938307406278
47.2347234723472411 -55.3014289777043402
47.2547254725472499 -71.4480271014653283
47.2747274727472870 -69.3149741006380680
47.2947294729472958 -65.9492805489399672
47.3147314731473330 -56.0045408685892596
47.3347334733473417 -65.2602521357392504
47.3547354735473505 -61.5609983839556705
47.3747374737473876 -76.4781466469589901
47.3947394739473964 -53.5697661266490357
47.4147414741474336 -51.6149490592643758
47.4347434743474423 -54.1997067625975077
47.4547454745474511 -53.3871129316569935
47.4747474747474882 -46.7701938002748676
47.4947494749474970 -57.9711228723837948
47.5147514751475342 -67.8443084293424334
47.5347534753475429 -70.7597545159838575
47.5547554755475517 -61.5093118155520102
47.5747574757475888 -42.3724782256628529
47.5947594759475976 -55.8496242620474987
47.6147614761476348 -69.9770742931277567
47.6347634763476435 -71.1649013549562568
47.6547654765476523 -76.3191126241338367
47.6747674767476894 -52.1001927238242999
47.6947694769476982 -55.3028285798976142
47.7147714771477354 -66.3332383359551017
47.7347734773477441 -49.0541964636222332
47.7547754775477529 -56.4566570424101357
47.7747774777477900 -63.0532755572813173
47.7947794779477988 -67.3726087263595872
47.8147814781478360 -62.7454477394072185
47.8347834783478447 -52.6509122050430847
47.8547854785478535 -60.2802189137406685
47.8747874787478906 -48.9447630717477580
47.8947894789478994 -71.3293493751561130
47.9147914791479081 -70.3239080603171089
47.9347934793479453 -46.1289223723768558
47.9547954795479541 -52.2522940892968677
47.9747974797479912 -67.1213152113431875
47.9947994799480000 -78.3842648531867212
48.0148014801480087 -54.0939374911063311
48.0348034803480459 -64.2834570928853708
48.0548054805480547 -60.1032262665960459
48.0748074807480918 -55.7892316378472373
48.0948094809481006 -66.1582304380294914
48.1148114811481094 -73.6186054175736047
48.1348134813481465 -57.1957968706201072
48.1548154815481553 -73.4479584638205836
48.1748174817481924 -75.1907830340628749
48.1948194819482012 -54.5097086780046141
48.2148214821482100 -63.7166527628637738
48.2348234823482471 -66.8160027197475586
48.2548254825482559 -75.2466807233061843
48.2748274827482931 -53.1603094670676057
48.2948294829483018 -66.6096081084058085
48.3148314831483106 -78.8754551394729759
48.3348334833483477 -66.8230583362741726
48.3548354835483565 -78.7388618670041041
48.3748374837483937 -67.6553725232331686
48.3948394839484024 -66.5888546867066964
48.4148414841484112 -62.5965950547117345
48.4348434843484483 -40.2365531037161048
48.4548454845484571 -68.0080960139998467
48.4748474847484943 -50.9368577497825754
48.4948494849485030 -69.3929686266427694
48.5148514851485118 -62.5474474725171206
48.5348534853485489 -39.9516419389424868
48.5548554855485577 -62.0676590895598252
48.5748574857485949 -67.6782402126331277
48.5948594859486036 -76.0546678684801662
48.6148614861486124 -64.9190044800224371
48.6348634863486495 -63.0090253792319217
48.6548654865486583 -70.2694910687099537
48.6748674867486955 -67.0073329065276369
48.6948694869487042 -65.2648070445167718
48.7148714871487130 -68.7209102572239203
48.7348734873487501 -76.3510774598232729
48.7548754875487589 -60.1703716351057452
48.7748774877487961 -61.1300049650474833
48.7948794879488048 -69.1798573974352422
48.8148814881488136 -68.2031400917843911
48.8348834883488507 -51.4037253895200337
48.8548854885488595 -63.7363180742706845
48.8748874887488682 -62.8049885459250987
48.8948894889489054 -73.5891801103588108
48.9148914891489142 -65.4428215310074961
48.9348934893489513 -64.8473262580861984
48.9548954895489601 -75.0975094788813351
48.9748974897489688 -65.4060676152118248
48.9948994899490060 -51.5288810880249528
49.0149014901490148 -62.0752799620240268
49.0349034903490519 -75.5723050754552190
49.0549054905490607 -64.0547387989049639
49.0749074907490694 -58.0689970369428607
49.0949094909491066 -70.3686786902068349
49.1149114911491154 -52.9648405773009330
49.1349134913491525 -51.2448411562668085
49.1549154915491613 -69.7449129738281783
49.1749174917491700 -56.8107392385703349
49.1949194919492072 -70.1591896438569194
49.2149214921492160 -44.7771126524991558
49.2349234923492531 -49.9582268667943907
49.2549254925492619 -65.0165174769063157
49.2749274927492706 -83.9582960924441863
49.2949294929493078 -70.1302758180178500
49.3149314931493166 -58.9406576297766662
49.3349334933493537 -83.8868155885309790
49.3549354935493625 -59.3295836065410569
49.3749374937493712 -56.3341330815975141
49.3949394939494084 -65.1553471449707615
49.4149414941494172 -67.2456541950848248
49.4349434943494543 -61.4209179376040240
49.4549454945494631 -69.2609067550322095
49.4749474947494718 -75.4177023409343548
49.4949494949495090 -63.1889226534110406
49.5149514951495178 -58.9083630525205564
49.5349534953495549 -55.9933639129099774
49.5549554955495637 -56.3159368460462346
49.5749574957495724 -57.0965242602269072
49.5949594959496096 -54.8368190679402403
49.6149614961496184 -72.9579150025275283
49.6349634963496555 -60.2088885527579194
49.6549654965496643 -79.8221765034459452
49.6749674967496730 -65.7869760071529726
49.6949694969497102 -75.8043126329602046
49.7149714971497190 -59.1475524577168130
49.7349734973497561 -70.5522180539160644
49.7549754975497649 -76.5769878746790056
49.7749774977497736 -63.7193732116946023
49.7949794979498108 -57.0354192552951318
49.8149814981498196 -64.3835770862211518
49.8349834983498283 -66.5112254329579997
49.8549854985498655 -67.4414962693687414
49.8749874987498742 -66.4185039300024869
49.8949894989499114 -60.3521228442837270
49.9149914991499202 -58.1866904852115354
49.9349934993499289 -68.7259570986714436
49.9549954995499661 -63.2577120476199539
49.9749974997499748 -67.6952343521898996
49.9949994999500120 -54.6513743525633160
50.0150015001500208 -57.4107252785376190
50.0350035003500295 -68.6299316063890785
50.0550055005500667 -63.5627524410192848
50.0750075007500755 -73.0634919009354462
50.0950095009501126 -56.7684646752514936
50.1150115011501214 -69.1210083108305611
50.1350135013501301 -68.6955536256932788
50.1550155015501673 -71.0256389976607494
50.1750175017501761 -55.2275193471962496
50.1950195019502132 -70.1396985691511929
50.2150215021502220 -76.4800539791906715
50.2350235023502307 -64.3459231152543225
50.2550255025502679 -62.3215784870706742
50.2750275027502767 -76.2366138092436643
50.2950295029503138 -55.0627517799380684
50.3150315031503226 -63.8303610061013771
50.3350335033503313 -55.8605672738659180
50.3550355035503685 -63.2900186598820298
50.3750375037503773 -74.7719727353830592
50.3950395039504144 -67.7361870017246304
50.4150415041504232 -57.2668611061765205
50.4350435043504319 -71.6105169394233485
50.4550455045504691 -70.0937913228095795
50.4750475047504779 -70.2894301640556876
50.4950495049505150 -74.0299043145116116
50.5150515051505238 -67.1516643319102542
50.5350535053505325 -72.1299294273794516
50.5550555055505697 -56.3479313992312427
50.5750575057505785 -77.5454184088200122
50.5950595059506156 -62.1900404909938231
50.6150615061506244 -73.7615603216280249
50.6350635063506331 -61.9258620790412522
50.6550655065506703 -73.8042904247447069
50.6750675067506791 -68.6547226800958299
50.6950695069507162 -71.2506930150413922
50.7150715071507250 -59.1058297096756249
50.7350735073507337 -58.1030018185850281
50.7550755075507709 -53.0944333793085690
50.7750775077507797 -69.9165893624073078
50.7950795079507884 -55.0154976162984894
50.8150815081508256 -69.8109066825901152
50.8350835083508343 -71.6313669291792081
50.8550855085508715 -72.3106965703500038
50.8750875087508803 -67.2528855988434771
50.8950895089508890 -66.3099746351632149
50.9150915091509262 -79.3880981303943685
50.9350935093509349 -69.1391947800004658
50.9550955095509721 -63.6298624908139843
50.9750975097509809 -65.8358904946095009
50.9950995099509896 -61.8111054510440709
51.0151015101510268 -87.4583714773775256
51.0351035103510355 -59.3781294873954835
51.0551055105510727 -56.5688407941546458
51.0751075107510815 -78.3158713674864941
51.0951095109510902 -63.4021482334139890
51.1151115111511274 -63.0711159173712304
51.1351135113511361 -61.7160541364089994
51.1551155115511733 -64.3110660104831453
51.1751175117511821 -73.6994095737245374
51.1951195119511908 -62.6168749178636403
51.2151215121512280 -79.9863195063985728
51.2351235123512367 -76.6387452539670733
51.2551255125512739 -63.3711961839675624
51.2751275127512827 -70.8864706132402347
51.2951295129512914 -72.2461087490522402
51.3151315131513286 -76.2251052062240291
51.3351335133513373 -82.4845688081251183
51.3551355135513745 -76.7125364843843300
51.3751375137513833 -79.6302916037576978
51.3951395139513920 -59.6618583655057293
51.4151415141514292 -71.9524550618383500
51.4351435143514379 -74.7307583240240945
51.4551455145514751 -54.3259728035734071
51.4751475147514839 -63.4421716780614418
51.4951495149514926 -72.1821323451299861
51.5151515151515298 -80.9588429038207948
51.5351535153515385 -77.1518084236023043
51.5551555155515757 -59.7188041556398446
51.5751575157515845 -61.3070717765213899
51.5951595159515932 -74.8637939069329121
51.6151615161516304 -73.4408371326536979
51.6351635163516391 -70.3732035980810622
51.6551655165516763 -72.6407398490689502
51.6751675167516851 -72.8619696523863780
51.6951695169516938 -54.5523294258738147
51.7151715171517310 -78.2524300978183618
51.7351735173517397 -68.2975417043144972
51.7551755175517485 -56.7726332030043110
51.7751775177517857 -74.0347229203563302
51.7951795179517944 -81.6871769696293768
51.8151815181518316 -54.1869611701664624
51.8351835183518403 -70.7906850580240530
51.8551855185518491 -60.5314031879314243
51.8751875187518863 -69.5035933202001388
51.8951895189518950 -75.4598601616947207
51.9151915191519322 -65.1385343737970146
51.9351935193519409 -77.0552928610879491
51.9551955195519497 -74.4841023958596367
51.9751975197519869 -66.0045884598910959
51.9951995199519956 -53.8512943632156293
52.0152015201520328 -81.3972727816548627
52.0352035203520416 -68.4276114527047525
52.0552055205520503 -73.7455025684788552
52.0752075207520875 -78.5165800913387244
52.0952095209520962 -69.0346607334076197
52.1152115211521334 -63.8863136597506767
52.1352135213521422 -67.6921205872463929
52.1552155215521509 -75.3341559254565141
52.1752175217521881 -71.3958659655379790
52.1952195219521968 -52.3586135909371109
52.2152215221522340 -81.7872958073796354
52.2352235223522428 -79.6209854864037538
52.2552255225522515 -53.8877587922808630
52.2752275227522887 -65.5982925685978699
52.2952295229522974 -74.2090984929446762
52.3152315231523346 -70.1463916656319668
52.3352335233523434 -66.2354152770802642
52.3552355235523521 -68.8083986531562886
52.3752375237523893 -85.4869270451189323
52.3952395239523980 -67.3722087826095901
52.4152415241524352 -83.5301886690341604
52.4352435243524440 -91.6465303920681720
52.4552455245524527 -83.9200306626534598
52.4752475247524899 -60.6387130585584941
52.4952495249524986 -83.5080698093732963
52.5152515251525358 -64.9752027596371278
52.5352535253525446 -58.0027554278557318
52.5552555255525533 -72.3346998872547289
52.5752575257525905 -78.3794255334119327
52.5952595259525992 -56.2445692488482720
52.6152615261526364 -83.8881422498777880
52.6352635263526452 -59.8839815375364140
52.6552655265526539 -64.6856050017744479
52.6752675267526911 -85.4424314344043268
52.6952695269526998 -81.2765282376385869
52.7152715271527086 -77.3761858489020824
52.7352735273527458 -73.8819174230779225
52.7552755275527545 -54.5925766992867096
52.7752775277527917 -70.9355062864554355
52.7952795279528004 -71.5510679002149601
52.8152815281528092 -68.9307280182571276
52.8352835283528464 -70.1174422322998936
52.8552855285528551 -75.3639153155768042
52.8752875287528923 -60.4827328800996895
52.8952895289529010 -86.1082646875724151
52.9152915291529098 -58.8890130457186700
52.9352935293529470 -89.6211262957695709
52.9552955295529557 -69.1211274061315919
52.9752975297529929 -61.6922978569839131
52.9952995299530016 -62.1235926983447158
53.0153015301530104 -66.0126476002385232
53.0353035303530476 -70.0650987045700617
53.0553055305530563 -73.0594609720751720
53.0753075307530935 -69.7399401943512061
53.0953095309531022 -77.4885947248205298
53.1153115311531110 -75.5032984744349704
53.1353135313531482 -76.4534358759202775
53.1553155315531569 -75.3552425976608760
53.1753175317531941 -66.5796089032001817
53.1953195319532028 -80.4057136565748323
53.2153215321532116 -83.4749963324532729
53.2353235323532488 -79.1009488099219737
53.2553255325532575 -81.9106155640178883
53.2753275327532947 -69.8617900332852315
53.2953295329533034 -67.3555632306759549
53.3153315331533122 -64.4461876832265972
53.3353335333533494 -68.1028130669898104
53.3553355335533581 -60.6438569548109641
53.3753375337533953 -75.3699975217680276
53.3953395339534040 -74.3062052758461959
53.4153415341534128 -64.8169517617656510
53.4353435343534500 -59.2092996714929711
53.4553455345534587 -68.0599094528469379
53.4753475347534959 -69.2803714838273095
53.4953495349535046 -65.6908484800975714
53.5153515351535134 -71.5264717041980447
53.5353535353535506 -66.7521599214965562
53.5553555355535593 -80.1187437646346154
53.5753575357535965 -72.7283868204755208
53.5953595359536052 -75.6093661882085115
53.6153615361536140 -63.4258631529589962
53.6353635363536512 -71.8026630457591324
53.6553655365536599 -64.2981640766498828
53.6753675367536971 -74.5534211232596675
53.6953695369537058 -81.2552044831088836
53.7153715371537146 -63.5552600448144105
53.7353735373537518 -80.5840251574869768
53.7553755375537605 -64.0680634526432158
53.7753775377537693 -72.3105933274072470
53.7953795379538064 -81.1116316311979517
53.8153815381538152 -60.7186419841368377
53.8353835383538524 -69.7803336869771016
53.8553855385538611 -66.5424393865886685
53.8753875387538699 -74.1890157635086780
53.8953895389539070 -66.0628814391244106
53.9153915391539158 -89.5809180722103520
53.9353935393539530 -72.2583522491526224
53.9553955395539617 -75.7802656449296421
53.9753975397539705 -63.3927622757387468
53.9953995399540077 -62.0719344389713115
54.0154015401540164 -78.9199443452638718
54.0354035403540536 -70.3838609162104376
54.0554055405540623 -75.1254431393709723
54.0754075407540711 -98.3489320731977870
54.0954095409541083 -64.0982009286500869
54.1154115411541170 -79.0539036654620588
54.1354135413541542 -85.8258054546791129
54.1554155415541629 -68.3910243138060423
54.1754175417541717 -79.0855852337570013
54.1954195419542089 -74.7338683424682557
54.2154215421542176 -60.7279513361950762
54.2354235423542548 -75.9057414761047795
54.2554255425542635 -67.4354231540788192
54.2754275427542723 -69.8707047320042420
54.2954295429543095 -71.0466838854498803
54.3154315431543182 -72.4054718217857953
54.3354335433543554 -57.2405369382879599
54.3554355435543641 -69.0828910809713364
54.3754375437543729 -83.3515897383780384
54.3954395439544101 -56.7263028468052966
54.4154415441544188 -82.1711117717819661
54.4354435443544560 -80.5961346836346593
54.4554455445544647 -74.7181196077477665
54.4754475447544735 -64.9007833158234035
54.4954495449545107 -75.5007755126636226
54.5154515451545194 -77.2361317037204316
54.5354535453545566 -72.4249951026285146
54.5554555455545653 -73.7073581095032466
54.5754575457545741 -68.8997054669704596
54.5954595459546113 -79.4380801207503424
54.6154615461546200 -71.0445202622690744
54.6354635463546572 -70.6354188067926856
54.6554655465546659 -83.2599968414649254
54.6754675467546747 -69.1470601469436588
54.6954695469547119 -79.4951295669055753
54.7154715471547206 -78.3782585099623077
54.7354735473547294 -70.1920743863672385
54.7554755475547665 -78.4137203913050058
54.7754775477547753 -82.7718106101113165
54.7954795479548125 -85.3558395174485582
54.8154815481548212 -80.8930744364586332
54.8354835483548300 -66.2765647218427887
54.8554855485548671 -65.5930250960126102
54.8754875487548759 -62.5203154283171187
54.8954895489549131 -87.2773797261290412
54.9154915491549218 -78.2002862914602019
54.9354935493549306 -74.0320341243973274
54.9554955495549677 -72.4730729900259263
54.9754975497549765 -69.3235943095330640
54.9954995499550137 -83.9763069709479737
55.0155015501550224 -78.4600312926557564
55.0355035503550312 -78.7113029081534847
55.0555055505550683 -84.6006797927020955
55.0755075507550771 -71.4902698192375965
55.0955095509551143 -61.3469714432393047
55.1155115511551230 -67.2606611986306717
55.1355135513551318 -81.0483248499803466
55.1555155515551689 -74.0009732241778977
55.1755175517551777 -65.2315362302794881
55.1955195519552149 -61.9304480760766367
55.2155215521552236 -67.1212514780995519
55.2355235523552324 -75.0078895268218844
55.2555255525552695 -78.3462887980678317
55.2755275527552783 -76.4633852485734025
55.2955295529553155 -75.6624813844881032
55.3155315531553242 -74.9934021225766259
55.3355335533553330 -70.0148773884555311
55.3555355535553701 -71.7726050649496585
55.3755375537553789 -63.2022042667591322
55.3955395539554161 -74.4612475334766941
55.4155415541554248 -71.4881675052586445
55.4355435543554336 -70.7833461590555402
55.4555455545554707 -85.0209204006952461
55.4755475547554795 -73.3583802322628884
55.4955495549555167 -82.2340554251961606
55.5155515551555254 -70.5715060468361060
55.5355535553555342 -66.6243145404261554
55.5555555555555713 -77.9775365925300576
55.5755575557555801 -72.7546004191188302
55.5955595559556173 -88.3786829492570689
55.6155615561556260 -87.3456485668435079
55.6355635563556348 -58.4500097416022442
55.6555655565556719 -69.8249931637768668
55.6755675567556807 -62.4782410500677514
55.6955695569556894 -63.2419478132981538
55.7155715571557266 -74.7322874715279823
55.7355735573557354 -69.7743397343928109
55.7555755575557725 -72.7508744237758123
55.7755775577557813 -63.4854648889464954
55.7955795579557901 -78.9785876327859029
55.8155815581558272 -70.2059761884292044
55.8355835583558360 -70.4906512206075604
55.8555855585558731 -72.5351205162601360
55.8755875587558819 -69.6497695979685290
55.8955895589558907 -87.0156819965954895
55.9155915591559278 -64.5365161091151833
55.9355935593559366 -74.2108413258675199
55.9555955595559738 -66.4729415234502170
55.9755975597559825 -83.9905699076093413
55.9955995599559913 -70.9969032449485695
56.0156015601560284 -70.6674223309895666
56.0356035603560372 -90.7083379452021887
56.0556055605560744 -65.6901850448332425
56.0756075607560831 -73.2511685871873368
56.0956095609560919 -78.0775197595395838
56.1156115611561290 -72.0649403126408572
56.1356135613561378 -69.4900798743076678
56.1556155615561750 -69.9897594878728881
56.1756175617561837 -74.2770564490841423
56.1956195619561925 -76.7193944297882240
56.2156215621562296 -90.1598374356057519
56.2356235623562384 -78.8147177250389319
56.2556255625562756 -100.2554653020545885
56.2756275627562843 -78.2004031460281652
56.2956295629562931 -81.0477052427451667
56.3156315631563302 -81.4255489787426967
56.3356335633563390 -73.4992927069116746
56.3556355635563762 -67.9491008788794204
56.3756375637563849 -85.0358223702319265
56.3956395639563937 -83.6580116017416202
56.4156415641564308 -77.1780908328616704
56.4356435643564396 -79.3040672214558242
56.4556455645564768 -72.1178589251432811
56.4756475647564855 -85.7272806746269538
56.4956495649564943 -83.1143442333763574
56.5156515651565314 -77.4031731713978104
56.5356535653565402 -77.9062450030066884
56.5556555655565774 -80.5517902310481446
56.5756575657565861 -72.0883640016536873
56.5956595659565949 -80.4753905970577676
56.6156615661566320 -66.0637056944783154
56.6356635663566408 -67.4518203973790236
56.6556655665566495 -66.0154432372711284
56.6756675667566867 -90.9194065096185966
56.6956695669566955 -77.0110472908301205
56.7156715671567326 -70.6576087612448873
56.7356735673567414 -78.2767509699711326
56.7556755675567501 -78.3723098366288724
56.7756775677567873 -84.9595651792391351
56.7956795679567961 -84.2246072830684085
56.8156815681568332 -71.9297021358349866
56.8356835683568420 -53.3402555685686792
56.8556855685568507 -76.5453496370584077
56.8756875687568879 -91.4859838278474911
56.8956895689568967 -78.3253893563017414
56.9156915691569338 -85.6456261068672688
56.9356935693569426 -88.8336921546801506
56.9556955695569513 -86.6157273358032427
56.9756975697569885 -68.3261294605847809
56.9956995699569973 -82.0209154976707993
57.0157015701570344 -60.2425272719844500
57.0357035703570432 -73.3610428486885553
57.0557055705570519 -74.5809126585042890
57.0757075707570891 -77.8101299492281129
57.0957095709570979 -84.0264507947915007
57.1157115711571350 -64.8960444435660406
57.1357135713571438 -76.4150185152143280
57.1557155715571525 -71.6276993598583402
57.1757175717571897 -76.8388579192593539
57.1957195719571985 -78.8295888989571409
57.2157215721572356 -69.4001401672017693
57.2357235723572444 -90.4452782902527161
57.2557255725572531 -87.0071780378538620
57.2757275727572903 -69.6964630124176807
57.2957295729572991 -90.8640299211117792
57.3157315731573362 -93.5914227456347732
57.3357335733573450 -73.5583743586686296
57.3557355735573537 -74.5904660718128554
57.3757375737573909 -89.9580388510447762
57.3957395739573997 -70.7603099885338196
57.4157415741574368 -70.4915360179272739
57.4357435743574456 -88.4908118146273210
57.4557455745574543 -81.3531271667648497
57.4757475747574915 -78.8574188225787367
57.4957495749575003 -72.4631592552996295
57.5157515751575374 -62.6898608371166901
57.5357535753575462 -75.5325730594946521
57.5557555755575549 -69.5467255753436291
57.5757575757575921 -73.8193430329973808
57.5957595759576009 -78.2682309265972265
57.6157615761576096 -92.7320267838143337
57.6357635763576468 -85.1132751775301557
57.6557655765576555 -74.7372274366898495
57.6757675767576927 -99.7111557065583298
57.6957695769577015 -73.7843051349592258
57.7157715771577102 -80.7865780490440955
57.7357735773577474 -79.0857167353888713
57.7557755775577562 -81.9306003424454019
57.7757775777577933 -77.7611623309022519
57.7957795779578021 -63.7367912408145045
57.8157815781578108 -83.6546372099836901
57.8357835783578480 -75.0115255302820998
57.8557855785578568 -75.6650377305609396
57.8757875787578939 -69.0230038637252079
57.8957895789579027 -85.7823340171490258
57.9157915791579114 -75.6550368881516277
57.9357935793579486 -75.8926954111248193
57.9557955795579574 -61.1948450783335289
57.9757975797579945 -74.7566988748375394
57.9957995799580033 -73.7967233346098226
58.0158015801580120 -75.2972329223954517
58.0358035803580492 -73.4609938153531203
58.0558055805580580 -80.9622079960141434
58.0758075807580951 -77.5013190292404346
58.0958095809581039 -66.2844691848757748
58.1158115811581126 -77.9923332080664267
58.1358135813581498 -70.2837981909375742
58.1558155815581586 -77.1286015148740773
58.1758175817581957 -67.3404157771155241
58.1958195819582045 -66.9216551803098696
58.2158215821582132 -70.0048339116080314
58.2358235823582504 -75.2906615240213739
58.2558255825582592 -89.6411834579868412
58.2758275827582963 -64.6808783482298253
58.2958295829583051 -60.1242757532800454
58.3158315831583138 -100.5608502275610334
58.3358335833583510 -81.1046104214391903
58.3558355835583598 -73.8324653826987571
58.3758375837583969 -81.8957472936021986
58.3958395839584057 -66.5958713617058180
58.4158415841584144 -84.1581130072246140
58.4358435843584516 -71.3786428685224763
58.4558455845584604 -67.8158274690603520
58.4758475847584975 -76.9607166811811538
58.4958495849585063 -80.4193590395165501
58.5158515851585150 -76.6895965953269751
58.5358535853585522 -89.3389111241430243
58.5558555855585610 -93.8733359424238927
58.5758575857585697 -93.1300837520821574
58.5958595859586069 -75.3267212570218589
58.6158615861586156 -75.9321097607032414
58.6358635863586528 -81.8109838433715026
58.6558655865586616 -76.7361955622710212
58.6758675867586703 -73.8644211735276031
58.6958695869587075 -88.7651909874122538
58.7158715871587162 -86.9803906759984500
58.7358735873587534 -85.1557616646493898
58.7558755875587622 -79.2454599403112780
58.7758775877587709 -72.8626952468179496
58.7958795879588081 -76.0844859503533968
58.8158815881588168 -84.7194430483539804
58.8358835883588540 -80.3808458285801493
58.8558855885588628 -85.0653294213341269
58.8758875887588715 -82.5931617587533822
58.8958895889589087 -62.1078273707078097
58.9158915891589174 -71.3700325223604750
58.9358935893589546 -81.5274784707326603
58.9558955895589634 -79.1907146892137632
58.9758975897589721 -62.9832155094411519
58.9958995899590093 -89.4730452344058733
59.0159015901590180 -82.8497385169059015
59.0359035903590552 -66.4345426408744402
59.0559055905590640 -80.3170287385763970
59.0759075907590727 -64.9445745013907754
59.0959095909591099 -77.7829360752012775
59.1159115911591186 -64.5943843071905803
59.1359135913591558 -77.9036446841550401
59.1559155915591646 -77.0061527643443924
59.1759175917591733 -70.8920674885889497
59.1959195919592105 -74.6717278046342727
59.2159215921592192 -64.8357926386055823
59.2359235923592564 -87.7058214769283353
59.2559255925592652 -80.0805329386493412
59.2759275927592739 -65.1910984549572561
59.2959295929593111 -80.2151829664960729
59.3159315931593198 -64.9806840713845020
59.3359335933593570 -75.7743886556629462
59.3559355935593658 -75.9147546431194087
59.3759375937593745 -77.0254819358420804
59.3959395939594117 -77.1848182056180860
59.4159415941594204 -82.5468801504410550
59.4359435943594576 -70.2521801588748218
59.4559455945594664 -73.1404856960230632
59.4759475947594751 -92.8692215247408228
59.4959495949595123 -82.6080924774003194
59.5159515951595210 -76.9952108100811898
59.5359535953595298 -65.3083132955120647
59.5559555955595670 -77.2073145600307242
59.5759575957595757 -88.2726649854135133
59.5959595959596129 -66.3840120373280058
59.6159615961596216 -59.1399718223452027
59.6359635963596304 -73.8374106991367114
59.6559655965596676 -68.7121667360337227
59.6759675967596763 -71.7491859167090098
59.6959695969597135 -73.1541509650413673
59.7159715971597223 -74.3309444302349362
59.7359735973597310 -82.2214751910683219
59.7559755975597682 -78.3901984558871732
59.7759775977597769 -72.8331067629582094
59.7959795979598141 -73.0482344081147943
59.8159815981598229 -78.4903635509348021
59.8359835983598316 -74.0818465868776315
59.8559855985598688 -63.1740102442121056
59.8759875987598775 -84.4268387728230749
59.8959895989599147 -82.5426460172777468
59.9159915991599235 -71.0407684077253947
59.9359935993599322 -69.2633093002483804
59.9559955995599694 -50.2764558918043889
59.9759975997599781 -67.0041033722967683
59.9959995999600153 -89.5878144954516955
60.0160016001600241 -74.0546261204373337
60.0360036003600328 -80.1721926948884942
60.0560056005600700 -84.5082441558326138
60.0760076007600787 -77.7625898314343544
60.0960096009601159 -71.3023020121513582
60.1160116011601247 -61.3824213531432719
60.1360136013601334 -61.2990826731330642
60.1560156015601706 -97.8238117962470710
60.1760176017601793 -82.7203159214032127
60.1960196019602165 -67.3157256580327186
60.2160216021602253 -87.4558991040455993
60.2360236023602340 -69.4515181388237295
60.2560256025602712 -73.5307618001071432
60.2760276027602799 -72.7937280469654837
60.2960296029603171 -76.5685997931571478
60.3160316031603259 -80.6954748354368263
60.3360336033603346 -64.6034660078391170
60.3560356035603718 -63.2912986010516434
60.3760376037603805 -77.7993608402668428
60.3960396039604177 -75.3694094837317436
60.4160416041604265 -66.2620220011148717
60.4360436043604352 -71.7339215639934906
60.4560456045604724 -73.1743100770755177
60.4760476047604811 -80.0716108237039776
60.4960496049604899 -71.1405587913798598
60.5160516051605271 -62.4123615660326578
60.5360536053605358 -79.5994356539122521
60.5560556055605730 -84.7411134082738187
60.5760576057605817 -67.0910073162053777
60.5960596059605905 -79.5029977465311362
60.6160616061606277 -65.2949944324524267
60.6360636063606364 -74.9140586456761071
60.6560656065606736 -74.8734224161769077
60.6760676067606823 -67.4472723457158452
60.6960696069606911 -75.1477153699644163
60.7160716071607283 -72.9325715296301524
60.7360736073607370 -90.8744914266878681
60.7560756075607742 -75.1700976683861768
60.7760776077607829 -81.3651645235736396
60.7960796079607917 -80.0576294244674926
60.8160816081608289 -76.8510882099947281
60.8360836083608376 -70.5657995813753729
60.8560856085608748 -66.7750887092245762
60.8760876087608835 -86.6135171140391265
60.8960896089608923 -81.7180229846249375
60.9160916091609295 -75.3433889974521094
60.9360936093609382 -71.0338567021230460
60.9560956095609754 -70.2222521022258235
60.9760976097609841 -62.2285430292050705
60.9960996099609929 -54.3508752476029002
61.0161016101610301 -69.4250062518923698
61.0361036103610388 -77.4814548695150052
61.0561056105610760 -88.6546029009398069
61.0761076107610847 -66.8940010506822631
61.0961096109610935 -67.9646047555797850
61.1161116111611307 -84.1935447049952614
61.1361136113611394 -72.5301129076636499
61.1561156115611766 -61.1144509906920987
61.1761176117611853 -93.1903115551941710
61.1961196119611941 -72.2479454794582523
61.2161216121612313 -77.8959552885511215
61.2361236123612400 -72.3104258939368520
61.2561256125612772 -85.7833345666275733
61.2761276127612859 -58.4387261920920622
61.2961296129612947 -80.3364481059122539
61.3161316131613319 -64.3757811553195438
61.3361336133613406 -86.7000110254876546
61.3561356135613778 -68.9710767919158059
61.3761376137613865 -68.9354031153786053
61.3961396139613953 -60.1560247740152931
61.4161416141614325 -67.5752477645529126
61.4361436143614412 -77.2833249307508368
61.4561456145614500 -76.9284065118443863
61.4761476147614871 -75.0691933881789737
61.4961496149614959 -83.5025400153807880
61.5161516151615331 -68.6602097987858855
61.5361536153615418 -81.3613207055702645
61.5561556155615506 -71.8529281788976704
61.5761576157615877 -80.4364083002450485
61.5961596159615965 -81.3686713266491353
61.6161616161616337 -80.7506586530765702
61.6361636163616424 -71.4568508333032923
61.6561656165616512 -90.7675537039256994
61.6761676167616884 -84.5023945879286060
61.6961696169616971 -67.1861238972459915
61.7161716171617343 -66.1169371520652334
61.7361736173617430 -67.9379341387555087
61.7561756175617518 -85.2439889127209653
61.7761776177617890 -54.3401485856636981
61.7961796179617977 -69.4307083224966988
61.8161816181618349 -84.1608943057412660
61.8361836183618436 -67.1987620427639030
61.8561856185618524 -67.8613821459692730
61.8761876187618896 -57.9233908713590893
61.8961896189618983 -73.4865243941752624
61.9161916191619355 -67.6032609494021131
61.9361936193619442 -76.5340367130355048
61.9561956195619530 -83.9550076133024845
61.9761976197619902 -58.1019237192221496
61.9961996199619989 -77.8096100695965447
62.0162016201620361 -77.7134245897128579
62.0362036203620448 -65.3125902710110893
62.0562056205620536 -76.3805425695016567
62.0762076207620908 -67.8441703571896397
62.0962096209620995 -77.1718099377627738
62.1162116211621367 -75.0587565555293850
62.1362136213621454 -71.4896230164196140
62.1562156215621542 -76.1301380751493753
62.1762176217621914 -79.9881938366039549
62.1962196219622001 -83.1656008305416350
62.2162216221622373 -71.3561037043019155
62.2362236223622460 -80.6124076529945341
62.2562256225622548 -73.6253189392658811
62.2762276227622920 -72.2853857009838521
62.2962296229623007 -66.9462401765609769
62.3162316231623379 -72.7533503936504502
62.3362336233623466 -70.3030764225199505
62.3562356235623554 -66.4655703187431470
62.3762376237623926 -67.8796888901833597
62.3962396239624013 -63.7521504608320626
62.4162416241624101 -72.2881851324203808
62.4362436243624472 -80.8177653883818152
62.4562456245624560 -65.1779661685202854
62.4762476247624932 -76.6208048840994138
62.4962496249625019 -84.3569756629161560
62.5162516251625107 -73.7910885312812184
62.5362536253625478 -67.5363449720819489
62.5562556255625566 -76.9856715846732413
62.5762576257625938 -61.8297688203957989
62.5962596259626025 -58.2475689556661038
62.6162616261626113 -67.6434871174409835
62.6362636263626484 -77.0624588272736730
62.6562656265626572 -77.3658304317694956
62.6762676267626944 -75.3548820704635745
62.6962696269627031 -75.9611011564333864
62.7162716271627119 -68.2963302916389097
62.7362736273627490 -78.2699481440816811
62.7562756275627578 -86.6359636447838426
62.7762776277627950 -75.9971002978531800
62.7962796279628037 -73.4508658628657685
62.8162816281628125 -74.3258274816652857
62.8362836283628496 -63.7295322062544187
62.8562856285628584 -82.5282849195796331
62.8762876287628956 -62.5513098181083933
62.8962896289629043 -77.8873777784709915
62.9162916291629131 -72.9444741434180060
62.9362936293629502 -72.4134338558050104
62.9562956295629590 -61.3162088342677407
62.9762976297629962 -71.3650162754997979
62.9962996299630049 -73.4484340948512795
63.0163016301630137 -87.9303980121569708
63.0363036303630508 -61.3093364601971373
63.0563056305630596 -71.5797370384326683
63.0763076307630968 -66.3937362350137761
63.0963096309631055 -80.9644419711345336
63.1163116311631143 -76.8891996620757396
63.1363136313631514 -68.4029083345645006
63.1563156315631602 -65.8252488116418277
63.1763176317631974 -70.2138605495488122
63.1963196319632061 -69.7411311456964569
63.2163216321632149 -76.7562870128612644
63.2363236323632520 -68.1204259854191321
63.2563256325632608 -69.8988712936794343
63.2763276327632980 -77.1850577979528651
63.2963296329633067 -85.4195187421864972
63.3163316331633155 -79.3891974832264111
63.3363336333633526 -76.8665772995301495
63.3563356335633614 -75.5345894099971957
63.3763376337633701 -76.4380729250274271
63.3963396339634073 -74.4934402999273715
63.4163416341634161 -72.3524273413479477
63.4363436343634532 -73.0578505958197297
63.4563456345634620 -70.9539386378165489
63.4763476347634708 -69.0883869901084751
63.4963496349635079 -80.7667272598562249
63.5163516351635167 -69.9789693434828735
63.5363536353635538 -69.5668283922232007
63.5563556355635626 -79.0610729852755014
63.5763576357635714 -83.4048331171653103
63.5963596359636085 -62.3886781495080669
63.6163616361636173 -71.6394421374439077
63.6363636363636545 -75.5958185266701861
63.6563656365636632 -73.4447280734721915
63.6763676367636720 -77.6573515622153394
63.6963696369637091 -71.2807810622853708
63.7163716371637179 -69.8217715566517256
63.7363736373637551 -76.2367200474807021
63.7563756375637638 -83.8247723937114984
63.7763776377637726 -95.0206158754924815
63.7963796379638097 -82.0401538335276683
63.8163816381638185 -79.6359151402560173
63.8363836383638557 -64.2721405660455787
63.8563856385638644 -72.2951348630431170
63.8763876387638732 -70.6481939091357845
63.8963896389639103 -65.2017472117398285
63.9163916391639191 -67.6501242095806674
63.9363936393639563 -72.6942863590646056
63.9563956395639650 -88.8598590584824564
63.9763976397639738 -77.8871970222546821
63.9963996399640109 -79.6777595037493853
64.0164016401640197 -63.7810776046267094
64.0364036403640569 -81.2335582641670157
64.0564056405640656 -77.8473377699482256
64.0764076407640744 -75.5893197893900322
64.0964096409641115 -75.2932099638550199
64.1164116411641203 -71.9352571088386554
64.1364136413641575 -66.3235559301090802
64.1564156415641662 -61.2314075663309794
64.1764176417641750 -83.0176029205257890
64.1964196419642121 -63.4952619298198613
64.2164216421642209 -78.1376473930026094
64.2364236423642581 -68.3037140276172323
64.2564256425642668 -81.6734186855708231
64.2764276427642756 -73.8451228836207889
64.2964296429643127 -90.7611936194783055
64.3164316431643215 -62.0661066199248523
64.3364336433643587 -66.6301907424501110
64.3564356435643674 -73.9370826998769815
64.3764376437643762 -65.9249047843404696
64.3964396439644133 -63.2531411026154942
64.4164416441644221 -74.2957241753601920
64.4364436443644308 -80.2624021414217879
64.4564456445644680 -64.5182668876670249
64.4764476447644768 -66.7333407117907171
64.4964496449645139 -62.7706110897873515
64.5164516451645227 -63.2598137364646718
64.5364536453645314 -62.8529138243730756
64.5564556455645686 -68.5228289921488454
64.5764576457645774 -68.7023644779746405
64.5964596459646145 -60.1645513283313562
64.6164616461646233 -83.8703606317233721
64.6364636463646320 -66.2340167433716545
64.6564656465646692 -80.5851178672407400
64.6764676467646780 -65.8932570336946242
64.6964696469647151 -72.1956402853721357
64.7164716471647239 -79.1848004167857482
64.7364736473647326 -51.2336244813501906
64.7564756475647698 -72.1868084139163670
64.7764776477647786 -70.5512388851995382
64.7964796479648157 -72.9211765489947510
64.8164816481648245 -65.3459760242185581
64.8364836483648332 -68.8525205911788731
64.8564856485648704 -75.1872667126734910
64.8764876487648792 -71.9432809513422740
64.8964896489649163 -67.5438172787027042
64.9164916491649251 -65.7847510295634947
64.9364936493649338 -69.8089078222530617
64.9564956495649710 -66.8727217695131202
64.9764976497649798 -64.5686646170516099
64.9964996499650169 -71.4099894766316510
65.0165016501650257 -85.3303478610399821
65.0365036503650344 -62.2265798558534229
65.0565056505650716 -70.6985222992130531
65.0765076507650804 -65.9614675564365172
65.0965096509651175 -64.0304405711578681
65.1165116511651263 -76.6220782753728855
65.1365136513651350 -81.1900406160867902
65.1565156515651722 -72.6710783809041061
65.1765176517651810 -69.0890664287109644
65.1965196519652181 -74.1070856271008438
65.2165216521652269 -67.9349090747481910
65.2365236523652356 -77.7700727276004500
65.2565256525652728 -71.6812072539219542
65.2765276527652816 -60.8574853991440463
65.2965296529653187 -71.2451436544483130
65.3165316531653275 -48.7863655625086778
65.3365336533653362 -62.4623018220638144
65.3565356535653734 -62.4968104064200745
65.3765376537653822 -62.4452167633360133
65.3965396539653909 -65.9119887032260152
65.4165416541654281 -71.1141924801254390
65.4365436543654369 -60.3959476397442927
65.4565456545654740 -57.4271848391216437
65.4765476547654828 -66.3073846624243117
65.4965496549654915 -71.3019512246932692
65.5165516551655287 -68.7726684251917817
65.5365536553655375 -61.9865306426428120
65.5565556555655746 -62.8909101834053743
65.5765576557655834 -59.9577508255449132
65.5965596559655921 -74.1494332167917207
65.6165616561656293 -76.5277416958105761
65.6365636563656381 -56.0646969630778429
65.6565656565656752 -63.1897740078491736
65.6765676567656840 -70.8318435815085365
65.6965696569656927 -63.4297261316610559
65.7165716571657299 -63.7729930453663201
65.7365736573657387 -78.6466924496028668
65.7565756575657758 -72.9719596074760517
65.7765776577657846 -63.0014692018369828
65.7965796579657933 -64.6492236687539332
65.8165816581658305 -67.7043150730007852
65.8365836583658393 -59.3154297575135487
65.8565856585658764 -62.5283188724901109
65.8765876587658852 -73.9353134598096204
65.8965896589658939 -66.8587017097616183
65.9165916591659311 -65.7336440804171929
65.9365936593659399 -86.6830221367690541
65.9565956595659770 -64.2935219502704172
65.9765976597659858 -62.3576902183770301
65.9965996599659945 -52.5275753028966577
66.0166016601660317 -69.2081563743388415
66.0366036603660405 -50.6605302770173438
66.0566056605660776 -67.5039231520118648
66.0766076607660864 -72.9832811526558061
66.0966096609660951 -62.7114186619561238
66.1166116611661323 -94.6111407706507492
66.1366136613661411 -43.4137185942803256
66.1566156615661782 -62.9692822268335846
66.1766176617661870 -63.6700257397617762
66.1966196619661957 -51.6419034572770528
66.2166216621662329 -57.7773323763912785
66.2366236623662417 -55.8893214328845360
66.2566256625662788 -77.4909344521759778
66.2766276627662876 -73.2968067836931283
66.2966296629662963 -68.0377894133803238
66.3166316631663335 -63.8582404794041310
66.3366336633663423 -70.2081841957754307
66.3566356635663510 -67.9941471747597888
66.3766376637663882 -69.5163503096701163
66.3966396639663969 -48.6843528899426161
66.4166416641664341 -64.2739789709862208
66.4366436643664429 -60.8314102281694389
66.4566456645664516 -73.6398275751837588
66.4766476647664888 -71.4846979568797281
66.4966496649664975 -58.4722847995918968
66.5166516651665347 -57.5922475186184499
66.5366536653665435 -71.0412691008877601
66.5566556655665522 -55.7510750622859064
66.5766576657665894 -60.8385097190054580
66.5966596659665981 -66.5649692747841755
66.6166616661666353 -70.1042464287490787
66.6366636663666441 -66.3592055773097655
66.6566656665666528 -66.9431610190196977
66.6766676667666900 -70.1939391202061671
66.6966696669666987 -57.3678513788835005
66.7166716671667359 -66.2292445951937339
66.7366736673667447 -42.0325500175164279
66.7566756675667534 -77.1712194683509551
66.7766776677667906 -66.6210154234919401
66.7966796679667993 -52.0793130086868814
66.8166816681668365 -61.8141543259366486
66.8366836683668453 -63.2337722089527290
66.8566856685668540 -54.6569632466633024
66.8766876687668912 -86.6924897998418373
66.8966896689668999 -63.1517271382371632
66.9166916691669371 -68.4600649528822913
66.9366936693669459 -59.2464744605361346
66.9566956695669546 -61.3065745949199368
66.9766976697669918 -68.2302960740148876
66.9966996699670005 -60.7930953341528379
67.0167016701670377 -69.3299584616096496
67.0367036703670465 -61.9622570072659897
67.0567056705670552 -70.0645848359761061
67.0767076707670924 -58.9420403001542823
67.0967096709671011 -70.3986808687365624
67.1167116711671383 -51.5324786762949429
67.1367136713671471 -61.0574568108728357
67.1567156715671558 -67.7283134557679745
67.1767176717671930 -63.9122711267931578
67.1967196719672017 -59.2599715236930464
67.2167216721672389 -54.0374474833734624
67.2367236723672477 -47.4214406920636549
67.2567256725672564 -53.9003865001666682
67.2767276727672936 -70.9352154548497396
67.2967296729673023 -59.1247562968522828
67.3167316731673111 -72.9645785021457982
67.3367336733673483 -55.4563813345422076
67.3567356735673570 -69.8188991873465028
67.3767376737673942 -57.7624612805650059
67.3967396739674030 -79.0246316414179262
67.4167416741674117 -55.9267235611294637
67.4367436743674489 -78.2616898546224178
67.4567456745674576 -69.4324190841728495
67.4767476747674948 -78.9440610238440144
67.4967496749675036 -64.7849711167755800
67.5167516751675123 -61.2800077931302170
67.5367536753675495 -62.5657081525709486
67.5567556755675582 -74.7613884804117390
67.5767576757675954 -53.2047286803854789
67.5967596759676042 -60.0047737780495680
67.6167616761676129 -71.1507044553281958
67.6367636763676501 -72.5561252162975734
67.6567656765676588 -62.4613587414463680
67.6767676767676960 -46.6823720060387117
67.6967696769677048 -55.4357148996718863
67.7167716771677135 -72.9213594698929910
67.7367736773677507 -62.2809359324417713
67.7567756775677594 -68.5562502146886317
67.7767776777677966 -61.8596713665578619
67.7967796779678054 -69.8485244507229481
67.8167816781678141 -71.5276786784571215
67.8367836783678513 -56.0448724790953534
67.8567856785678600 -67.9474239488889964
67.8767876787678972 -64.7107640308608154
67.8967896789679060 -39.0437979418463073
67.9167916791679147 -63.7494634405643907
67.9367936793679519 -62.9202145732783364
67.9567956795679606 -56.5744585246420257
67.9767976797679978 -74.3595320451328377
67.9967996799680066 -44.6380308040097162
68.0168016801680153 -64.9142611686090021
68.0368036803680525 -54.1488285621734349
68.0568056805680612 -60.6608400048865164
68.0768076807680984 -55.3597924837644939
68.0968096809681072 -62.8311666559701365
68.1168116811681159 -70.7587321660279827
68.1368136813681531 -60.5847475683403189
68.1568156815681618 -54.6139657650863413
68.1768176817681990 -69.9813426884953458
68.1968196819682078 -42.1114113885841945
68.2168216821682165 -60.4590484732139970
68.2368236823682537 -54.5235503577844440
68.2568256825682624 -73.2136905777307021
68.2768276827682712 -55.0266850181336409
68.2968296829683084 -63.7795975624387737
68.3168316831683171 -73.7094444994927471
68.3368336833683543 -75.0566594007909913
68.3568356835683630 -75.4629346059768977
68.3768376837683718 -73.2025376410625768
68.3968396839684090 -66.9705709068620791
68.4168416841684177 -59.1215185936206566
68.4368436843684549 -68.6340020850413026
68.4568456845684636 -53.3629975896586330
68.4768476847684724 -87.6257533616771411
68.4968496849685096 -53.8735717732893988
68.5168516851685183 -61.1603433529782592
68.5368536853685555 -63.1894773214190479
68.5568556855685642 -50.1821283009766432
68.5768576857685730 -69.9695091034287344
68.5968596859686102 -67.8309656390471929
68.6168616861686189 -50.9357203628263093
68.6368636863686561 -57.8686356457998343
68.6568656865686648 -60.1050561811802027
68.6768676867686736 -54.4810881243633531
68.6968696869687108 -54.7044390288264921
68.7168716871687195 -53.9038179919774478
68.7368736873687567 -74.9249583483922947
68.7568756875687654 -62.0017544454939653
68.7768776877687742 -50.2920127768840857
68.7968796879688114 -66.0022295329687552
68.8168816881688201 -63.5610636366523494
68.8368836883688573 -57.3890016310010580
68.8568856885688660 -56.2136292980602335
68.8768876887688748 -50.7639931072841577
68.8968896889689120 -56.2963257883988817
68.9168916891689207 -48.2525552643462561
68.9368936893689579 -74.5677200321314757
68.9568956895689666 -54.1872729490187339
68.9768976897689754 -65.2814185436948691
68.9968996899690126 -57.4427087729835506
69.0169016901690213 -44.6212427334822337
69.0369036903690585 -37.5289357095830951
69.0569056905690672 -55.7857593744730593
69.0769076907690760 -67.6298309826609625
69.0969096909691132 -45.6842542370993030
69.1169116911691219 -64.0955274837428419
69.1369136913691591 -59.0227403796660113
69.1569156915691678 -62.6082541693714845
69.1769176917691766 -50.3534253430354823
69.1969196919692138 -54.2636302847543988
69.2169216921692225 -44.3549177529601764
69.2369236923692313 -70.4989274906857020
69.2569256925692684 -53.5646061208760926
69.2769276927692772 -53.4527347534581097
69.2969296929693144 -43.2952594949903897
69.3169316931693231 -58.8799988110024515
69.3369336933693319 -46.3932229977063599
69.3569356935693691 -49.0628888749714847
69.3769376937693778 -67.4743566549730360
69.3969396939694150 -67.8138373548556785
69.4169416941694237 -45.3223785529355965
69.4369436943694325 -51.3985114894861681
69.4569456945694697 -54.3855829205666197
69.4769476947694784 -69.9925820998958841
69.4969496949695156 -60.8795686478981608
69.5169516951695243 -33.7852802996202826
69.5369536953695331 -51.7757491891278860
69.5569556955695703 -41.1165444482710924
69.5769576957695790 -60.3137233589624628
69.5969596959696162 -58.2773416006473610
69.6169616961696249 -40.1396018861010688
69.6369636963696337 -53.0731812922295774
69.6569656965696709 -56.8989598342130591
69.6769676967696796 -53.2366590459886595
69.6969696969697168 -53.1266311205450705
69.7169716971697255 -64.7716109238158566
69.7369736973697343 -56.9583264749595912
69.7569756975697715 -71.1913072915370009
69.7769776977697802 -50.0083709172509714
69.7969796979698174 -47.9341740865363448
69.8169816981698261 -41.8543861842805782
69.8369836983698349 -62.0033204838599019
69.8569856985698721 -53.0823046900180344
69.8769876987698808 -69.6398255522498744
69.8969896989699180 -53.3792164337820765
69.9169916991699267 -83.4965189538257704
69.9369936993699355 -49.9297208792036855
69.9569956995699727 -58.7662743325237287
69.9769976997699814 -54.4509302690593913
69.9969996999700186 -50.5019100799122782
70.0170017001700273 -56.5849931113850886
70.0370037003700361 -67.0270425389212932
70.0570057005700733 -56.2783512269709476
70.0770077007700820 -65.8619476706021771
70.0970097009701192 -34.3414692076225094
70.1170117011701279 -62.2903127260647693
70.1370137013701367 -53.2962669616302378
70.1570157015701739 -46.6502515536249831
70.1770177017701826 -43.5848617830268736
70.1970197019701914 -55.5938913532025154
70.2170217021702285 -73.8694906409954797
70.2370237023702373 -50.3356400310232743
70.2570257025702745 -40.9244685025736175
70.2770277027702832 -49.4545598143659149
70.2970297029702920 -67.2344462974957224
70.3170317031703291 -41.0514205311710683
70.3370337033703379 -55.1238368495457038
70.3570357035703751 -48.4700756990061592
70.3770377037703838 -45.4335425940198192
70.3970397039703926 -49.5333738850116561
70.4170417041704297 -41.2644086521145255
70.4370437043704385 -56.5980990700025615
70.4570457045704757 -62.6371598279701232
70.4770477047704844 -54.4466176983831076
70.4970497049704932 -61.3199297963071217
70.5170517051705303 -50.4988668234994122
70.5370537053705391 -51.0516749183735001
70.5570557055705763 -55.8476052016130495
70.5770577057705850 -57.2285661474909944
70.5970597059705938 -43.6647746937016450
70.6170617061706309 -53.0853357793586724
70.6370637063706397 -45.5231251959404162
70.6570657065706769 -49.2449021200164623
70.6770677067706856 -55.1931519884260169
70.6970697069706944 -41.7199122196448116
70.7170717071707315 -50.3933259193260383
70.7370737073707403 -59.0261686562107997
70.7570757075707775 -55.0345938055433308
70.7770777077707862 -57.0168643354644828
70.7970797079707950 -49.0381280169100009
70.8170817081708321 -59.3731040468616840
70.8370837083708409 -46.4842789966811836
70.8570857085708781 -53.6438273508755117
70.8770877087708868 -58.1704983259941173
70.8970897089708956 -55.4401387799177243
70.9170917091709327 -40.6027570038349097
70.9370937093709415 -48.1527335076768708
70.9570957095709787 -66.7683637057381532
70.9770977097709874 -41.8703455524781987
70.9970997099709962 -59.9230498018663624
71.0171017101710333 -54.1727526469701388
71.0371037103710421 -63.3081134995574573
71.0571057105710793 -25.9110518507508232
71.0771077107710880 -38.1794155210343717
71.0971097109710968 -38.7315496050853625
71.1171117111711339 -47.7714812645885445
71.1371137113711427 -50.7391456980730382
71.1571157115711515 -57.9176980254058478
71.1771177117711886 -47.7261381056395209
71.1971197119711974 -60.3665161929126484
71.2171217121712345 -54.5876802520794726
71.2371237123712433 -49.8229526400729554
71.2571257125712521 -54.2269470983509407
71.2771277127712892 -52.2378854698065425
71.2971297129712980 -32.1816340204990894
71.3171317131713352 -44.4489362970169921
71.3371337133713439 -57.9692275585367014
71.3571357135713527 -46.8750429838572344
71.3771377137713898 -46.0908026698881770
71.3971397139713986 -52.0095905720861538
71.4171417141714358 -45.0236271973202733
71.4371437143714445 -57.3910651929071065
71.4571457145714533 -43.1704102671252201
71.4771477147714904 -55.4613664036017084
71.4971497149714992 -46.0833674218363996
71.5171517151715364 -36.6099570925271252
71.5371537153715451 -52.0941439175253578
71.5571557155715539 -31.4142956250913059
71.5771577157715910 -49.2194093277317890
71.5971597159715998 -54.6687101682936643
71.6171617161716370 -59.3561141822437222
71.6371637163716457 -53.9100835284926703
71.6571657165716545 -45.6501265054701548
71.6771677167716916 -51.1908281153369416
71.6971697169717004 -61.6483703324045749
71.7171717171717376 -45.9326442910746593
71.7371737173717463 -52.5835319372320384
71.7571757175717551 -41.8585596567529592
71.7771777177717922 -48.8921560945191587
71.7971797179718010 -65.5353903013667889
71.8171817181718382 -51.3814360446040439
71.8371837183718469 -41.4588520777514660
71.8571857185718557 -47.3057124351784992
71.8771877187718928 -50.4409379729490155
71.8971897189719016 -35.4480367959155558
71.9171917191719388 -49.8159972382032947
71.9371937193719475 -52.8063924023818601
71.9571957195719563 -62.7318139010613862
71.9771977197719934 -39.7299857450866583
71.9971997199720022 -45.9467840295193142
72.0172017201720394 -48.9157808963952263
72.0372037203720481 -46.6765736244344183
72.0572057205720569 -34.3825721669978321
72.0772077207720940 -40.7591092800865198
72.0972097209721028 -39.2983626207511492
72.1172117211721115 -27.5838841490068702
72.1372137213721487 -41.9176728470116089
72.1572157215721575 -48.7367294458970051
72.1772177217721946 -54.4233885652873610
72.1972197219722034 -41.3933937203716908
72.2172217221722121 -44.6653261162566935
72.2372237223722493 -63.1943724923476466
72.2572257225722581 -38.9232249047943171
72.2772277227722952 -55.7197252042603708
72.2972297229723040 -50.4967146507674585
72.3172317231723127 -50.8668434045250919
72.3372337233723499 -43.6582768475654319
72.3572357235723587 -49.7356006011178025
72.3772377237723958 -36.2239997690673974
72.3972397239724046 -42.1444728613434165
72.4172417241724133 -59.9099780929492312
72.4372437243724505 -48.2357352799763603
72.4572457245724593 -62.6156386002698682
72.4772477247724964 -44.9443620920945435
72.4972497249725052 -56.5237930189186315
72.5172517251725139 -44.8689642687950965
72.5372537253725511 -55.8014045011792490
72.5572557255725599 -53.1074341029459731
72.5772577257725970 -45.2848673434508839
72.5972597259726058 -36.9555438943788630
72.6172617261726145 -38.6105379775976587
72.6372637263726517 -44.0806770937190464
72.6572657265726605 -38.7931483390921485
72.6772677267726976 -26.6790810441934418
72.6972697269727064 -36.6592471864152003
72.7172717271727151 -39.4055771381534043
72.7372737273727523 -56.6952977731435652
72.7572757275727611 -49.6034427992360420
72.7772777277727982 -40.8668085267424459
72.7972797279728070 -35.8296438535871502
72.8172817281728157 -44.3566448393746526
72.8372837283728529 -46.9684558560272620
72.8572857285728617 -38.2945402111838931
72.8772877287728988 -42.7589453422147727
72.8972897289729076 -38.9191920393727457
72.9172917291729163 -48.4636779002188902
72.9372937293729535 -44.9434144796287569
72.9572957295729623 -43.9725294625220613
72.9772977297729994 -48.6686028827861037
72.9972997299730082 -25.5165972323250010
73.0173017301730169 -32.7894966018891338
73.0373037303730541 -43.1610692756726735
73.0573057305730629 -58.0385427576739872
73.0773077307730716 -39.4030295212715203
73.0973097309731088 -44.1203042510334740
73.1173117311731176 -39.7949363416875030
73.1373137313731547 -37.4108213798976905
73.1573157315731635 -46.2679814415609485
73.1773177317731722 -45.5000693489756642
73.1973197319732094 -49.7189363791872623
73.2173217321732182 -22.4296312750374582
73.2373237323732553 -41.0850547839677560
73.2573257325732641 -50.9183268923110148
73.2773277327732728 -35.0959111941906556
73.2973297329733100 -20.2712295070055681
73.3173317331733188 -36.2037894723468696
73.3373337333733559 -30.0285042073567610
73.3573357335733647 -29.4750925085074229
73.3773377337733734 -36.6192369881971729
73.3973397339734106 -53.5219752947115168
73.4173417341734194 -43.0104867305025422
73.4373437343734565 -18.4897673238131333
73.4573457345734653 -42.3185402232108316
73.4773477347734740 -44.6114864381344987
73.4973497349735112 -32.3093426567703759
73.5173517351735200 -39.3325016569053858
73.5373537353735571 -55.0965816110494018
73.5573557355735659 -33.3769583133849252
73.5773577357735746 -26.3872889851462489
73.5973597359736118 -24.4865476512447309
73.6173617361736206 -37.6465071385522592
73.6373637363736577 -50.0141964591382404
73.6573657365736665 -43.4973737956865563
73.6773677367736752 -42.8110742734868381
73.6973697369737124 -46.5639032664083174
73.7173717371737212 -16.4022948071900174
73.7373737373737583 -38.7495272467523293
73.7573757375737671 -33.1620832414575304
73.7773777377737758 -36.6647060974559835
73.7973797379738130 -38.0527745546594787
73.8173817381738218 -27.9603381139016633
73.8373837383738589 -41.9557551525420251
73.8573857385738677 -33.7197545680164268
73.8773877387738764 -45.3537631591723809
73.8973897389739136 -35.1445700748662375
73.9173917391739224 -43.0261053362722592
73.9373937393739595 -28.2277022124693175
73.9573957395739683 -40.7215996324139695
73.9773977397739770 -39.6871552474989997
73.9973997399740142 -46.8605840758821159
74.0174017401740230 -27.2261029898217295
74.0374037403740317 -29.2026796078595865
74.0574057405740689 -51.2715902624332216
74.0774077407740776 -27.8806857522003284
74.0974097409741148 -47.4195361224829739
74.1174117411741236 -28.6056475443801830
74.1374137413741323 -36.4159864810024629
74.1574157415741695 -24.8310628619328142
74.1774177417741782 -31.1764014335869248
74.1974197419742154 -40.3070550874170692
74.2174217421742242 -40.1323447582543977
74.2374237423742329 -32.8848484214051666
74.2574257425742701 -31.5200552528179330
74.2774277427742788 -34.0562620478174551
74.2974297429743160 -40.9813485189125757
74.3174317431743248 -35.4400156956804508
74.3374337433743335 -17.7992208654284916
74.3574357435743707 -40.5322107080481544
74.3774377437743794 -26.0374124295588985
74.3974397439744166 -30.1634977750196640
74.4174417441744254 -28.2410294568027425
74.4374437443744341 -58.8402205444756135
74.4574457445744713 -19.7167683823571984
74.4774477447744800 -25.8204023137376382
74.4974497449745172 -25.3565358084162966
74.5174517451745260 -42.3285762489551018
74.5374537453745347 -36.0978094458317145
74.5574557455745719 -37.5709557215158938
74.5774577457745806 -33.6848374582737620
74.5974597459746178 -35.7259542307736595
74.6174617461746266 -29.5001617009688744
74.6374637463746353 -24.7197872927307074
74.6574657465746725 -30.5691550920717354
74.6774677467746812 -27.6792841200298660
74.6974697469747184 -29.6084173459377311
74.7174717471747272 -37.1125917390598374
74.7374737473747359 -39.4204984823432696
74.7574757475747731 -36.7410189390010515
74.7774777477747818 -20.7234570689142252
74.7974797479748190 -21.9030547659429864
74.8174817481748278 -46.2039209346871544
74.8374837483748365 -41.0655763166786230
74.8574857485748737 -32.5159921003228689
74.8774877487748824 -48.0290914494148069
74.8974897489749196 -43.8017689128595080
74.9174917491749284 -32.4278085288259703
74.9374937493749371 -20.9574012520801176
74.9574957495749743 -22.8863754438034022
74.9774977497749830 -44.0939116247486922
74.9974997499750202 -27.4424356428577561
75.0175017501750290 -32.9184803585712586
75.0375037503750377 -36.8055853605850984
75.0575057505750749 -36.8373695685210407
75.0775077507750837 -21.5272230518608083
75.0975097509750924 -37.7473802656760142
75.1175117511751296 -29.8137760621956573
75.1375137513751383 -37.5756426153847585
75.1575157515751755 -19.9844696451208961
75.1775177517751843 -29.2206063758723786
75.1975197519751930 -39.4692895601709495
75.2175217521752302 -35.7978274361843987
75.2375237523752389 -51.1862702756236700
75.2575257525752761 -22.4632007061311363
75.2775277527752849 -49.4500144236894741
75.2975297529752936 -36.4212231972151272
75.3175317531753308 -35.6392219382910298
75.3375337533753395 -28.3653027440097709
75.3575357535753767 -36.5363895679889836
75.3775377537753855 -13.4845343788159049
75.3975397539753942 -36.9305492093475323
75.4175417541754314 -18.7680371907729864
75.4375437543754401 -36.6798772088004839
75.4575457545754773 -23.6541312767807170
75.4775477547754861 -26.8146977764945262
75.4975497549754948 -26.5621115442913158
75.5175517551755320 -26.6561817533774921
75.5375537553755407 -29.8653210896955024
75.5575557555755779 -38.3674944887804017
75.5775577557755867 -33.2722075179664358
75.5975597559755954 -29.4863672266481558
75.6175617561756326 -29.4030236315746016
75.6375637563756413 -11.6708228695975507
75.6575657565756785 -37.6955670858726890
75.6775677567756873 -31.1932076552736994
75.6975697569756960 -29.7344595900904949
75.7175717571757332 -30.0926759212459309
75.7375737573757419 -24.3688672142234601
75.7575757575757791 -27.6120764145169879
75.7775777577757879 -25.4526409572660839
75.7975797579757966 -17.6945118388654627
75.8175817581758338 -38.4140690940091361
75.8375837583758425 -26.6896281454889142
75.8575857585758797 -15.6178061399720818
75.8775877587758885 -21.2265078811118499
75.8975897589758972 -30.0658894860786603
75.9175917591759344 -22.1103962037276318
75.9375937593759431 -31.1467492249633260
75.9575957595759803 -24.4524196805215794
75.9775977597759891 -35.9582438398501978
75.9975997599759978 -32.2911698327406000
76.0176017601760350 -37.3277784067333158
76.0376037603760437 -31.5962854686469363
76.0576057605760525 -13.7938720892020239
76.0776077607760897 -5.1073073758934910
76.0976097609760984 -8.2254855728723548
76.1176117611761356 -27.1529139170087284
76.1376137613761443 -24.8873966038500853
76.1576157615761531 -19.0218597351876078
76.1776177617761903 -29.3974082955875282
76.1976197619761990 -31.6759893975093618
76.2176217621762362 -36.7877587917596713
76.2376237623762449 -9.7287577921120949
76.2576257625762537 -23.2863485662469714
76.2776277627762909 -14.9574184743900673
76.2976297629762996 -31.2820157662849212
76.3176317631763368 -19.0449548594401854
76.3376337633763455 -6.7429353560010519
76.3576357635763543 -20.7369764644628845
76.3776377637763915 -28.5494508985441335
76.3976397639764002 -10.1758758797752282
76.4176417641764374 -34.1146620775837306
76.4376437643764461 -24.6584973993580334
76.4576457645764549 -24.5995267263204198
76.4776477647764921 -16.2445094272530355
76.4976497649765008 -31.6677184047484417
76.5176517651765380 -23.4208506003708052
76.5376537653765467 -26.9640015480927602
76.5576557655765555 -31.6425195889391446
76.5776577657765927 -24.5425731968638097
76.5976597659766014 -23.9058983105921179
76.6176617661766386 -29.3116340600785570
76.6376637663766473 -33.7431937450939827
76.6576657665766561 -21.0763396965513223
76.6776677667766933 -45.0029246650202452
76.6976697669767020 -14.0847348425572285
76.7176717671767392 -23.4722849142387631
76.7376737673767479 -22.5564005578094005
76.7576757675767567 -27.5649694244190258
76.7776777677767939 -25.2808486838919819
76.7976797679768026 -36.8825151115700720
76.8176817681768398 -27.1380118629978639
76.8376837683768485 -41.9724732001393974
76.8576857685768573 -15.3253671790985795
76.8776877687768945 -12.9543591693001279
76.8976897689769032 -26.2856413873559340
76.9176917691769404 -27.9967631381308877
76.9376937693769491 -20.6919972101169236
76.9576957695769579 -29.7299889756679860
76.9776977697769951 -16.1327483103831497
76.9976997699770038 -33.4015827508853391
77.0177017701770126 -29.1840404148957262
77.0377037703770498 -29.3229905496297043
77.0577057705770585 -26.1579310109994125
77.0777077707770957 -24.5570410429709369
77.0977097709771044 -30.5555261620468528
77.1177117711771132 -25.1384468386416700
77.1377137713771504 -27.6854498915234437
77.1577157715771591 -19.9050530010772135
77.1777177717771963 -13.7704309001824114
77.1977197719772050 -25.1668863189170722
77.2177217721772138 -23.6372709400906622
77.2377237723772510 -31.9959357023991551
77.2577257725772597 -23.6550351931916580
77.2777277727772969 -27.3697255997722628
77.2977297729773056 -21.5533836200223838
77.3177317731773144 -7.0288427279206953
77.3377337733773516 -13.6420220347529781
77.3577357735773603 -1.2211219029285338
77.3777377737773975 -14.7142210422249597
77.3977397739774062 -3.8249961692816115
77.4177417741774150 -25.8149407180823616
77.4377437743774522 -9.5406785963343754
77.4577457745774609 -31.1868255522294078
77.4777477747774981 -11.6855759955372509
77.4977497749775068 -6.7369606088616969
77.5177517751775156 -11.6225734602936104
77.5377537753775528 -27.2878774341892161
77.5577557755775615 -27.6586467462723959
77.5777577757775987 -14.0768597462640237
77.5977597759776074 -24.4876374194203379
77.6177617761776162 -12.0405632738743122
77.6377637763776534 -6.4870168098404211
77.6577657765776621 -26.9633897488033369
77.6777677767776993 -27.9161141087943285
77.6977697769777080 -16.4502251304975680
77.7177717771777168 -32.5454833665222836
77.7377737773777540 -21.2392756243206087
77.7577757775777627 -19.6217180082341898
77.7777777777777999 -16.4546213412577735
77.7977797779778086 -21.4533536176794613
77.8177817781778174 -9.4793402878097464
77.8377837783778546 -4.9349757629893691
77.8577857785778633 -25.0622541922127127
77.8777877787779005 -8.2095341452547235
77.8977897789779092 -15.1454117426908041
77.9177917791779180 -15.7487714309276683
77.9377937793779552 -10.0582631978199331
77.9577957795779639 -16.4187789907854231
77.9777977797779727 -36.8087757048254645
77.9977997799780098 -2.5850083722088932
78.0178017801780186 -38.0643605152923499
78.0378037803780558 -8.9947386702639474
78.0578057805780645 -13.8140006547735119
78.0778077807780733 -20.2753131455134294
78.0978097809781104 -12.9905625281505390
78.1178117811781192 -24.3615754433168981
78.1378137813781564 -2.7072237583688104
78.1578157815781651 -16.7116448343895208
78.1778177817781739 -12.3679084525771810
78.1978197819782110 -13.2974450882689155
78.2178217821782198 -13.6632586622966592
78.2378237823782570 -2.9543615387004856
78.2578257825782657 -32.1773868839279444
78.2778277827782745 -13.8679140623828658
78.2978297829783116 -5.6879391807047366
78.3178317831783204 -20.0212619980318820
78.3378337833783576 0.1173842049916232
78.3578357835783663 -20.7542432516952218
78.3778377837783751 -16.8160814687235884
78.3978397839784122 -5.6427995286483945
78.4178417841784210 -22.4946291430906520
78.4378437843784582 -16.4577941759717170
78.4578457845784669 -25.8799098107547714
78.4778477847784757 -25.8023104949957016
78.4978497849785128 -16.1669710969662965
78.5178517851785216 -5.6382792463496028
78.5378537853785588 -24.0873220411088447
78.5578557855785675 2.1765560776869943
78.5778577857785763 2.8143071240199244
78.5978597859786134 -23.1887538763802468
78.6178617861786222 -12.8231460392181109
78.6378637863786594 -7.5553471205876397
78.6578657865786681 -19.5651587993431200
78.6778677867786769 -43.5045906643557956
78.6978697869787140 -19.6020700399731496
78.7178717871787228 -14.4548622728072562
78.7378737873787600 -14.7641450671001824
78.7578757875787687 -24.6646534756277518
78.7778777877787775 -15.8557865551518749
78.7978797879788146 -17.0063369283372836
78.8178817881788234 -21.5665211658365905
78.8378837883788606 -8.0266989941814479
78.8578857885788693 2.1016989776979340
78.8778877887788781 -2.4767418294065049
78.8978897889789152 -15.5173224771904223
78.9178917891789240 -18.3219598327297888
78.9378937893789328 -0.7251213792541957
78.9578957895789699 -10.8286546933209227
78.9778977897789787 -5.6806136529653841
78.9978997899790158 -3.6140296289051737
79.0179017901790246 -7.6341276522206174
79.0379037903790334 -17.4772342477345966
79.0579057905790705 -15.5458233246442425
79.0779077907790793 -8.5912551390465062
79.0979097909791165 -11.8118405387763126
79.1179117911791252 0.0196358805850299
79.1379137913791340 -17.7217228314854331
79.1579157915791711 -18.8635127752109177
79.1779177917791799 -17.6784892178864936
79.1979197919792171 -14.5149437743498595
79.2179217921792258 -3.8406196830036716
79.2379237923792346 -10.3402162776894020
79.2579257925792717 -0.1408656544262286
79.2779277927792805 -12.8883545560723629
79.2979297929793177 -7.3892429731605302
79.3179317931793264 -22.0311703717762377
79.3379337933793352 -5.5429726042938929
79.3579357935793723 -21.0959979081709541
79.3779377937793811 -18.8204944503790941
79.3979397939794183 -17.8261965944205514
79.4179417941794270 -11.5033906722353425
79.4379437943794358 -9.6550856913891341
79.4579457945794729 -16.8281200280855820
79.4779477947794817 -23.0059575599686568
79.4979497949795189 -13.3410720375777316
79.5179517951795276 -1.7866054392072446
79.5379537953795364 -10.4943207174670370
79.5579557955795735 1.1482322442486996
79.5779577957795823 -4.4831159167932819
79.5979597959796195 -13.3409993955395549
79.6179617961796282 -7.8857572133312663
79.6379637963796370 -6.3382675297852877
79.6579657965796741 -19.8866917880133087
79.6779677967796829 -16.6344321849735479
79.6979697969797201 -6.0916693345754567
79.7179717971797288 -1.1829729756309844
79.7379737973797376 -6.7236495616626737
79.7579757975797747 -16.7820182595188392
79.7779777977797835 -10.9986624595285765
79.7979797979798207 -4.6201384195352677
79.8179817981798294 -3.7713870600426675
79.8379837983798382 -15.1283163551325011
79.8579857985798753 -14.2708803373848170
79.8779877987798841 -8.6249482493095275
79.8979897989798928 -0.0493353625566497
79.9179917991799300 -8.4539056131014707
79.9379937993799388 -4.5854969847075804
79.9579957995799759 -6.1025143699030000
79.9779977997799847 -14.3301884537158237
79.9979997999799934 8.8133707189639523
80.0180018001800306 -29.0984280332544074
80.0380038003800394 -11.5616800184608763
80.0580058005800765 -14.2162343003650431
80.0780078007800853 -14.1969983658645766
80.0980098009800940 2.8464243399886611
80.1180118011801312 1.0926981245419407
80.1380138013801400 -3.4380135660792304
80.1580158015801771 8.0077008177471036
80.1780178017801859 8.3101042850864530
80.1980198019801946 -15.4200219810379053
80.2180218021802318 -12.7606662741184671
80.2380238023802406 -9.2277363256412990
80.2580258025802777 -2.1918934404506247
80.2780278027802865 -28.6307116587495400
80.2980298029802952 12.0017139179321859
80.3180318031803324 -9.0392631332574886
80.3380338033803412 -8.0243422666413284
80.3580358035803783 -18.3157240906993692
80.3780378037803871 -5.6512191333724369
80.3980398039803958 -3.6316725863172348
80.4180418041804330 1.0553815879010395
80.4380438043804418 -4.9912188564701809
80.4580458045804789 10.1072404910670564
80.4780478047804877 3.9967455117965036
80.4980498049804964 2.3958902788595706
80.5180518051805336 1.3719896793505058
80.5380538053805424 2.1329324407204329
80.5580558055805795 -21.1256174645337467
80.5780578057805883 -13.6295076143617351
80.5980598059805970 9.1805024203504004
80.6180618061806342 -4.3197813441114361
80.6380638063806430 -7.5408762118365820
80.6580658065806801 1.4976191509340935
80.6780678067806889 -2.8943626326272618
80.6980698069806976 -0.9977775969631906
80.7180718071807348 -9.3087511456964247
80.7380738073807436 -7.3142936415944568
80.7580758075807807 -13.5372550361572017
80.7780778077807895 -2.0683785222848736
80.7980798079807983 -11.2912641885727432
80.8180818081808354 -1.9114463897549983
80.8380838083808442 5.3867976163117959
80.8580858085808529 2.5403548594120435
80.8780878087808901 7.9396387055945574
80.8980898089808989 -18.3341032353970412
80.9180918091809360 -17.8322928768753108
80.9380938093809448 -0.0266293738563768
80.9580958095809535 5.5171935659897500
80.9780978097809907 -17.1383882098570020
80.9980998099809995 1.4489064148193529
81.0181018101810366 -2.1980001000825427
81.0381038103810454 -5.4399536665384920
81.0581058105810541 5.9241004401718493
81.0781078107810913 1.0902090985125346
81.0981098109811001 12.2117710788960885
81.1181118111811372 3.0924428210885306
81.1381138113811460 -0.9257121308817888
81.1581158115811547 1.5142956004174899
81.1781178117811919 0.2597361764027110
81.1981198119812007 -1.2076379834796354
81.2181218121812378 4.7032722698571972
81.2381238123812466 -10.1544986486932345
81.2581258125812553 -0.8878549674724761
81.2781278127812925 -9.6353764081387965
81.2981298129813013 -1.1456671395220464
81.3181318131813384 -14.0818384815164226
81.3381338133813472 1.7934852172675755
81.3581358135813559 -8.3815271519056083
81.3781378137813931 10.2609217557406414
81.3981398139814019 4.3210058993216851
81.4181418141814390 -3.5125133731014557
81.4381438143814478 -0.6233414589035238
81.4581458145814565 -1.4693386821803724
81.4781478147814937 -18.0546013935888219
81.4981498149815025 4.2522962594788343
81.5181518151815396 -15.9362949541987948
81.5381538153815484 -12.1810162672223967
81.5581558155815571 9.0007006757655379
81.5781578157815943 8.2079178311802181
81.5981598159816031 -9.0306125723965742
81.6181618161816402 -0.4995392373332848
81.6381638163816490 -4.8346569517447229
81.6581658165816577 -4.5118804072309704
81.6781678167816949 7.7209442957745340
81.6981698169817037 -1.0058571307134070
81.7181718171817408 9.4939133908127005
81.7381738173817496 -6.1864026810985493
81.7581758175817583 -4.0603263658542676
81.7781778177817955 15.1196600060512463
81.7981798179818043 -5.8256330943080137
81.8181818181818130 15.6543161598269638
81.8381838183818502 3.1227932955077105
81.8581858185818589 22.0974996202031946
81.8781878187818961 0.2155061974322856
81.8981898189819049 -7.8690250897917196
81.9181918191819136 7.7640013896165101
81.9381938193819508 18.4984123622174756
81.9581958195819595 5.8049239590693524
81.9781978197819967 13.7404561939725038
81.9981998199820055 0.9923360445997775
82.0182018201820142 13.9529333421381594
82.0382038203820514 10.9371368702312655
82.0582058205820601 7.5647075208712575
82.0782078207820973 -2.3341892085036582
82.0982098209821061 3.3082972912098376
82.1182118211821148 3.7467798615388426
82.1382138213821520 13.4830237009569576
82.1582158215821607 -10.5365694554630434
82.1782178217821979 1.7283617569005760
82.1982198219822067 7.0803681202452200
82.2182218221822154 6.2676096308949329
82.2382238223822526 1.6975940293099709
82.2582258225822613 -10.3193725460287329
82.2782278227822985 -0.8744414107899576
82.2982298229823073 -0.2668992324044552
82.3182318231823160 0.9511661832190139
82.3382338233823532 5.3356103614230861
82.3582358235823619 23.1865236352524846
82.3782378237823991 0.6573513805530311
82.3982398239824079 5.6450846332780156
82.4182418241824166 2.8647794319298749
82.4382438243824538 20.6210152750377347
82.4582458245824625 -8.3212548022957549
82.4782478247824997 28.7272792081669941
82.4982498249825085 -3.8094584362243378
82.5182518251825172 3.6920029464323245
82.5382538253825544 -0.5047533848802495
82.5582558255825631 -1.6183500348538127
82.5782578257826003 4.1970593250766424
82.5982598259826091 9.4234755490230793
82.6182618261826178 0.2394622031853322
82.6382638263826550 4.1081046133583943
82.6582658265826637 14.4152461571298005
82.6782678267827009 18.8542635366535620
82.6982698269827097 -1.3832684814993677
82.7182718271827184 -4.5574143448787634
82.7382738273827556 -3.9178689988769619
82.7582758275827644 13.1307521039530553
82.7782778277827731 0.5265305868840402
82.7982798279828103 19.4656352191700961
82.8182818281828190 15.6350124512148803
82.8382838283828562 0.9081276162064764
82.8582858285828650 1.5665864600297610
82.8782878287828737 22.4022657727604795
82.8982898289829109 4.7343641477411138
82.9182918291829196 0.0749165362607629
82.9382938293829568 21.9954219907121313
82.9582958295829656 13.2470274990924608
82.9782978297829743 22.0916692324789103
82.9982998299830115 -0.0700374404832136
83.0183018301830202 11.0936355951400678
83.0383038303830574 -4.6881113032774788
83.0583058305830662 9.1658901039051948
83.0783078307830749 -4.3417068276319739
83.0983098309831121 12.6709391158575091
83.1183118311831208 -1.6250255107418177
83.1383138313831580 3.3901379309120765
83.1583158315831668 12.2943279361217837
83.1783178317831755 28.6323359542032385
83.1983198319832127 8.5408819278592887
83.2183218321832214 6.6443048693391464
83.2383238323832586 10.5148108357357692
83.2583258325832674 17.4323480605333359
83.2783278327832761 15.4354372496851866
83.2983298329833133 -3.5250330148917985
83.3183318331833220 11.9083879532957067
83.3383338333833592 -7.5751220076408412
83.3583358335833680 -3.2471939702708958
83.3783378337833767 4.7117335301096226
83.3983398339834139 14.7632606497584220
83.4183418341834226 6.1792678045750149
83.4383438343834598 17.1392582391735786
83.4583458345834686 -1.2574852485462937
83.4783478347834773 -0.4387337360520629
83.4983498349835145 9.7249044698987106
83.5183518351835232 9.6895846875206306
83.5383538353835604 -3.0083573159620318
83.5583558355835692 2.6551017069909211
83.5783578357835779 14.4133021254910965
83.5983598359836151 12.6226704785888639
83.6183618361836238 14.6280463126588494
83.6383638363836610 17.4898131145354903
83.6583658365836698 27.4370243901125939
83.6783678367836785 13.0016467255041501
83.6983698369837157 18.3874080702405465
83.7183718371837244 12.1330286949220412
83.7383738373837332 16.1066071855481461
83.7583758375837704 11.1233649766878049
83.7783778377837791 11.7852608959161405
83.7983798379838163 11.5585516596949986
83.8183818381838250 17.3742757947622515
83.8383838383838338 10.0596378844070085
83.8583858385838710 1.0835732942769667
83.8783878387838797 9.5605320390369144
83.8983898389839169 13.8412381661822295
83.9183918391839256 22.7416617017464304
83.9383938393839344 21.0751858207119085
83.9583958395839716 0.3667242857667876
83.9783978397839803 3.6459776727830082
83.9983998399840175 24.8341751772899073
84.0184018401840262 4.6504177099385489
84.0384038403840350 17.5094024231697745
84.0584058405840722 31.9011365082143001
84.0784078407840809 8.5673761628420841
84.0984098409841181 -0.2952450982015051
84.1184118411841268 27.4868414408031327
84.1384138413841356 9.2936650573631923
84.1584158415841728 -2.2359774996668129
84.1784178417841815 2.2089733296160308
84.1984198419842187 26.6801990727021625
84.2184218421842274 15.4194720567542216
84.2384238423842362 18.7515757077820666
84.2584258425842734 12.1666302915216917
84.2784278427842821 5.4777655485716403
84.2984298429843193 12.9918014439726139
84.3184318431843280 26.9027097894727483
84.3384338433843368 13.3894136205130483
84.3584358435843740 17.5129094582023370
84.3784378437843827 5.4969596917427204
84.3984398439844199 14.1445206874803233
84.4184418441844286 21.2885858196298159
84.4384438443844374 2.6385498488652228
84.4584458445844746 19.3074726357784812
84.4784478447844833 29.8972025275914959
84.4984498449845205 15.3564254224694672
84.5184518451845292 12.7581108947722122
84.5384538453845380 19.9716861839645503
84.5584558455845752 10.5663378767104170
84.5784578457845839 23.9374634238196649
84.5984598459846211 13.0173443640459077
84.6184618461846298 7.4259472516573801
84.6384638463846386 27.4187051245298932
84.6584658465846758 25.8122114487216976
84.6784678467846845 4.9947642193284132
84.6984698469847217 4.0306870529006780
84.7184718471847304 14.0145509107681505
84.7384738473847392 18.9219724499929249
84.7584758475847764 7.6629360112838922
84.7784778477847851 -3.2639953591081987
84.7984798479847939 12.2950255766221979
84.8184818481848311 12.3617857821366623
84.8384838483848398 15.6538452574993077
84.8584858485848770 20.7363588625195838
84.8784878487848857 15.8601611968119247
84.8984898489848945 20.6574944443961712
84.9184918491849317 17.8213234666270139
84.9384938493849404 7.4890074632984405
84.9584958495849776 15.2421193290769121
84.9784978497849863 5.9969220510310297
84.9984998499849951 11.4822821405200948
85.0185018501850323 6.0174843394084636
85.0385038503850410 23.1955239458955944
85.0585058505850782 13.3877773072512714
85.0785078507850869 20.8289114761549250
85.0985098509850957 12.1506921533411028
85.1185118511851329 12.8219174960749491
85.1385138513851416 30.3679265591549310
85.1585158515851788 4.1688711458943697
85.1785178517851875 9.4948801139299839
85.1985198519851963 8.6959217964888236
85.2185218521852335 1.2633127026222386
85.2385238523852422 16.5117665115405785
85.2585258525852794 14.3179424842971645
85.2785278527852881 5.4685216467390436
85.2985298529852969 29.5010573578680102
85.3185318531853341 33.9643713488760710
85.3385338533853428 23.5566909408003724
85.3585358535853800 30.5626676599187874
85.3785378537853887 27.2779427092071955
85.3985398539853975 19.4769144399775556
85.4185418541854347 4.5381279625176916
85.4385438543854434 16.4429267813495237
85.4585458545854806 10.8517264074926167
85.4785478547854893 23.2966676161522024
85.4985498549854981 11.9640144298095823
85.5185518551855353 14.5265544984914587
85.5385538553855440 15.3011593022479833
85.5585558555855812 29.5047820693498934
85.5785578557855899 29.3070818917091032
85.5985598559855987 19.7110167798720575
85.6185618561856359 24.9664645386140194
85.6385638563856446 11.7059207782111621
85.6585658565856818 14.2454790952948436
85.6785678567856905 12.0614605588791104
85.6985698569856993 17.5479494650374797
85.7185718571857365 19.1930944394085152
85.7385738573857452 31.0352421163279679
85.7585758575857540 13.4452405863522966
85.7785778577857911 21.4300165242286127
85.7985798579857999 18.4686216378258656
85.8185818581858371 6.5399894697528769
85.8385838583858458 21.8554294495295345
85.8585858585858546 26.6220440453904956
85.8785878587858917 16.9501352689589062
85.8985898589859005 14.9554170726466111
85.9185918591859377 9.9565106656089544
85.9385938593859464 25.5600426165921846
85.9585958595859552 32.2066365053857950
85.9785978597859923 27.4858857172859175
85.9985998599860011 19.7966484907619318
86.0186018601860383 14.6902692594244968
86.0386038603860470 27.6095300844787310
86.0586058605860558 19.8753336939042562
86.0786078607860929 16.2828747828100617
86.0986098609861017 12.8459987393568973
86.1186118611861389 25.3522579441810052
86.1386138613861476 17.7629587300750487
86.1586158615861564 20.0181991193440538
86.1786178617861935 -4.7159908066836707
86.1986198619862023 28.5973241586322828
86.2186218621862395 23.1936996151977048
86.2386238623862482 16.7630521185747625
86.2586258625862570 19.2533488121144600
86.2786278627862941 34.8577522025647610
86.2986298629863029 33.3600653228058022
86.3186318631863401 19.2899928656765880
86.3386338633863488 21.7353899000508335
86.3586358635863576 20.8455001648230223
86.3786378637863947 23.3358808118980399
86.3986398639864035 29.7182298653532371
86.4186418641864407 9.5012189922384636
86.4386438643864494 28.7961587692424104
86.4586458645864582 26.6300452364864526
86.4786478647864953 30.5700923243419282
86.4986498649865041 17.6734102773772079
86.5186518651865413 28.1539551262408949
86.5386538653865500 31.0258805148951780
86.5586558655865588 30.2328745534817642
86.5786578657865959 21.0338064622174912
86.5986598659866047 9.1492678861455889
86.6186618661866419 31.5622523858323056
86.6386638663866506 36.3198944002704351
86.6586658665866594 15.8636516509089418
86.6786678667866965 18.2268188893025176
86.6986698669867053 20.0167873734504376
86.7186718671867141 21.0491684527104184
86.7386738673867512 35.5273423379600359
86.7586758675867600 32.0187572189733203
86.7786778677867972 24.0719197936021807
86.7986798679868059 17.2971768171402971
86.8186818681868147 21.3882252624300335
86.8386838683868518 7.4090471755246288
86.8586858685868606 21.2152259167096346
86.8786878687868978 23.2968268864718873
86.8986898689869065 26.5626431722465561
86.9186918691869153 15.5067004480646169
86.9386938693869524 28.3798793208568405
86.9586958695869612 28.7875844948250474
86.9786978697869984 38.9431326539825520
86.9986998699870071 24.8916092781522735
87.0187018701870159 27.0070597093437073
87.0387038703870530 30.6260182188438144
87.0587058705870618 43.8282624273053329
87.0787078707870990 21.0837111478060706
87.0987098709871077 38.3217996239830896
87.1187118711871165 21.2903948301769930
87.1387138713871536 25.1697617769747133
87.1587158715871624 29.7309651957212395
87.1787178717871996 18.6209791798699804
87.1987198719872083 31.2972641638872844
87.2187218721872171 25.4733363261144525
87.2387238723872542 23.8802163354725074
87.2587258725872630 32.1540999113726329
87.2787278727873002 11.0158104823836194
87.2987298729873089 26.4444965692597442
87.3187318731873177 25.1747822442226692
87.3387338733873548 30.0944004822267885
87.3587358735873636 27.6837580896270872
87.3787378737874008 15.7804488114993813
87.3987398739874095 24.6845615246600723
87.4187418741874183 14.5371750556758581
87.4387438743874554 27.1851378397250905
87.4587458745874642 22.1907705583636599
87.4787478747875014 24.3065205513980871
87.4987498749875101 25.5372576442371439
87.5187518751875189 24.1753003142275169
87.5387538753875560 25.0151336313621862
87.5587558755875648 30.5126099778735984
87.5787578757876020 19.7414963605309808
87.5987598759876107 25.6522246961779778
87.6187618761876195 18.1255123152718909
87.6387638763876566 11.5283982560334834
87.6587658765876654 19.5296368830641498
87.6787678767876741 31.1487272842234475
87.6987698769877113 34.5775748548655315
87.7187718771877201 22.6756489359307984
87.7387738773877572 41.6145030121076900
87.7587758775877660 12.2020324734291243
87.7787778777877747 28.7942347507771146
87.7987798779878119 12.8069182282194767
87.8187818781878207 38.3186784671572411
87.8387838783878578 17.1983046274083016
87.8587858785878666 27.4435014693923591
87.8787878787878753 25.4655487714902478
87.8987898789879125 27.0155966300817560
87.9187918791879213 26.6753947178575963
87.9387938793879584 27.1445933145789269
87.9587958795879672 14.9173245046865155
87.9787978797879759 27.4374902529609770
87.9987998799880131 22.2484679459229362
88.0188018801880219 6.7864962425191244
88.0388038803880590 30.4431345001068152
88.0588058805880678 14.7094174306236010
88.0788078807880765 39.5912677693613801
88.0988098809881137 36.9449864824826477
88.1188118811881225 26.9662455015960596
88.1388138813881596 22.8255115795953358
88.1588158815881684 24.2837385904714012
88.1788178817881771 9.8129436173397622
88.1988198819882143 26.3403763136566837
88.2188218821882231 26.2468640729396157
88.2388238823882602 32.3425562530322139
88.2588258825882690 21.3618225312946244
88.2788278827882777 32.0631161304450956
88.2988298829883149 32.5223565776902461
88.3188318831883237 30.8907605314451530
88.3388338833883608 34.0985295000460482
88.3588358835883696 31.3993565262712337
88.3788378837883783 37.5667136016028138
88.3988398839884155 32.0885349011927730
88.4188418841884243 21.9282681923230172
88.4388438843884614 17.1766983035614551
88.4588458845884702 26.2310147863162548
88.4788478847884790 26.0981103635588809
88.4988498849885161 29.4543334001922261
88.5188518851885249 37.8959532570372346
88.5388538853885620 30.1506839324932798
88.5588558855885708 42.6163039924326910
88.5788578857885796 27.8223755493551579
88.5988598859886167 11.2720886164348375
88.6188618861886255 28.7504007297723021
88.6388638863886342 26.9195557420336193
88.6588658865886714 25.1140561401197679
88.6788678867886802 32.0738076017699569
88.6988698869887173 22.5451607160803533
88.7188718871887261 31.1796134471965480
88.7388738873887348 28.4514306607277163
88.7588758875887720 23.8335349923547071
88.7788778877887808 22.2693333242623588
88.7988798879888179 24.0715872693820359
88.8188818881888267 32.7924268454780545
88.8388838883888354 26.0705687611922592
88.8588858885888726 41.4528760676185470
88.8788878887888814 27.7598898494436810
88.8988898889889185 12.9956689455189593
88.9188918891889273 41.9154553459190993
88.9388938893889360 28.2224176609161184
88.9588958895889732 34.3435059360043766
88.9788978897889820 33.8667192704093978
88.9988998899890191 16.6754877254163247
89.0189018901890279 44.9529903141966827
89.0389038903890366 25.4449698389313710
89.0589058905890738 32.5219809766882619
89.0789078907890826 13.2957705050506227
89.0989098909891197 26.2651580507360691
89.1189118911891285 24.4791340279845002
89.1389138913891372 39.6901713952215545
89.1589158915891744 30.5710785631650452
89.1789178917891832 18.1175276384765134
89.1989198919892203 24.6748789131480635
89.2189218921892291 34.9091043979113351
89.2389238923892378 24.7976670637272036
89.2589258925892750 16.1201000140689885
89.2789278927892838 29.0665905214542200
89.2989298929893209 31.2914669998359010
89.3189318931893297 44.2037081557712455
89.3389338933893384 20.8386210774733982
89.3589358935893756 38.2925910062525858
89.3789378937893844 28.4254698320672929
89.3989398939894215 36.3529663929141194
89.4189418941894303 27.7112185258656467
89.4389438943894390 11.4815501713549697
89.4589458945894762 39.6449604077528477
89.4789478947894850 46.7415562122302362
89.4989498949895221 32.9802354975053476
89.5189518951895309 25.2708683177775200
89.5389538953895396 17.3886700449251634
89.5589558955895768 15.8897674867129588
89.5789578957895856 11.1995033339402426
89.5989598959895943 18.3110927739105378
89.6189618961896315 42.7959013353788720
89.6389638963896402 21.3927024133563464
89.6589658965896774 21.6834743193354313
89.6789678967896862 24.3242710222405911
89.6989698969896949 29.0176704426216538
89.7189718971897321 33.6479576322197005
89.7389738973897408 28.0159339945180008
89.7589758975897780 25.5393257413495682
89.7789778977897868 31.8105406346530515
89.7989798979897955 20.9278424159893532
89.8189818981898327 17.6495268839369892
89.8389838983898414 27.7067341350898992
89.8589858985898786 19.0786207519095257
89.8789878987898874 35.2552333847823078
89.8989898989898961 26.7936125528968603
89.9189918991899333 32.4444063002306819
89.9389938993899420 11.6267486374207643
89.9589958995899792 25.4719173909520009
89.9789978997899880 29.9943761463678484
89.9989998999899967 26.6699018138223529
90.0190019001900339 29.9619125218809437
90.0390039003900426 23.6807486982547744
90.0590059005900798 21.8581381056620785
90.0790079007900886 5.9196725284954930
90.0990099009900973 33.0283979678546658
90.1190119011901345 38.8036940220561632
90.1390139013901432 29.5445321713675604
90.1590159015901804 28.1113315978018576
90.1790179017901892 27.2743961341892884
90.1990199019901979 24.3170569001503836
90.2190219021902351 13.0265443445681424
90.2390239023902438 31.2396278665790916
90.2590259025902810 31.0731326599251290
90.2790279027902898 23.3951443651086919
90.2990299029902985 24.0955629671321780
90.3190319031903357 14.8204065360742891
90.3390339033903444 20.9190943492627284
90.3590359035903816 28.3130643647791587
90.3790379037903904 22.6673343119815875
90.3990399039903991 18.3140737244654375
90.4190419041904363 33.4089066710619704
90.4390439043904451 29.5500886957517821
90.4590459045904822 49.1043639988748168
90.4790479047904910 24.7705792891875411
90.4990499049904997 24.2543976862057029
90.5190519051905369 2.9859051357621382
90.5390539053905457 24.9451020459785191
90.5590559055905544 24.7482608814396485
90.5790579057905916 29.9184765523678493
90.5990599059906003 16.3789332620432049
90.6190619061906375 25.1813966202411308
90.6390639063906463 22.4645490748978354
90.6590659065906550 32.4968698890816583
90.6790679067906922 37.9610492638584418
90.6990699069907009 14.5987094369244801
90.7190719071907381 33.3437634992193921
90.7390739073907469 30.9676528772435091
90.7590759075907556 22.7788878763347498
90.7790779077907928 22.3700222856134374
90.7990799079908015 28.7639759754268418
90.8190819081908387 32.4185596357317536
90.8390839083908475 16.5426200105109373
90.8590859085908562 32.4797499294825442
90.8790879087908934 15.2286611873058924
90.8990899089909021 26.4696167882735161
90.9190919091909393 32.2195332339183906
90.9390939093909481 37.9198155204174583
90.9590959095909568 13.4745805710923019
90.9790979097909940 31.0280690893117139
90.9990999099910027 22.8195598073667512
91.0191019101910399 32.2953332876764563
91.0391039103910487 32.3946264648013482
91.0591059105910574 14.8584449002359076
91.0791079107910946 22.4740908381510032
91.0991099109911033 25.5992419144104417
91.1191119111911405 32.2540158070062262
91.1391139113911493 19.3404990640557699
91.1591159115911580 29.2008279703628695
91.1791179117911952 30.0479407954249815
91.1991199119912039 11.2479991458387989
91.2191219121912411 18.3299636085137010
91.2391239123912499 26.6478890887109401
91.2591259125912586 22.9694880465658713
91.2791279127912958 22.7539212870262695
91.2991299129913045 26.6644525945549553
91.3191319131913417 36.6830254908877365
91.3391339133913505 36.7106403433213444
91.3591359135913592 13.2391394101680291
91.3791379137913964 36.9257767787514268
91.3991399139914051 30.4124854567082572
91.4191419141914423 16.7082090697377339
91.4391439143914511 24.8240035114731121
91.4591459145914598 20.1690931467441743
91.4791479147914970 13.4617255313812958
91.4991499149915057 32.2137297651229346
91.5191519151915145 17.5899683156311042
91.5391539153915517 35.0069876278487797
91.5591559155915604 29.2685896001496353
91.5791579157915976 18.9616362007533503
91.5991599159916063 28.9098157877660533
91.6191619161916151 27.0992187972634824
91.6391639163916523 40.2525361101887711
91.6591659165916610 12.8922034576811555
91.6791679167916982 11.8825933488019206
91.6991699169917069 40.1074959196738661
91.7191719171917157 30.7536472142848680
91.7391739173917529 32.4918420136765747
91.7591759175917616 18.7495611822256869
91.7791779177917988 27.8425693969082708
91.7991799179918075 23.5694440535566265
91.8191819181918163 25.2940813865498946
91.8391839183918535 31.6234555960924126
91.8591859185918622 14.4822289475337520
91.8791879187918994 21.6222764150611795
91.8991899189919081 23.5469574842873257
91.9191919191919169 2.5610137231474397
91.9391939193919541 27.6158557958000976
91.9591959195919628 26.3314325186063165
91.9791979197920000 23.9847285073681675
91.9991999199920087 16.7426668065499271
92.0192019201920175 5.9246061540270496
92.0392039203920547 25.7168409932367510
92.0592059205920634 23.3266206399029130
92.0792079207921006 18.9839700244782676
92.0992099209921093 35.6851019723217746
92.1192119211921181 16.7124064837852657
92.1392139213921553 31.0114816871803640
92.1592159215921640 32.8119511153213210
92.1792179217922012 16.9276297862772083
92.1992199219922099 4.4488953483439211
92.2192219221922187 31.9762450306322066
92.2392239223922559 24.5794549335061383
92.2592259225922646 35.2009551174928461
92.2792279227923018 23.2930310771814035
92.2992299229923105 28.3729611718188472
92.3192319231923193 34.6541250706090551
92.3392339233923565 21.0677675520705279
92.3592359235923652 15.7318392645030460
92.3792379237924024 16.1810888519532128
92.3992399239924111 28.3505323199896253
92.4192419241924199 37.7112634619995859
92.4392439243924571 29.8110297865310798
92.4592459245924658 14.3333764071125120
92.4792479247924746 25.8298387886112337
92.4992499249925118 25.0798408167012248
92.5192519251925205 22.5704152383777270
92.5392539253925577 13.4362699266413053
92.5592559255925664 20.0824740793080636
92.5792579257925752 25.9062681571660072
92.5992599259926124 28.5960919691636803
92.6192619261926211 12.6850410772264315
92.6392639263926583 19.8076647884772470
92.6592659265926670 21.4006235890886209
92.6792679267926758 30.3183337463542166
92.6992699269927130 23.6893115063672539
92.7192719271927217 16.3021652541208333
92.7392739273927589 23.6329442601354636
92.7592759275927676 18.1349374393863982
92.7792779277927764 19.5318164873237343
92.7992799279928136 14.3330686779664873
92.8192819281928223 38.7868474753737331
92.8392839283928595 16.9797900861658633
92.8592859285928682 8.2809175313411227
92.8792879287928770 15.3353739200505341
92.8992899289929142 22.7128502961329666
92.9192919291929229 20.9308284868390615
92.9392939293929601 9.3117512325546183
92.9592959295929688 21.7126422446009997
92.9792979297929776 23.1651417766256600
92.9992999299930148 34.2090829657259121
93.0193019301930235 14.1413188429119572
93.0393039303930607 27.1215811523786314
93.0593059305930694 30.6283918496046290
93.0793079307930782 27.9011699287881179
93.0993099309931154 40.7865224335861569
93.1193119311931241 9.4246119380006110
93.1393139313931613 17.5412494251796396
93.1593159315931700 31.9968568701753746
93.1793179317931788 30.4148445924546103
93.1993199319932160 26.7869865281010888
93.2193219321932247 14.6751408145848856
93.2393239323932619 8.4563229942016669
93.2593259325932706 14.4394293996382590
93.2793279327932794 23.2825302473086033
93.2993299329933166 26.9675732480646246
93.3193319331933253 20.5285001440873494
93.3393339333933625 22.5569610598130730
93.3593359335933712 24.7469389063728720
93.3793379337933800 10.2808922169431458
93.3993399339934172 16.9037101349765138
93.4193419341934259 21.0529157392449235
93.4393439343934347 31.9918939188288327
93.4593459345934718 0.6123353814654635
93.4793479347934806 20.5153299854100553
93.4993499349935178 15.6901167392425798
93.5193519351935265 28.3018591151809531
93.5393539353935353 13.5468089536687142
93.5593559355935724 23.7143759537876804
93.5793579357935812 20.7237887554958604
93.5993599359936184 34.6283193730566978
93.6193619361936271 18.2620575746372964
93.6393639363936359 7.3143625307402722
93.6593659365936730 15.9140857077856062
93.6793679367936818 24.8489582260828286
93.6993699369937190 5.1687764396458551
93.7193719371937277 8.6828813056679301
93.7393739373937365 8.4777514944223835
93.7593759375937736 15.6212205414652701
93.7793779377937824 24.8264535576733820
93.7993799379938196 8.2609764209387571
93.8193819381938283 19.1931442575758773
93.8393839383938371 19.6790580314741490
93.8593859385938742 16.7492298065284935
93.8793879387938830 2.6959700578050487
93.8993899389939202 5.8203453457846503
93.9193919391939289 10.8681165694446218
93.9393939393939377 17.6597811697340461
93.9593959395939748 13.8834942963186094
93.9793979397939836 26.2033499097015223
93.9993999399940208 15.8319092967344748
94.0194019401940295 21.6168173025051047
94.0394039403940383 27.8882314381163212
94.0594059405940754 17.2353743685375456
94.0794079407940842 2.7404289910724913
94.0994099409941214 22.1388269059599558
94.1194119411941301 4.0891483363595178
94.1394139413941389 29.1812302957639247
94.1594159415941760 3.4121521149217813
94.1794179417941848 3.1206384705148853
94.1994199419942220 15.7659774865779614
94.2194219421942307 0.4348904432463829
94.2394239423942395 21.6457914794292670
94.2594259425942766 16.1448678821464569
94.2794279427942854 14.8469649905619931
94.2994299429943226 12.3494438876684267
94.3194319431943313 16.4048103279550581
94.3394339433943401 7.3633025580703668
94.3594359435943772 11.8577106855396579
94.3794379437943860 21.1801788229614374
94.3994399439943948 5.6756788902131188
94.4194419441944319 23.0638223719824040
94.4394439443944407 5.8456437368804171
94.4594459445944779 8.2674996259612747
94.4794479447944866 1.1840607577523432
94.4994499449944954 16.2580033565915727
94.5194519451945325 13.6006055654138187
94.5394539453945413 20.5118496647771238
94.5594559455945785 23.4202322528371738
94.5794579457945872 13.3233140393592180
94.5994599459945960 -1.6304395544260029
94.6194619461946331 7.4643266870932470
94.6394639463946419 7.2456119027435930
94.6594659465946791 15.7640607185876789
94.6794679467946878 12.6946418184870904
94.6994699469946966 -2.3260531093590942
94.7194719471947337 -7.7460168339864648
94.7394739473947425 15.2760785712125653
94.7594759475947797 1.5712430917527662
94.7794779477947884 14.2727932144711627
94.7994799479947972 13.3588738854369300
94.8194819481948343 24.1932956084055597
94.8394839483948431 23.6224387466797694
94.8594859485948803 6.2726804874723792
94.8794879487948890 16.0740316208609357
94.8994899489948978 6.4639943869817929
94.9194919491949349 23.4633038497159632
94.9394939493949437 18.7688085634296620
94.9594959495949809 10.6402964014197750
94.9794979497949896 12.1902051900662798
94.9994999499949984 12.2374038953335145
95.0195019501950355 7.3904230969626017
95.0395039503950443 -5.6957833613344704
95.0595059505950815 4.6027005046751253
95.0795079507950902 15.3767255776260363
95.0995099509950990 12.4019297401009929
95.1195119511951361 18.3079358578362488
95.1395139513951449 3.7940296832672651
95.1595159515951821 10.9649131424345381
95.1795179517951908 22.7291198880090377
95.1995199519951996 8.8274394842863000
95.2195219521952367 9.8360832104338574
95.2395239523952455 15.7606158558888616
95.2595259525952827 19.2413938216092610
95.2795279527952914 5.6579471386029496
95.2995299529953002 16.9710403399319354
95.3195319531953373 3.6803746699452451
95.3395339533953461 8.8054165074906532
95.3595359535953833 8.9582246553840523
95.3795379537953920 11.6397882662655974
95.3995399539954008 11.3111519840918682
95.4195419541954379 9.7521369575223691
95.4395439543954467 5.7977643312907485
95.4595459545954554 2.8810733462203921
95.4795479547954926 3.7113724549055176
95.4995499549955014 10.6966976284014095
95.5195519551955385 14.4313991739512169
95.5395539553955473 14.8209333848486615
95.5595559555955560 19.1853067901191459
95.5795579557955932 4.7831213809456887
95.5995599559956020 -8.8573807837465637
95.6195619561956391 10.9808390003794649
95.6395639563956479 -4.1239721302042787
95.6595659565956566 -2.7654538025439193
95.6795679567956938 1.5421280491222071
95.6995699569957026 1.3706412356178168
95.7195719571957397 5.8074128718702784
95.7395739573957485 8.1141204248569405
95.7595759575957572 17.4280963393500343
95.7795779577957944 8.9861338941136086
95.7995799579958032 17.3326874859031506
95.8195819581958403 -3.4190224355247447
95.8395839583958491 10.7435247897778368
95.8595859585958578 -2.1575225006709315
95.8795879587958950 -1.0643514074569076
95.8995899589959038 6.7172231703146519
95.9195919591959409 7.2248367498794259
95.9395939593959497 1.7855440606450865
95.9595959595959584 -4.0663108271275892
95.9795979597959956 -1.4208170236417363
95.9995999599960044 7.7676038139523573
96.0196019601960415 -15.3692171118615768
96.0396039603960503 -3.0189224912379622
96.0596059605960590 2.4558272523014431
96.0796079607960962 -1.1760264501960132
96.0996099609961050 -0.6876717096087255
96.1196119611961421 3.3911782382848012
96.1396139613961509 8.1091393955950082
96.1596159615961597 -12.0488973463481983
96.1796179617961968 4.6170440077088282
96.1996199619962056 -5.6486098723521714
96.2196219621962427 -3.8139988246535781
96.2396239623962515 2.6789816213243212
96.2596259625962603 -4.4228568152918708
96.2796279627962974 1.6373482819674010
96.2996299629963062 10.6001999893614034
96.3196319631963433 8.0054402640451130
96.3396339633963521 1.6504680683195914
96.3596359635963609 -6.5477715938879530
96.3796379637963980 -16.9113859196022887
96.3996399639964068 -13.6356149618502513
96.4196419641964155 0.2551384303656778
96.4396439643964527 -7.4088821881232079
96.4596459645964615 0.0659956090559786
96.4796479647964986 5.0316347987939265
96.4996499649965074 -1.8296650280462932
96.5196519651965161 -14.8148593650022704
96.5396539653965533 -15.3445238902259469
96.5596559655965621 -13.6859194740217873
96.5796579657965992 13.7960473014841902
96.5996599659966080 6.4670937409411611
96.6196619661966167 12.9033214973370747
96.6396639663966539 -8.0271361457557191
96.6596659665966627 -16.2467999634345333
96.6796679667966998 -8.9097030600729337
96.6996699669967086 -7.6889445227904121
96.7196719671967173 -5.0975770974643009
96.7396739673967545 13.8821374023566868
96.7596759675967633 -4.2442310912512404
96.7796779677968004 -10.5456696932463245
96.7996799679968092 -21.9001609707378257
96.8196819681968179 6.7330531163311322
96.8396839683968551 -2.2770007894737310
96.8596859685968639 -6.6068746280088835
96.8796879687969010 -8.5503334625503111
96.8996899689969098 -12.8758648895766825
96.9196919691969185 -17.6895418609336019
96.9396939693969557 -11.7532448777672869
96.9596959695969645 4.7396257535564725
96.9796979697970016 2.7949592856579404
96.9996999699970104 -6.8241723319442809
97.0197019701970191 -7.8684950851426025
97.0397039703970563 1.6417022388617877
97.0597059705970651 -0.2977794947467824
97.0797079707971022 -9.3132119131415756
97.0997099709971110 4.3361810702359751
97.1197119711971197 -12.1694806203785930
97.1397139713971569 -8.5423731080093308
97.1597159715971657 -17.2226064203816804
97.1797179717972028 -9.9267705288620611
97.1997199719972116 -13.5996570419313247
97.2197219721972203 -6.2277712764718833
97.2397239723972575 -5.7956805524201673
97.2597259725972663 -14.0249829779168458
97.2797279727973034 -12.9525545643040036
97.2997299729973122 -10.0355477126422841
97.3197319731973209 -18.5434561576473911
97.3397339733973581 -7.3853794171959892
97.3597359735973669 -1.1052284396289505
97.3797379737973756 -11.6279431394431363
97.3997399739974128 -10.8042565968243398
97.4197419741974215 -24.4390013474960170
97.4397439743974587 -9.3661513194733992
97.4597459745974675 -22.4166849278495732
97.4797479747974762 -4.9485091494020725
97.4997499749975134 -12.4096530366733582
97.5197519751975221 -9.6816648060580235
97.5397539753975593 -7.6557132859806334
97.5597559755975681 -12.4152365999685603
97.5797579757975768 -10.2211326742186106
97.5997599759976140 -5.9705085453223354
97.6197619761976227 -20.7190356616748694
97.6397639763976599 -8.8474079066878808
97.6597659765976687 -9.8959184510735234
97.6797679767976774 -12.6053773719369353
97.6997699769977146 -25.0352718318120004
97.7197719771977233 -10.9630182321245826
97.7397739773977605 -11.2520013825525282
97.7597759775977693 -28.4061265609896836
97.7797779777977780 -21.3533491578530032
97.7997799779978152 -34.5164402161115831
97.8197819781978239 -30.2236528352193972
97.8397839783978611 -35.5182434468042416
97.8597859785978699 -15.5179486806112426
97.8797879787978786 -29.3238307928600435
97.8997899789979158 -19.1572235057203173
97.9197919791979245 -28.8082546918495161
97.9397939793979617 -31.1666431309517939
97.9597959795979705 -15.6790477629633749
97.9797979797979792 -25.0446666309865762
97.9997999799980164 -10.5080996288665602
98.0198019801980251 -14.5282595803714383
98.0398039803980623 -27.0416906983413377
98.0598059805980711 -11.2791398953393625
98.0798079807980798 -15.6496900426105867
98.0998099809981170 -6.4112094990119921
98.1198119811981257 -14.1006692685095008
98.1398139813981629 -14.6536847658324145
98.1598159815981717 -12.0199410855007631
98.1798179817981804 -36.4285654463253294
98.1998199819982176 -26.5782077034346180
98.2198219821982264 -23.1053356971820065
98.2398239823982635 -39.3315519419402193
98.2598259825982723 -34.1892742555223919
98.2798279827982810 -25.3730388460173053
98.2998299829983182 -31.1587984984708299
98.3198319831983270 -26.7460435764697166
98.3398339833983357 -34.3534410296792245
98.3598359835983729 -34.9261763298535683
98.3798379837983816 -23.7066236786377900
98.3998399839984188 -26.9757326400130921
98.4198419841984276 -28.9841972721244368
98.4398439843984363 -24.8216188874586337
98.4598459845984735 -15.8766578180153637
98.4798479847984822 -22.6886090276629275
98.4998499849985194 -25.2580559043888719
98.5198519851985282 -35.8433591675440795
98.5398539853985369 -44.8042286272650259
98.5598559855985741 -36.7391432236022126
98.5798579857985828 -42.8689563334811439
98.5998599859986200 -27.2792718853839631
98.6198619861986288 -32.5027876099494080
98.6398639863986375 -16.9731657926359354
98.6598659865986747 -43.9426438565779023
98.6798679867986834 -28.8340379911083780
98.6998699869987206 -27.5874143612185598
98.7198719871987294 -26.5267892324991408
98.7398739873987381 -36.0673728816072625
98.7598759875987753 -37.7495994041554042
98.7798779877987840 -30.5531167007029616
98.7998799879988212 -30.7514387170114993
98.8198819881988300 -33.5094638244748424
98.8398839883988387 -53.2250221333718798
98.8598859885988759 -30.2139266043389583
98.8798879887988846 -48.1550561521671057
98.8998899889989218 -39.6580480112456542
98.9198919891989306 -32.7058501406289963
98.9398939893989393 -27.7695427427238215
98.9598959895989765 -44.1320557092223567
98.9798979897989852 -33.7280565628174571
98.9998999899990224 -35.5749649400287211
99.0199019901990312 -36.8837443633201119
99.0399039903990399 -48.2586218069058859
99.0599059905990771 -37.3068720508273870
99.0799079907990858 -38.0938515703774172
99.0999099909991230 -54.5239625492402809
99.1199119911991318 -52.3397519838798004
99.1399139913991405 -29.4005050441470352
99.1599159915991777 -34.1153175956078627
99.1799179917991864 -41.8452415942539275
99.1999199919992236 -32.4077416123799793
99.2199219921992324 -42.2438628928794202
99.2399239923992411 -44.2218199813051598
99.2599259925992783 -32.7839165967418467
99.2799279927992870 -39.7633247841744719
99.2999299929992958 -50.6094027112919065
99.3199319931993330 -26.7510566081034646
99.3399339933993417 -27.4373984811991249
99.3599359935993789 -47.6168658184272431
99.3799379937993876 -33.0717066720811417
99.3999399939993964 -29.7171799709087558
99.4199419941994336 -51.7404442020482165
99.4399439943994423 -62.3579662587996495
99.4599459945994795 -38.3067053277792482
99.4799479947994882 -57.0316129114605204
99.4999499949994970 -38.9180604327390611
99.5199519951995342 -48.7302703130104717
99.5399539953995429 -51.3968386386942271
99.5599559955995801 -56.6583429815287616
99.5799579957995888 -49.9843589358857230
99.5999599959995976 -35.2976109511398164
99.6199619961996348 -52.0032050987467045
99.6399639963996435 -46.0097375234818742
99.6599659965996807 -43.8478088100216183
99.6799679967996894 -50.3752505657584777
99.6999699969996982 -50.8235934422444444
99.7199719971997354 -66.4623749711099947
99.7399739973997441 -51.6715896677179458
99.7599759975997813 -55.7280415682137900
99.7799779977997900 -46.8064415443771438
99.7999799979997988 -58.6305672655492103
99.8199819981998360 -49.4976345191179874
99.8399839983998447 -41.4718531827757033
99.8599859985998819 -42.5380316399581915
99.8799879987998906 -58.8285662917045187
99.8999899989998994 -56.6280180481497695
99.9199919991999366 -56.6687622539699234
99.9399939993999453 -64.3605243207500450
99.9599959995999825 -54.4291598876095364
99.9799979997999912 -56.6554011141625580
100.0000000000000000 -45.2791725984893105
